user_id,persona,date,merchant,category,amount,payment_method,is_anomaly_synthetic
1,student,2026-03-05,Uber,Transport,10.13,Cash,False
1,student,2026-03-05,Coursera,Education,24.15,Debit Card,False
1,student,2026-03-06,Water Board,Utilities,50.61,Credit Card,False
1,student,2026-03-08,McDonalds,Dining,23.43,Mobile Wallet,False
1,student,2026-03-09,McDonalds,Dining,10.97,Credit Card,False
1,student,2026-03-11,Netflix,Entertainment,1.0,Debit Card,False
1,student,2026-03-11,Carrefour,Groceries,31.0,Credit Card,False
1,student,2026-03-12,Carrefour,Groceries,54.21,Mobile Wallet,False
1,student,2026-03-14,Spotify,Entertainment,17.09,Mobile Wallet,False
1,student,2026-03-16,Local Mart,Groceries,10.6,Credit Card,False
1,student,2026-03-16,Starbucks,Dining,3.21,Mobile Wallet,False
1,student,2026-03-16,Pizza Hut,Dining,10.8,Cash,False
1,student,2026-03-16,Careem,Transport,14.59,Debit Card,False
1,student,2026-03-16,Hospital,Healthcare,23.45,Credit Card,False
1,student,2026-03-16,Walmart,Groceries,55.46,Mobile Wallet,False
1,student,2026-03-18,Udemy,Education,53.28,Cash,False
1,student,2026-03-19,Pizza Hut,Dining,29.8,Cash,False
1,student,2026-03-20,Netflix,Entertainment,6.02,Mobile Wallet,False
1,student,2026-03-20,Uber,Transport,11.71,Mobile Wallet,False
1,student,2026-03-21,Walmart,Groceries,63.47,Cash,False
1,student,2026-03-22,Shell Gas,Transport,10.24,Debit Card,False
1,student,2026-03-23,Walmart,Groceries,45.36,Credit Card,False
1,student,2026-03-25,Coursera,Education,64.3,Cash,False
1,student,2026-03-25,McDonalds,Dining,19.76,Debit Card,False
1,student,2026-03-25,McDonalds,Dining,30.74,Mobile Wallet,False
1,student,2026-03-25,Local Mart,Groceries,35.62,Mobile Wallet,False
1,student,2026-03-25,Pizza Hut,Dining,14.04,Debit Card,False
1,student,2026-03-26,Cinema,Entertainment,12.11,Cash,False
1,student,2026-03-26,Water Board,Utilities,21.62,Cash,False
1,student,2026-03-28,McDonalds,Dining,17.73,Debit Card,False
1,student,2026-03-28,Starbucks,Dining,17.65,Debit Card,False
1,student,2026-03-30,Steam,Entertainment,3.31,Mobile Wallet,False
1,student,2026-03-30,Cinema,Entertainment,20.87,Debit Card,False
1,student,2026-03-31,Local Mart,Groceries,72.86,Credit Card,False
1,student,2026-04-01,Careem,Transport,17.19,Credit Card,False
1,student,2026-04-01,Cinema,Entertainment,2.77,Mobile Wallet,False
1,student,2026-04-02,Pizza Hut,Dining,14.43,Credit Card,False
1,student,2026-04-03,Starbucks,Dining,23.56,Cash,False
1,student,2026-04-03,Coursera,Education,36.5,Mobile Wallet,False
1,student,2026-04-04,Tuition Center,Education,49.55,Mobile Wallet,False
1,student,2026-04-05,Carrefour,Groceries,297.4,Debit Card,True
1,student,2026-04-05,Local Mart,Groceries,52.71,Mobile Wallet,False
1,student,2026-04-08,Local Cafe,Dining,8.25,Cash,False
1,student,2026-04-08,Spotify,Entertainment,22.87,Debit Card,False
1,student,2026-04-09,Local Cafe,Dining,9.1,Credit Card,False
1,student,2026-04-09,McDonalds,Dining,9.84,Credit Card,False
1,student,2026-04-09,Spotify,Entertainment,15.13,Debit Card,False
1,student,2026-04-10,Steam,Entertainment,29.54,Credit Card,False
1,student,2026-04-12,Tuition Center,Education,26.9,Mobile Wallet,False
1,student,2026-04-13,Local Cafe,Dining,25.4,Cash,False
1,student,2026-04-13,McDonalds,Dining,20.14,Credit Card,False
1,student,2026-04-14,Cinema,Entertainment,2.54,Cash,False
1,student,2026-04-14,Walmart,Groceries,55.86,Cash,False
1,student,2026-04-15,Local Cafe,Dining,18.51,Debit Card,False
1,student,2026-04-15,IKEA,Shopping,75.6,Credit Card,False
1,student,2026-04-16,Pizza Hut,Dining,56.53,Debit Card,False
1,student,2026-04-16,Uber,Transport,11.68,Cash,False
1,student,2026-04-16,Starbucks,Dining,12.65,Debit Card,False
1,student,2026-04-16,Local Mart,Groceries,26.6,Debit Card,False
1,student,2026-04-17,Netflix,Entertainment,11.65,Cash,False
1,student,2026-04-19,Steam,Entertainment,1.0,Credit Card,False
1,student,2026-04-21,Walmart,Groceries,42.8,Cash,False
1,student,2026-04-22,Local Mart,Groceries,32.88,Debit Card,False
1,student,2026-04-22,Netflix,Entertainment,8.47,Debit Card,False
1,student,2026-04-24,McDonalds,Dining,10.69,Credit Card,False
1,student,2026-04-24,Fresh Foods,Groceries,20.8,Credit Card,False
1,student,2026-04-24,Carrefour,Groceries,36.44,Debit Card,False
1,student,2026-04-25,Fresh Foods,Groceries,68.08,Debit Card,False
1,student,2026-04-26,Cinema,Entertainment,13.72,Mobile Wallet,False
1,student,2026-04-27,Carrefour,Groceries,33.02,Debit Card,False
1,student,2026-04-27,Cinema,Entertainment,15.7,Mobile Wallet,False
1,student,2026-04-28,Cinema,Entertainment,11.15,Mobile Wallet,False
1,student,2026-04-29,Gas Company,Utilities,50.27,Credit Card,False
1,student,2026-04-29,Daraz,Shopping,63.3,Debit Card,False
1,student,2026-04-30,Walmart,Groceries,54.28,Cash,False
1,student,2026-05-01,Walmart,Groceries,61.79,Debit Card,False
1,student,2026-05-01,Daraz,Shopping,54.16,Credit Card,False
1,student,2026-05-02,Udemy,Education,32.93,Credit Card,False
1,student,2026-05-03,Carrefour,Groceries,40.18,Credit Card,False
1,student,2026-05-03,McDonalds,Dining,27.31,Cash,False
1,student,2026-05-04,Udemy,Education,23.22,Debit Card,False
1,student,2026-05-05,Pizza Hut,Dining,11.87,Mobile Wallet,False
1,student,2026-05-05,Spotify,Entertainment,22.71,Debit Card,False
1,student,2026-05-05,Fresh Foods,Groceries,50.01,Debit Card,False
1,student,2026-05-07,Tuition Center,Education,9.36,Mobile Wallet,False
1,student,2026-05-08,Carrefour,Groceries,35.18,Credit Card,False
1,student,2026-05-08,Walmart,Groceries,48.39,Mobile Wallet,False
1,student,2026-05-10,Zara,Shopping,89.9,Mobile Wallet,False
1,student,2026-05-10,Dental Care,Healthcare,15.07,Mobile Wallet,False
1,student,2026-05-11,Udemy,Education,64.0,Credit Card,False
1,student,2026-05-11,Uber,Transport,11.85,Mobile Wallet,False
1,student,2026-05-14,Internet ISP,Utilities,54.23,Credit Card,False
1,student,2026-05-14,Starbucks,Dining,14.57,Debit Card,False
1,student,2026-05-16,Coursera,Education,41.44,Mobile Wallet,False
1,student,2026-05-17,Careem,Transport,12.2,Mobile Wallet,False
1,student,2026-05-18,Careem,Transport,15.98,Cash,False
1,student,2026-05-18,Fresh Foods,Groceries,38.34,Debit Card,False
1,student,2026-05-21,Uber,Transport,19.81,Mobile Wallet,False
1,student,2026-05-22,Amazon,Shopping,19.06,Credit Card,False
1,student,2026-05-22,Amazon,Shopping,74.68,Credit Card,False
1,student,2026-05-22,Spotify,Entertainment,1.8,Debit Card,False
1,student,2026-05-22,Tuition Center,Education,75.79,Mobile Wallet,False
1,student,2026-05-24,Metro Card,Transport,14.73,Debit Card,False
1,student,2026-05-24,IKEA,Shopping,51.54,Credit Card,False
1,student,2026-05-24,Starbucks,Dining,16.91,Mobile Wallet,False
1,student,2026-05-25,McDonalds,Dining,17.45,Mobile Wallet,False
1,student,2026-05-25,Local Mart,Groceries,41.8,Mobile Wallet,False
1,student,2026-05-25,Cinema,Entertainment,20.14,Mobile Wallet,False
1,student,2026-05-25,Local Cafe,Dining,21.32,Debit Card,False
1,student,2026-05-25,Daraz,Shopping,25.06,Cash,False
1,student,2026-05-25,Coursera,Education,81.52,Credit Card,False
1,student,2026-05-26,Walmart,Groceries,66.33,Cash,False
1,student,2026-05-27,Walmart,Groceries,14.04,Credit Card,False
1,student,2026-05-27,Tuition Center,Education,66.11,Debit Card,False
1,student,2026-05-28,Netflix,Entertainment,1.0,Credit Card,False
1,student,2026-05-28,Clinic,Healthcare,33.33,Credit Card,False
1,student,2026-05-29,McDonalds,Dining,21.67,Debit Card,False
1,student,2026-05-30,Steam,Entertainment,5.6,Credit Card,False
1,student,2026-05-30,Carrefour,Groceries,27.77,Credit Card,False
1,student,2026-06-01,McDonalds,Dining,12.41,Mobile Wallet,False
1,student,2026-06-02,Zara,Shopping,27.01,Cash,False
1,student,2026-06-03,Starbucks,Dining,20.14,Cash,False
1,student,2026-06-04,Starbucks,Dining,15.25,Cash,False
1,student,2026-06-05,Steam,Entertainment,1.0,Debit Card,False
1,student,2026-06-07,Local Mart,Groceries,62.86,Mobile Wallet,False
1,student,2026-06-07,Pizza Hut,Dining,1.0,Credit Card,False
1,student,2026-06-07,Walmart,Groceries,24.08,Mobile Wallet,False
1,student,2026-06-09,Uber,Transport,6.77,Credit Card,False
1,student,2026-06-09,Careem,Transport,24.18,Cash,False
1,student,2026-06-09,Carrefour,Groceries,48.08,Cash,False
1,student,2026-06-10,Uber,Transport,1.0,Debit Card,False
1,student,2026-06-17,Shell Gas,Transport,16.5,Cash,False
1,student,2026-06-18,Starbucks,Dining,12.23,Mobile Wallet,False
1,student,2026-06-19,Pizza Hut,Dining,25.55,Credit Card,False
1,student,2026-06-19,Local Mart,Groceries,28.55,Credit Card,False
1,student,2026-06-19,Starbucks,Dining,1.0,Cash,False
1,student,2026-06-20,Uber,Transport,11.47,Credit Card,False
1,student,2026-06-22,Carrefour,Groceries,21.83,Cash,False
1,student,2026-06-23,Pizza Hut,Dining,29.06,Debit Card,False
1,student,2026-06-24,Pizza Hut,Dining,25.72,Debit Card,False
1,student,2026-06-25,Cinema,Entertainment,15.87,Mobile Wallet,False
1,student,2026-06-25,Zara,Shopping,48.77,Credit Card,False
1,student,2026-06-26,Walmart,Groceries,45.92,Mobile Wallet,False
1,student,2026-06-27,Bookstore,Education,19.48,Credit Card,False
1,student,2026-06-28,Uber,Transport,20.41,Cash,False
1,student,2026-06-28,Starbucks,Dining,9.56,Cash,False
1,student,2026-06-29,Coursera,Education,7.88,Mobile Wallet,False
1,student,2026-06-30,Fresh Foods,Groceries,44.3,Credit Card,False
1,student,2026-07-01,Amazon,Shopping,36.63,Credit Card,False
1,student,2026-07-01,Spotify,Entertainment,6.5,Credit Card,False
1,student,2026-07-02,Zara,Shopping,44.21,Debit Card,False
1,student,2026-07-02,Fresh Foods,Groceries,25.32,Debit Card,False
1,student,2026-07-02,Netflix,Entertainment,23.7,Cash,False
1,student,2026-07-03,Pizza Hut,Dining,31.56,Credit Card,False
1,student,2026-07-04,Shell Gas,Transport,13.44,Debit Card,False
1,student,2026-07-04,Carrefour,Groceries,79.65,Credit Card,False
1,student,2026-07-05,Local Mart,Groceries,68.23,Mobile Wallet,False
1,student,2026-07-05,Spotify,Entertainment,28.45,Debit Card,False
1,student,2026-07-05,Coursera,Education,5.26,Debit Card,False
1,student,2026-07-05,IKEA,Shopping,49.97,Credit Card,False
1,student,2026-07-06,Starbucks,Dining,16.42,Cash,False
1,student,2026-07-06,Fresh Foods,Groceries,33.6,Debit Card,False
1,student,2026-07-06,Pizza Hut,Dining,26.23,Debit Card,False
1,student,2026-07-07,Uber,Transport,12.59,Mobile Wallet,False
1,student,2026-07-08,Walmart,Groceries,1.0,Mobile Wallet,False
1,student,2026-07-09,Spotify,Entertainment,14.46,Debit Card,False
1,student,2026-07-10,Gas Company,Utilities,54.62,Cash,False
1,student,2026-07-11,Local Mart,Groceries,23.4,Debit Card,False
1,student,2026-07-11,Starbucks,Dining,16.85,Credit Card,False
1,student,2026-07-13,Carrefour,Groceries,42.33,Mobile Wallet,False
1,student,2026-07-14,Pizza Hut,Dining,30.46,Cash,False
1,student,2026-07-16,Netflix,Entertainment,1.0,Cash,False
1,student,2026-07-16,Local Mart,Groceries,47.28,Mobile Wallet,False
1,student,2026-07-16,Local Mart,Groceries,28.41,Credit Card,False
1,student,2026-07-18,Walmart,Groceries,32.13,Cash,False
1,student,2026-07-22,Spotify,Entertainment,19.89,Cash,False
1,student,2026-07-22,McDonalds,Dining,1.3,Credit Card,False
1,student,2026-07-22,IKEA,Shopping,125.59,Cash,False
1,student,2026-07-24,Pizza Hut,Dining,5.2,Mobile Wallet,False
1,student,2026-07-25,Udemy,Education,73.87,Mobile Wallet,False
1,student,2026-07-27,Carrefour,Groceries,44.62,Cash,False
1,student,2026-07-27,McDonalds,Dining,1.0,Mobile Wallet,False
1,student,2026-07-27,Amazon,Shopping,55.74,Debit Card,False
1,student,2026-07-27,Pizza Hut,Dining,21.48,Mobile Wallet,False
1,student,2026-07-28,Uber,Transport,15.27,Cash,False
1,student,2026-07-29,Local Mart,Groceries,14.46,Credit Card,False
1,student,2026-07-30,Cinema,Entertainment,1.0,Cash,False
1,student,2026-07-30,Fresh Foods,Groceries,20.81,Cash,False
1,student,2026-07-30,Steam,Entertainment,16.87,Cash,False
1,student,2026-07-31,Starbucks,Dining,10.45,Debit Card,False
1,student,2026-08-02,Steam,Entertainment,15.95,Mobile Wallet,False
1,student,2026-08-05,Careem,Transport,13.43,Cash,False
1,student,2026-08-06,Fresh Foods,Groceries,42.7,Credit Card,False
1,student,2026-08-07,Pizza Hut,Dining,14.65,Cash,False
1,student,2026-08-08,Careem,Transport,6.18,Mobile Wallet,False
1,student,2026-08-08,Local Mart,Groceries,36.29,Mobile Wallet,False
1,student,2026-08-09,Metro Card,Transport,15.04,Mobile Wallet,False
1,student,2026-08-10,Careem,Transport,16.88,Mobile Wallet,False
1,student,2026-08-10,Clinic,Healthcare,47.89,Credit Card,False
1,student,2026-08-10,Shell Gas,Transport,13.66,Cash,False
1,student,2026-08-12,Udemy,Education,58.23,Debit Card,False
1,student,2026-08-13,Local Mart,Groceries,38.79,Debit Card,False
1,student,2026-08-17,Spotify,Entertainment,13.13,Debit Card,False
1,student,2026-08-18,Netflix,Entertainment,10.6,Credit Card,False
1,student,2026-08-19,Carrefour,Groceries,41.23,Mobile Wallet,False
1,student,2026-08-20,Amazon,Shopping,97.62,Mobile Wallet,False
1,student,2026-08-20,Metro Card,Transport,19.36,Debit Card,False
1,student,2026-08-21,Steam,Entertainment,18.14,Mobile Wallet,False
1,student,2026-08-21,Fresh Foods,Groceries,19.83,Debit Card,False
1,student,2026-08-25,Spotify,Entertainment,5.81,Credit Card,False
1,student,2026-08-25,Udemy,Education,54.61,Mobile Wallet,False
1,student,2026-08-26,Carrefour,Groceries,36.79,Debit Card,False
1,student,2026-08-28,Local Cafe,Dining,12.82,Credit Card,False
1,student,2026-08-28,Daraz,Shopping,31.04,Credit Card,False
1,student,2026-08-28,Fresh Foods,Groceries,34.4,Debit Card,False
1,student,2026-08-29,IKEA,Shopping,8.06,Cash,False
1,student,2026-08-31,Fresh Foods,Groceries,34.56,Mobile Wallet,False
1,student,2026-08-31,Tuition Center,Education,44.6,Debit Card,False
1,student,2026-09-01,Fresh Foods,Groceries,13.77,Mobile Wallet,False
1,student,2026-09-01,Cinema,Entertainment,2.43,Debit Card,False
1,student,2026-09-01,Local Mart,Groceries,50.42,Mobile Wallet,False
2,young_professional,2026-03-05,Zara,Shopping,12.57,Mobile Wallet,False
2,young_professional,2026-03-05,McDonalds,Dining,24.82,Cash,False
2,young_professional,2026-03-06,Landlord Transfer,Rent,684.67,Cash,False
2,young_professional,2026-03-06,Cinema,Entertainment,28.82,Cash,False
2,young_professional,2026-03-06,Landlord Transfer,Rent,564.87,Debit Card,False
2,young_professional,2026-03-06,Carrefour,Groceries,37.49,Debit Card,False
2,young_professional,2026-03-06,Steam,Entertainment,16.47,Debit Card,False
2,young_professional,2026-03-07,Starbucks,Dining,19.91,Credit Card,False
2,young_professional,2026-03-07,Local Cafe,Dining,18.46,Mobile Wallet,False
2,young_professional,2026-03-07,Zara,Shopping,42.69,Mobile Wallet,False
2,young_professional,2026-03-08,IKEA,Shopping,63.77,Credit Card,False
2,young_professional,2026-03-08,Carrefour,Groceries,42.63,Mobile Wallet,False
2,young_professional,2026-03-10,IKEA,Shopping,71.34,Credit Card,False
2,young_professional,2026-03-11,Landlord Transfer,Rent,444.11,Mobile Wallet,False
2,young_professional,2026-03-14,Electric Co,Utilities,67.54,Cash,False
2,young_professional,2026-03-15,Hospital,Healthcare,1.0,Mobile Wallet,False
2,young_professional,2026-03-16,Fresh Foods,Groceries,7.02,Debit Card,False
2,young_professional,2026-03-16,Steam,Entertainment,12.78,Debit Card,False
2,young_professional,2026-03-17,Shell Gas,Transport,2.82,Mobile Wallet,False
2,young_professional,2026-03-18,Local Cafe,Dining,18.74,Credit Card,False
2,young_professional,2026-03-18,Landlord Transfer,Rent,477.06,Cash,False
2,young_professional,2026-03-18,AirBnB,Travel,240.45,Mobile Wallet,False
2,young_professional,2026-03-19,Carrefour,Groceries,36.55,Mobile Wallet,False
2,young_professional,2026-03-19,Daraz,Shopping,51.41,Credit Card,False
2,young_professional,2026-03-19,Fresh Foods,Groceries,61.6,Credit Card,False
2,young_professional,2026-03-19,Uber,Transport,11.68,Mobile Wallet,False
2,young_professional,2026-03-20,Water Board,Utilities,31.38,Mobile Wallet,False
2,young_professional,2026-03-21,Carrefour,Groceries,33.22,Credit Card,False
2,young_professional,2026-03-23,Shell Gas,Transport,1.0,Mobile Wallet,False
2,young_professional,2026-03-23,Pizza Hut,Dining,42.02,Debit Card,False
2,young_professional,2026-03-23,IKEA,Shopping,394.28,Mobile Wallet,True
2,young_professional,2026-03-24,Local Mart,Groceries,35.96,Mobile Wallet,False
2,young_professional,2026-03-25,Zara,Shopping,51.55,Credit Card,False
2,young_professional,2026-03-26,Local Cafe,Dining,20.76,Credit Card,False
2,young_professional,2026-03-28,Amazon,Shopping,23.06,Cash,False
2,young_professional,2026-03-29,Water Board,Utilities,86.35,Credit Card,False
2,young_professional,2026-03-29,Amazon,Shopping,62.9,Credit Card,False
2,young_professional,2026-03-29,Spotify,Entertainment,8.49,Debit Card,False
2,young_professional,2026-03-31,Electric Co,Utilities,50.32,Debit Card,False
2,young_professional,2026-03-31,Careem,Transport,25.82,Debit Card,False
2,young_professional,2026-04-01,Steam,Entertainment,19.36,Credit Card,False
2,young_professional,2026-04-01,Carrefour,Groceries,36.14,Mobile Wallet,False
2,young_professional,2026-04-01,Cinema,Entertainment,1.0,Cash,False
2,young_professional,2026-04-02,Careem,Transport,13.8,Credit Card,False
2,young_professional,2026-04-03,Careem,Transport,20.38,Cash,False
2,young_professional,2026-04-03,Amazon,Shopping,114.06,Credit Card,False
2,young_professional,2026-04-03,Local Mart,Groceries,60.7,Mobile Wallet,False
2,young_professional,2026-04-04,Local Cafe,Dining,17.74,Debit Card,False
2,young_professional,2026-04-05,Uber,Transport,21.38,Debit Card,False
2,young_professional,2026-04-05,McDonalds,Dining,21.74,Cash,False
2,young_professional,2026-04-06,Electric Co,Utilities,58.26,Credit Card,False
2,young_professional,2026-04-07,Local Mart,Groceries,41.15,Mobile Wallet,False
2,young_professional,2026-04-07,Internet ISP,Utilities,34.34,Credit Card,False
2,young_professional,2026-04-09,Pizza Hut,Dining,14.78,Credit Card,False
2,young_professional,2026-04-09,Gas Company,Utilities,101.53,Mobile Wallet,False
2,young_professional,2026-04-10,Walmart,Groceries,38.93,Mobile Wallet,False
2,young_professional,2026-04-11,Local Mart,Groceries,39.44,Mobile Wallet,False
2,young_professional,2026-04-12,Daraz,Shopping,91.65,Mobile Wallet,False
2,young_professional,2026-04-13,Spotify,Entertainment,18.46,Cash,False
2,young_professional,2026-04-15,Local Cafe,Dining,20.77,Mobile Wallet,False
2,young_professional,2026-04-16,Steam,Entertainment,8.49,Cash,False
2,young_professional,2026-04-17,Landlord Transfer,Rent,455.11,Debit Card,False
2,young_professional,2026-04-17,Netflix,Entertainment,15.67,Cash,False
2,young_professional,2026-04-17,Local Cafe,Dining,7.1,Debit Card,False
2,young_professional,2026-04-19,Hotel Booking,Travel,444.67,Mobile Wallet,False
2,young_professional,2026-04-19,Landlord Transfer,Rent,534.06,Credit Card,False
2,young_professional,2026-04-20,Steam,Entertainment,29.35,Cash,False
2,young_professional,2026-04-20,Water Board,Utilities,54.05,Mobile Wallet,False
2,young_professional,2026-04-22,Starbucks,Dining,31.76,Cash,False
2,young_professional,2026-04-23,Shell Gas,Transport,1.0,Cash,False
2,young_professional,2026-04-26,Shell Gas,Transport,9.57,Cash,False
2,young_professional,2026-04-26,Landlord Transfer,Rent,250.06,Debit Card,False
2,young_professional,2026-04-27,Uber,Transport,30.33,Debit Card,False
2,young_professional,2026-04-28,Gas Company,Utilities,54.95,Mobile Wallet,False
2,young_professional,2026-04-28,Carrefour,Groceries,45.88,Mobile Wallet,False
2,young_professional,2026-04-29,Metro Card,Transport,5.04,Mobile Wallet,False
2,young_professional,2026-04-30,Amazon,Shopping,15.63,Credit Card,False
2,young_professional,2026-04-30,Pizza Hut,Dining,8.18,Debit Card,False
2,young_professional,2026-05-01,IKEA,Shopping,46.01,Debit Card,False
2,young_professional,2026-05-03,Hotel Booking,Travel,409.61,Cash,False
2,young_professional,2026-05-05,Landlord Transfer,Rent,492.49,Cash,False
2,young_professional,2026-05-05,Local Cafe,Dining,3.97,Cash,False
2,young_professional,2026-05-05,Landlord Transfer,Rent,674.96,Mobile Wallet,False
2,young_professional,2026-05-07,Internet ISP,Utilities,96.39,Cash,False
2,young_professional,2026-05-08,Zara,Shopping,21.87,Debit Card,False
2,young_professional,2026-05-09,Walmart,Groceries,40.66,Debit Card,False
2,young_professional,2026-05-09,Zara,Shopping,49.12,Credit Card,False
2,young_professional,2026-05-10,Careem,Transport,5.57,Debit Card,False
2,young_professional,2026-05-11,Carrefour,Groceries,64.59,Mobile Wallet,False
2,young_professional,2026-05-11,Zara,Shopping,39.83,Cash,False
2,young_professional,2026-05-11,Landlord Transfer,Rent,479.64,Debit Card,False
2,young_professional,2026-05-12,Shell Gas,Transport,12.27,Debit Card,False
2,young_professional,2026-05-13,Zara,Shopping,24.2,Debit Card,False
2,young_professional,2026-05-14,Pizza Hut,Dining,24.95,Credit Card,False
2,young_professional,2026-05-14,Careem,Transport,27.57,Cash,False
2,young_professional,2026-05-15,Netflix,Entertainment,16.69,Credit Card,False
2,young_professional,2026-05-15,Shell Gas,Transport,1.0,Debit Card,False
2,young_professional,2026-05-16,Gas Company,Utilities,38.15,Credit Card,False
2,young_professional,2026-05-17,Amazon,Shopping,42.34,Cash,False
2,young_professional,2026-05-17,Gas Company,Utilities,62.67,Mobile Wallet,False
2,young_professional,2026-05-17,Steam,Entertainment,13.48,Cash,False
2,young_professional,2026-05-18,Careem,Transport,1.0,Credit Card,False
2,young_professional,2026-05-19,Zara,Shopping,75.32,Mobile Wallet,False
2,young_professional,2026-05-20,Airline Co,Travel,212.27,Credit Card,False
2,young_professional,2026-05-20,Landlord Transfer,Rent,490.11,Mobile Wallet,False
2,young_professional,2026-05-20,Electric Co,Utilities,46.64,Credit Card,False
2,young_professional,2026-05-21,Spotify,Entertainment,24.92,Debit Card,False
2,young_professional,2026-05-22,Landlord Transfer,Rent,497.5,Credit Card,False
2,young_professional,2026-05-22,Water Board,Utilities,76.36,Credit Card,False
2,young_professional,2026-05-22,IKEA,Shopping,12.4,Debit Card,False
2,young_professional,2026-05-26,Local Cafe,Dining,14.95,Mobile Wallet,False
2,young_professional,2026-05-26,Metro Card,Transport,14.27,Cash,False
2,young_professional,2026-05-26,IKEA,Shopping,23.27,Cash,False
2,young_professional,2026-05-29,Pharmacy,Healthcare,39.46,Credit Card,False
2,young_professional,2026-05-29,Starbucks,Dining,14.63,Debit Card,False
2,young_professional,2026-05-31,Cinema,Entertainment,15.16,Credit Card,False
2,young_professional,2026-06-01,Daraz,Shopping,25.85,Debit Card,False
2,young_professional,2026-06-01,Careem,Transport,1.06,Credit Card,False
2,young_professional,2026-06-02,Water Board,Utilities,55.5,Credit Card,False
2,young_professional,2026-06-02,Metro Card,Transport,8.87,Mobile Wallet,False
2,young_professional,2026-06-03,IKEA,Shopping,54.39,Cash,False
2,young_professional,2026-06-06,Amazon,Shopping,102.86,Debit Card,False
2,young_professional,2026-06-06,Shell Gas,Transport,10.73,Cash,False
2,young_professional,2026-06-06,Local Cafe,Dining,16.27,Credit Card,False
2,young_professional,2026-06-06,Careem,Transport,25.69,Cash,False
2,young_professional,2026-06-07,Spotify,Entertainment,1.0,Mobile Wallet,False
2,young_professional,2026-06-07,Walmart,Groceries,33.9,Debit Card,False
2,young_professional,2026-06-07,Careem,Transport,23.28,Cash,False
2,young_professional,2026-06-07,Daraz,Shopping,103.58,Credit Card,False
2,young_professional,2026-06-09,Netflix,Entertainment,35.13,Debit Card,False
2,young_professional,2026-06-11,Local Mart,Groceries,42.05,Cash,False
2,young_professional,2026-06-12,Local Cafe,Dining,30.0,Credit Card,False
2,young_professional,2026-06-12,Local Cafe,Dining,11.43,Cash,False
2,young_professional,2026-06-14,Fresh Foods,Groceries,54.94,Cash,False
2,young_professional,2026-06-14,Metro Card,Transport,5.95,Mobile Wallet,False
2,young_professional,2026-06-16,Walmart,Groceries,61.83,Credit Card,False
2,young_professional,2026-06-16,Gas Company,Utilities,95.99,Cash,False
2,young_professional,2026-06-16,Local Mart,Groceries,48.35,Credit Card,False
2,young_professional,2026-06-17,Uber,Transport,10.32,Debit Card,False
2,young_professional,2026-06-18,Walmart,Groceries,43.16,Cash,False
2,young_professional,2026-06-20,Electric Co,Utilities,56.71,Debit Card,False
2,young_professional,2026-06-20,Landlord Transfer,Rent,588.86,Mobile Wallet,False
2,young_professional,2026-06-20,Pizza Hut,Dining,25.34,Debit Card,False
2,young_professional,2026-06-20,Dental Care,Healthcare,32.17,Mobile Wallet,False
2,young_professional,2026-06-21,Amazon,Shopping,51.56,Mobile Wallet,False
2,young_professional,2026-06-22,Zara,Shopping,77.62,Mobile Wallet,False
2,young_professional,2026-06-22,Landlord Transfer,Rent,323.92,Cash,False
2,young_professional,2026-06-23,Uber,Transport,10.33,Debit Card,False
2,young_professional,2026-06-25,Pizza Hut,Dining,9.49,Mobile Wallet,False
2,young_professional,2026-06-25,Gas Company,Utilities,57.32,Cash,False
2,young_professional,2026-06-27,AirBnB,Travel,202.2,Mobile Wallet,False
2,young_professional,2026-06-28,McDonalds,Dining,9.83,Mobile Wallet,False
2,young_professional,2026-06-29,Uber,Transport,1.0,Cash,False
2,young_professional,2026-06-29,Local Mart,Groceries,17.12,Cash,False
2,young_professional,2026-07-01,Amazon,Shopping,105.5,Mobile Wallet,False
2,young_professional,2026-07-02,Amazon,Shopping,95.96,Mobile Wallet,False
2,young_professional,2026-07-02,Gas Company,Utilities,71.85,Credit Card,False
2,young_professional,2026-07-05,Spotify,Entertainment,15.88,Cash,False
2,young_professional,2026-07-07,Fresh Foods,Groceries,62.16,Mobile Wallet,False
2,young_professional,2026-07-08,Uber,Transport,21.77,Debit Card,False
2,young_professional,2026-07-08,Shell Gas,Transport,16.66,Debit Card,False
2,young_professional,2026-07-08,Shell Gas,Transport,27.08,Mobile Wallet,False
2,young_professional,2026-07-08,Metro Card,Transport,24.35,Credit Card,False
2,young_professional,2026-07-11,Amazon,Shopping,67.93,Debit Card,False
2,young_professional,2026-07-12,Water Board,Utilities,57.05,Cash,False
2,young_professional,2026-07-12,Uber,Transport,11.78,Mobile Wallet,False
2,young_professional,2026-07-12,Netflix,Entertainment,32.72,Debit Card,False
2,young_professional,2026-07-14,Electric Co,Utilities,67.07,Mobile Wallet,False
2,young_professional,2026-07-19,McDonalds,Dining,19.22,Debit Card,False
2,young_professional,2026-07-20,Metro Card,Transport,1.0,Cash,False
2,young_professional,2026-07-20,Landlord Transfer,Rent,588.4,Mobile Wallet,False
2,young_professional,2026-07-21,Metro Card,Transport,19.08,Mobile Wallet,False
2,young_professional,2026-07-21,Starbucks,Dining,8.81,Mobile Wallet,False
2,young_professional,2026-07-21,Starbucks,Dining,4.67,Mobile Wallet,False
2,young_professional,2026-07-21,Daraz,Shopping,151.59,Debit Card,False
2,young_professional,2026-07-26,Walmart,Groceries,46.43,Cash,False
2,young_professional,2026-07-26,Steam,Entertainment,21.93,Cash,False
2,young_professional,2026-07-28,Pizza Hut,Dining,13.52,Credit Card,False
2,young_professional,2026-07-29,Zara,Shopping,135.4,Cash,False
2,young_professional,2026-07-29,Metro Card,Transport,6.83,Debit Card,False
2,young_professional,2026-07-30,IKEA,Shopping,23.03,Mobile Wallet,False
2,young_professional,2026-07-31,Shell Gas,Transport,19.06,Cash,False
2,young_professional,2026-07-31,Metro Card,Transport,11.38,Mobile Wallet,False
2,young_professional,2026-07-31,Cinema,Entertainment,10.74,Debit Card,False
2,young_professional,2026-08-01,Daraz,Shopping,100.94,Mobile Wallet,False
2,young_professional,2026-08-02,Water Board,Utilities,75.31,Mobile Wallet,False
2,young_professional,2026-08-02,McDonalds,Dining,16.08,Cash,False
2,young_professional,2026-08-03,Landlord Transfer,Rent,473.45,Mobile Wallet,False
2,young_professional,2026-08-07,Metro Card,Transport,15.87,Debit Card,False
2,young_professional,2026-08-07,Fresh Foods,Groceries,42.87,Credit Card,False
2,young_professional,2026-08-08,Daraz,Shopping,64.65,Cash,False
2,young_professional,2026-08-08,Landlord Transfer,Rent,381.1,Mobile Wallet,False
2,young_professional,2026-08-08,Amazon,Shopping,44.79,Mobile Wallet,False
2,young_professional,2026-08-09,Netflix,Entertainment,18.38,Debit Card,False
2,young_professional,2026-08-09,IKEA,Shopping,43.18,Debit Card,False
2,young_professional,2026-08-10,Electric Co,Utilities,17.56,Mobile Wallet,False
2,young_professional,2026-08-11,Pizza Hut,Dining,11.92,Cash,False
2,young_professional,2026-08-12,Local Cafe,Dining,14.08,Credit Card,False
2,young_professional,2026-08-13,Landlord Transfer,Rent,407.76,Mobile Wallet,False
2,young_professional,2026-08-13,Hotel Booking,Travel,64.44,Mobile Wallet,False
2,young_professional,2026-08-13,McDonalds,Dining,21.24,Credit Card,False
2,young_professional,2026-08-16,Landlord Transfer,Rent,587.13,Cash,False
2,young_professional,2026-08-17,Starbucks,Dining,4.54,Credit Card,False
2,young_professional,2026-08-18,Hotel Booking,Travel,252.59,Credit Card,False
2,young_professional,2026-08-19,Landlord Transfer,Rent,548.92,Mobile Wallet,False
2,young_professional,2026-08-20,Careem,Transport,20.86,Cash,False
2,young_professional,2026-08-21,Uber,Transport,11.04,Credit Card,False
2,young_professional,2026-08-21,Cinema,Entertainment,12.78,Credit Card,False
2,young_professional,2026-08-23,Hotel Booking,Travel,263.25,Cash,False
2,young_professional,2026-08-23,Pizza Hut,Dining,12.64,Mobile Wallet,False
2,young_professional,2026-08-23,Carrefour,Groceries,52.12,Debit Card,False
2,young_professional,2026-08-24,Local Cafe,Dining,17.81,Debit Card,False
2,young_professional,2026-08-25,Starbucks,Dining,14.97,Debit Card,False
2,young_professional,2026-08-27,McDonalds,Dining,16.96,Mobile Wallet,False
2,young_professional,2026-08-27,Carrefour,Groceries,37.47,Mobile Wallet,False
2,young_professional,2026-08-27,Clinic,Healthcare,37.1,Debit Card,False
2,young_professional,2026-08-27,Landlord Transfer,Rent,616.19,Cash,False
2,young_professional,2026-08-30,IKEA,Shopping,1.0,Cash,False
2,young_professional,2026-08-30,Electric Co,Utilities,46.24,Mobile Wallet,False
2,young_professional,2026-08-30,Landlord Transfer,Rent,710.52,Debit Card,False
2,young_professional,2026-08-30,Amazon,Shopping,10.48,Mobile Wallet,False
2,young_professional,2026-09-01,Shell Gas,Transport,29.37,Cash,False
3,high_earner,2026-03-05,Cinema,Entertainment,13.24,Mobile Wallet,False
3,high_earner,2026-03-05,Zara,Shopping,37.42,Debit Card,False
3,high_earner,2026-03-08,IKEA,Shopping,1.0,Mobile Wallet,False
3,high_earner,2026-03-08,Amazon,Shopping,388.3,Cash,True
3,high_earner,2026-03-13,Cinema,Entertainment,1.0,Cash,False
3,high_earner,2026-03-15,Netflix,Entertainment,11.81,Mobile Wallet,False
3,high_earner,2026-03-15,Landlord Transfer,Rent,420.4,Credit Card,False
3,high_earner,2026-03-16,Amazon,Shopping,1.0,Mobile Wallet,False
3,high_earner,2026-03-16,Internet ISP,Utilities,22.84,Debit Card,False
3,high_earner,2026-03-17,Landlord Transfer,Rent,514.49,Debit Card,False
3,high_earner,2026-03-19,AirBnB,Travel,107.78,Debit Card,False
3,high_earner,2026-03-20,Pizza Hut,Dining,23.12,Debit Card,False
3,high_earner,2026-03-20,Walmart,Groceries,37.48,Credit Card,False
3,high_earner,2026-03-21,Cinema,Entertainment,17.07,Mobile Wallet,False
3,high_earner,2026-03-22,Electric Co,Utilities,75.18,Cash,False
3,high_earner,2026-03-23,Starbucks,Dining,1.03,Credit Card,False
3,high_earner,2026-03-24,Pizza Hut,Dining,11.54,Cash,False
3,high_earner,2026-03-25,Fresh Foods,Groceries,47.06,Debit Card,False
3,high_earner,2026-03-26,Daraz,Shopping,88.82,Debit Card,False
3,high_earner,2026-03-27,Landlord Transfer,Rent,486.57,Cash,False
3,high_earner,2026-03-27,Spotify,Entertainment,23.11,Cash,False
3,high_earner,2026-03-28,Hotel Booking,Travel,162.01,Cash,False
3,high_earner,2026-03-28,Landlord Transfer,Rent,378.55,Credit Card,False
3,high_earner,2026-03-31,Local Cafe,Dining,1.17,Credit Card,False
3,high_earner,2026-03-31,Spotify,Entertainment,6.94,Debit Card,False
3,high_earner,2026-04-02,AirBnB,Travel,200.82,Mobile Wallet,False
3,high_earner,2026-04-02,AirBnB,Travel,128.64,Cash,False
3,high_earner,2026-04-02,McDonalds,Dining,7.02,Mobile Wallet,False
3,high_earner,2026-04-03,Electric Co,Utilities,52.76,Cash,False
3,high_earner,2026-04-03,Pharmacy,Healthcare,55.91,Mobile Wallet,False
3,high_earner,2026-04-04,Hospital,Healthcare,24.99,Cash,False
3,high_earner,2026-04-04,AirBnB,Travel,279.34,Mobile Wallet,False
3,high_earner,2026-04-05,Landlord Transfer,Rent,296.1,Credit Card,False
3,high_earner,2026-04-06,Daraz,Shopping,4.54,Mobile Wallet,False
3,high_earner,2026-04-07,Netflix,Entertainment,6.35,Cash,False
3,high_earner,2026-04-08,AirBnB,Travel,243.78,Debit Card,False
3,high_earner,2026-04-09,AirBnB,Travel,334.92,Credit Card,False
3,high_earner,2026-04-10,IKEA,Shopping,65.64,Cash,False
3,high_earner,2026-04-12,Landlord Transfer,Rent,676.91,Credit Card,False
3,high_earner,2026-04-13,Airline Co,Travel,197.98,Credit Card,False
3,high_earner,2026-04-13,Netflix,Entertainment,18.91,Cash,False
3,high_earner,2026-04-16,Hotel Booking,Travel,607.39,Credit Card,False
3,high_earner,2026-04-17,Netflix,Entertainment,12.3,Debit Card,False
3,high_earner,2026-04-17,Daraz,Shopping,101.63,Mobile Wallet,False
3,high_earner,2026-04-17,Local Cafe,Dining,15.96,Cash,False
3,high_earner,2026-04-18,Steam,Entertainment,34.57,Debit Card,False
3,high_earner,2026-04-19,IKEA,Shopping,45.34,Credit Card,False
3,high_earner,2026-04-20,IKEA,Shopping,33.58,Mobile Wallet,False
3,high_earner,2026-04-21,Landlord Transfer,Rent,585.66,Credit Card,False
3,high_earner,2026-04-21,Local Mart,Groceries,48.77,Debit Card,False
3,high_earner,2026-04-21,Local Cafe,Dining,22.5,Mobile Wallet,False
3,high_earner,2026-04-23,Starbucks,Dining,10.08,Cash,False
3,high_earner,2026-04-24,Pharmacy,Healthcare,25.76,Cash,False
3,high_earner,2026-04-27,Pizza Hut,Dining,16.39,Credit Card,False
3,high_earner,2026-04-27,IKEA,Shopping,26.62,Cash,False
3,high_earner,2026-04-28,Daraz,Shopping,1.0,Credit Card,False
3,high_earner,2026-04-28,Dental Care,Healthcare,31.02,Credit Card,False
3,high_earner,2026-04-28,AirBnB,Travel,71.8,Debit Card,False
3,high_earner,2026-04-29,Netflix,Entertainment,18.35,Credit Card,False
3,high_earner,2026-05-01,Local Mart,Groceries,47.15,Debit Card,False
3,high_earner,2026-05-02,Landlord Transfer,Rent,550.55,Debit Card,False
3,high_earner,2026-05-03,McDonalds,Dining,12.76,Debit Card,False
3,high_earner,2026-05-04,AirBnB,Travel,222.85,Debit Card,False
3,high_earner,2026-05-06,Landlord Transfer,Rent,414.16,Cash,False
3,high_earner,2026-05-07,Landlord Transfer,Rent,612.56,Credit Card,False
3,high_earner,2026-05-08,Hotel Booking,Travel,190.17,Debit Card,False
3,high_earner,2026-05-08,Spotify,Entertainment,34.82,Cash,False
3,high_earner,2026-05-08,Starbucks,Dining,23.22,Credit Card,False
3,high_earner,2026-05-09,McDonalds,Dining,9.84,Debit Card,False
3,high_earner,2026-05-09,Netflix,Entertainment,13.61,Cash,False
3,high_earner,2026-05-09,Airline Co,Travel,132.47,Cash,False
3,high_earner,2026-05-09,Airline Co,Travel,117.42,Debit Card,False
3,high_earner,2026-05-11,Landlord Transfer,Rent,377.93,Credit Card,False
3,high_earner,2026-05-11,Carrefour,Groceries,55.59,Mobile Wallet,False
3,high_earner,2026-05-12,McDonalds,Dining,17.24,Credit Card,False
3,high_earner,2026-05-12,Fresh Foods,Groceries,56.13,Mobile Wallet,False
3,high_earner,2026-05-13,Landlord Transfer,Rent,363.13,Credit Card,False
3,high_earner,2026-05-14,Local Cafe,Dining,1.0,Debit Card,False
3,high_earner,2026-05-16,McDonalds,Dining,19.19,Cash,False
3,high_earner,2026-05-17,Hotel Booking,Travel,5339.86,Credit Card,True
3,high_earner,2026-05-18,Walmart,Groceries,51.77,Mobile Wallet,False
3,high_earner,2026-05-18,Landlord Transfer,Rent,512.08,Mobile Wallet,False
3,high_earner,2026-05-21,Amazon,Shopping,116.9,Mobile Wallet,False
3,high_earner,2026-05-21,IKEA,Shopping,59.07,Credit Card,False
3,high_earner,2026-05-22,Amazon,Shopping,116.96,Cash,False
3,high_earner,2026-05-23,Landlord Transfer,Rent,567.02,Credit Card,False
3,high_earner,2026-05-23,Airline Co,Travel,301.54,Cash,False
3,high_earner,2026-05-27,Pizza Hut,Dining,23.37,Mobile Wallet,False
3,high_earner,2026-05-27,AirBnB,Travel,207.74,Cash,False
3,high_earner,2026-05-30,Local Cafe,Dining,22.98,Mobile Wallet,False
3,high_earner,2026-05-30,Walmart,Groceries,57.1,Credit Card,False
3,high_earner,2026-05-31,AirBnB,Travel,249.51,Debit Card,False
3,high_earner,2026-05-31,Local Cafe,Dining,197.49,Debit Card,True
3,high_earner,2026-06-01,Local Cafe,Dining,18.38,Cash,False
3,high_earner,2026-06-02,IKEA,Shopping,78.38,Mobile Wallet,False
3,high_earner,2026-06-02,Hotel Booking,Travel,1.0,Credit Card,False
3,high_earner,2026-06-04,Pizza Hut,Dining,33.33,Mobile Wallet,False
3,high_earner,2026-06-05,Hospital,Healthcare,36.44,Cash,False
3,high_earner,2026-06-05,Hotel Booking,Travel,249.78,Debit Card,False
3,high_earner,2026-06-05,Local Cafe,Dining,19.63,Credit Card,False
3,high_earner,2026-06-06,Amazon,Shopping,56.66,Credit Card,False
3,high_earner,2026-06-06,Walmart,Groceries,50.8,Mobile Wallet,False
3,high_earner,2026-06-06,Amazon,Shopping,3.27,Cash,False
3,high_earner,2026-06-06,Landlord Transfer,Rent,4168.81,Cash,True
3,high_earner,2026-06-06,AirBnB,Travel,199.89,Credit Card,False
3,high_earner,2026-06-06,IKEA,Shopping,4.98,Cash,False
3,high_earner,2026-06-07,AirBnB,Travel,290.68,Mobile Wallet,False
3,high_earner,2026-06-07,AirBnB,Travel,80.57,Credit Card,False
3,high_earner,2026-06-08,Landlord Transfer,Rent,533.9,Cash,False
3,high_earner,2026-06-08,Hotel Booking,Travel,237.13,Credit Card,False
3,high_earner,2026-06-08,Spotify,Entertainment,16.5,Debit Card,False
3,high_earner,2026-06-09,Steam,Entertainment,28.79,Debit Card,False
3,high_earner,2026-06-11,Airline Co,Travel,13.28,Cash,False
3,high_earner,2026-06-15,Hospital,Healthcare,1.0,Credit Card,False
3,high_earner,2026-06-16,Hotel Booking,Travel,497.51,Debit Card,False
3,high_earner,2026-06-16,Gas Company,Utilities,56.22,Credit Card,False
3,high_earner,2026-06-17,Zara,Shopping,91.87,Credit Card,False
3,high_earner,2026-06-19,Daraz,Shopping,55.45,Cash,False
3,high_earner,2026-06-20,Local Mart,Groceries,50.64,Cash,False
3,high_earner,2026-06-20,Local Mart,Groceries,13.32,Credit Card,False
3,high_earner,2026-06-23,Airline Co,Travel,247.95,Debit Card,False
3,high_earner,2026-06-25,IKEA,Shopping,75.72,Credit Card,True
3,high_earner,2026-06-26,Walmart,Groceries,28.76,Debit Card,False
3,high_earner,2026-06-26,Landlord Transfer,Rent,327.42,Mobile Wallet,False
3,high_earner,2026-06-27,Hotel Booking,Travel,98.37,Cash,False
3,high_earner,2026-06-27,Landlord Transfer,Rent,645.97,Cash,False
3,high_earner,2026-06-29,Landlord Transfer,Rent,327.99,Cash,False
3,high_earner,2026-06-29,Pharmacy,Healthcare,1.0,Credit Card,False
3,high_earner,2026-06-30,Airline Co,Travel,318.94,Debit Card,False
3,high_earner,2026-07-01,Walmart,Groceries,35.19,Credit Card,False
3,high_earner,2026-07-01,Local Mart,Groceries,66.93,Mobile Wallet,False
3,high_earner,2026-07-02,Landlord Transfer,Rent,444.17,Mobile Wallet,False
3,high_earner,2026-07-03,Gas Company,Utilities,38.0,Mobile Wallet,False
3,high_earner,2026-07-03,Hotel Booking,Travel,268.13,Debit Card,False
3,high_earner,2026-07-03,AirBnB,Travel,119.79,Credit Card,False
3,high_earner,2026-07-03,Landlord Transfer,Rent,493.97,Mobile Wallet,False
3,high_earner,2026-07-04,Airline Co,Travel,268.22,Cash,False
3,high_earner,2026-07-04,Landlord Transfer,Rent,549.2,Cash,False
3,high_earner,2026-07-04,Airline Co,Travel,121.09,Debit Card,False
3,high_earner,2026-07-04,Landlord Transfer,Rent,452.12,Credit Card,False
3,high_earner,2026-07-05,Netflix,Entertainment,6.37,Debit Card,False
3,high_earner,2026-07-05,Landlord Transfer,Rent,463.07,Debit Card,False
3,high_earner,2026-07-05,Daraz,Shopping,60.74,Cash,False
3,high_earner,2026-07-06,Zara,Shopping,29.83,Cash,False
3,high_earner,2026-07-07,Airline Co,Travel,430.06,Credit Card,False
3,high_earner,2026-07-08,Hotel Booking,Travel,224.0,Mobile Wallet,False
3,high_earner,2026-07-09,Airline Co,Travel,275.27,Debit Card,False
3,high_earner,2026-07-13,Hotel Booking,Travel,165.44,Debit Card,False
3,high_earner,2026-07-13,Local Mart,Groceries,26.14,Credit Card,False
3,high_earner,2026-07-14,IKEA,Shopping,51.66,Credit Card,False
3,high_earner,2026-07-16,Local Cafe,Dining,3.5,Credit Card,False
3,high_earner,2026-07-16,IKEA,Shopping,62.89,Credit Card,False
3,high_earner,2026-07-16,Cinema,Entertainment,6.87,Mobile Wallet,False
3,high_earner,2026-07-18,Fresh Foods,Groceries,52.28,Mobile Wallet,False
3,high_earner,2026-07-20,Zara,Shopping,116.52,Credit Card,False
3,high_earner,2026-07-20,Fresh Foods,Groceries,36.78,Credit Card,False
3,high_earner,2026-07-20,Local Mart,Groceries,44.15,Debit Card,False
3,high_earner,2026-07-21,Steam,Entertainment,11.73,Cash,False
3,high_earner,2026-07-22,Walmart,Groceries,15.65,Mobile Wallet,False
3,high_earner,2026-07-22,McDonalds,Dining,17.76,Debit Card,False
3,high_earner,2026-07-23,IKEA,Shopping,48.03,Mobile Wallet,False
3,high_earner,2026-07-23,Walmart,Groceries,40.24,Mobile Wallet,False
3,high_earner,2026-07-24,Local Mart,Groceries,38.7,Cash,False
3,high_earner,2026-07-26,Daraz,Shopping,27.06,Cash,False
3,high_earner,2026-07-26,Starbucks,Dining,9.29,Credit Card,False
3,high_earner,2026-07-27,McDonalds,Dining,23.0,Debit Card,False
3,high_earner,2026-07-27,Hotel Booking,Travel,270.8,Cash,False
3,high_earner,2026-07-28,Starbucks,Dining,24.83,Debit Card,False
3,high_earner,2026-07-28,Airline Co,Travel,168.6,Debit Card,False
3,high_earner,2026-07-28,Hotel Booking,Travel,245.57,Debit Card,False
3,high_earner,2026-07-29,Daraz,Shopping,83.86,Debit Card,False
3,high_earner,2026-07-30,Netflix,Entertainment,9.5,Debit Card,False
3,high_earner,2026-08-02,AirBnB,Travel,328.94,Mobile Wallet,False
3,high_earner,2026-08-04,IKEA,Shopping,43.84,Mobile Wallet,False
3,high_earner,2026-08-04,Zara,Shopping,43.81,Cash,False
3,high_earner,2026-08-05,Daraz,Shopping,11.59,Mobile Wallet,False
3,high_earner,2026-08-05,Airline Co,Travel,76.19,Mobile Wallet,False
3,high_earner,2026-08-05,Hotel Booking,Travel,272.28,Cash,False
3,high_earner,2026-08-06,Hotel Booking,Travel,282.09,Credit Card,False
3,high_earner,2026-08-06,Internet ISP,Utilities,81.3,Credit Card,False
3,high_earner,2026-08-08,Cinema,Entertainment,1.0,Mobile Wallet,False
3,high_earner,2026-08-08,Fresh Foods,Groceries,48.33,Credit Card,False
3,high_earner,2026-08-08,McDonalds,Dining,8.81,Cash,False
3,high_earner,2026-08-08,Pizza Hut,Dining,27.76,Credit Card,False
3,high_earner,2026-08-08,Amazon,Shopping,91.74,Mobile Wallet,False
3,high_earner,2026-08-11,Hotel Booking,Travel,167.45,Credit Card,False
3,high_earner,2026-08-12,Local Cafe,Dining,14.92,Debit Card,False
3,high_earner,2026-08-15,Hotel Booking,Travel,480.64,Mobile Wallet,False
3,high_earner,2026-08-15,Daraz,Shopping,70.58,Credit Card,False
3,high_earner,2026-08-15,Hotel Booking,Travel,249.17,Credit Card,False
3,high_earner,2026-08-17,Zara,Shopping,91.97,Credit Card,False
3,high_earner,2026-08-18,AirBnB,Travel,180.19,Debit Card,False
3,high_earner,2026-08-19,Landlord Transfer,Rent,517.68,Debit Card,False
3,high_earner,2026-08-20,Steam,Entertainment,48.23,Debit Card,True
3,high_earner,2026-08-21,Landlord Transfer,Rent,583.82,Cash,False
3,high_earner,2026-08-21,Zara,Shopping,45.44,Mobile Wallet,False
3,high_earner,2026-08-21,Landlord Transfer,Rent,643.02,Cash,False
3,high_earner,2026-08-22,AirBnB,Travel,158.64,Credit Card,False
3,high_earner,2026-08-23,Cinema,Entertainment,24.41,Credit Card,False
3,high_earner,2026-08-24,Hospital,Healthcare,1.0,Credit Card,False
3,high_earner,2026-08-24,AirBnB,Travel,292.96,Mobile Wallet,False
3,high_earner,2026-08-26,Local Mart,Groceries,401.37,Debit Card,True
3,high_earner,2026-08-28,Landlord Transfer,Rent,596.8,Credit Card,False
3,high_earner,2026-08-28,AirBnB,Travel,409.49,Debit Card,False
3,high_earner,2026-08-29,Local Mart,Groceries,46.22,Cash,False
3,high_earner,2026-08-29,Fresh Foods,Groceries,33.35,Debit Card,False
3,high_earner,2026-08-30,Landlord Transfer,Rent,452.05,Cash,False
3,high_earner,2026-08-30,Steam,Entertainment,14.08,Cash,False
3,high_earner,2026-08-30,Daraz,Shopping,6.32,Credit Card,False
3,high_earner,2026-08-30,IKEA,Shopping,24.68,Cash,False
3,high_earner,2026-08-31,McDonalds,Dining,11.13,Cash,False
3,high_earner,2026-08-31,Hotel Booking,Travel,276.62,Debit Card,False
4,young_professional,2026-03-05,Hotel Booking,Travel,354.59,Mobile Wallet,False
4,young_professional,2026-03-06,Starbucks,Dining,7.87,Debit Card,False
4,young_professional,2026-03-08,Carrefour,Groceries,50.52,Debit Card,False
4,young_professional,2026-03-08,Uber,Transport,8.32,Cash,False
4,young_professional,2026-03-08,Walmart,Groceries,39.0,Credit Card,False
4,young_professional,2026-03-08,Pizza Hut,Dining,12.62,Debit Card,False
4,young_professional,2026-03-09,Landlord Transfer,Rent,506.69,Debit Card,False
4,young_professional,2026-03-10,Daraz,Shopping,85.27,Debit Card,False
4,young_professional,2026-03-10,Clinic,Healthcare,53.37,Mobile Wallet,False
4,young_professional,2026-03-10,Walmart,Groceries,24.75,Mobile Wallet,False
4,young_professional,2026-03-10,Shell Gas,Transport,10.05,Debit Card,False
4,young_professional,2026-03-11,Steam,Entertainment,21.22,Cash,False
4,young_professional,2026-03-13,IKEA,Shopping,108.16,Debit Card,False
4,young_professional,2026-03-13,Daraz,Shopping,60.8,Cash,False
4,young_professional,2026-03-14,Local Cafe,Dining,18.24,Debit Card,False
4,young_professional,2026-03-14,Landlord Transfer,Rent,479.35,Mobile Wallet,False
4,young_professional,2026-03-16,Fresh Foods,Groceries,48.41,Cash,False
4,young_professional,2026-03-16,Steam,Entertainment,4.41,Mobile Wallet,False
4,young_professional,2026-03-16,Starbucks,Dining,32.82,Debit Card,False
4,young_professional,2026-03-16,Spotify,Entertainment,25.11,Cash,False
4,young_professional,2026-03-16,McDonalds,Dining,31.41,Mobile Wallet,False
4,young_professional,2026-03-17,Cinema,Entertainment,34.87,Credit Card,False
4,young_professional,2026-03-20,Electric Co,Utilities,49.38,Cash,False
4,young_professional,2026-03-20,Amazon,Shopping,1.0,Debit Card,False
4,young_professional,2026-03-20,Zara,Shopping,43.14,Mobile Wallet,False
4,young_professional,2026-03-21,Carrefour,Groceries,38.89,Mobile Wallet,False
4,young_professional,2026-03-21,Amazon,Shopping,36.93,Debit Card,False
4,young_professional,2026-03-21,Landlord Transfer,Rent,386.94,Cash,False
4,young_professional,2026-03-22,Netflix,Entertainment,21.23,Mobile Wallet,False
4,young_professional,2026-03-23,Landlord Transfer,Rent,528.87,Mobile Wallet,False
4,young_professional,2026-03-23,Landlord Transfer,Rent,507.48,Debit Card,False
4,young_professional,2026-03-24,Hotel Booking,Travel,251.46,Credit Card,False
4,young_professional,2026-03-26,Pizza Hut,Dining,21.08,Debit Card,False
4,young_professional,2026-03-27,Walmart,Groceries,36.16,Cash,False
4,young_professional,2026-03-28,Electric Co,Utilities,55.17,Cash,False
4,young_professional,2026-03-28,Starbucks,Dining,13.13,Debit Card,False
4,young_professional,2026-03-28,Uber,Transport,9.18,Cash,False
4,young_professional,2026-03-31,Local Cafe,Dining,17.69,Debit Card,False
4,young_professional,2026-04-01,IKEA,Shopping,21.06,Mobile Wallet,False
4,young_professional,2026-04-01,Walmart,Groceries,18.6,Credit Card,False
4,young_professional,2026-04-03,Electric Co,Utilities,75.63,Cash,False
4,young_professional,2026-04-04,Spotify,Entertainment,33.33,Debit Card,False
4,young_professional,2026-04-05,IKEA,Shopping,87.57,Credit Card,False
4,young_professional,2026-04-06,Shell Gas,Transport,11.58,Debit Card,False
4,young_professional,2026-04-06,Landlord Transfer,Rent,670.41,Credit Card,False
4,young_professional,2026-04-06,Landlord Transfer,Rent,329.61,Debit Card,False
4,young_professional,2026-04-07,Local Cafe,Dining,8.76,Mobile Wallet,False
4,young_professional,2026-04-09,Amazon,Shopping,66.82,Credit Card,False
4,young_professional,2026-04-09,Steam,Entertainment,1.0,Credit Card,False
4,young_professional,2026-04-10,Starbucks,Dining,11.92,Debit Card,False
4,young_professional,2026-04-12,Shell Gas,Transport,7.69,Mobile Wallet,False
4,young_professional,2026-04-12,Uber,Transport,12.93,Cash,False
4,young_professional,2026-04-12,Water Board,Utilities,43.1,Mobile Wallet,False
4,young_professional,2026-04-13,Starbucks,Dining,14.39,Credit Card,False
4,young_professional,2026-04-15,Shell Gas,Transport,16.31,Credit Card,False
4,young_professional,2026-04-15,Walmart,Groceries,52.44,Mobile Wallet,False
4,young_professional,2026-04-15,Local Cafe,Dining,17.73,Credit Card,False
4,young_professional,2026-04-15,Local Cafe,Dining,17.3,Cash,False
4,young_professional,2026-04-16,Shell Gas,Transport,19.12,Credit Card,False
4,young_professional,2026-04-17,Internet ISP,Utilities,48.01,Credit Card,False
4,young_professional,2026-04-17,Zara,Shopping,10.6,Debit Card,False
4,young_professional,2026-04-17,Amazon,Shopping,28.97,Cash,False
4,young_professional,2026-04-18,Landlord Transfer,Rent,500.18,Credit Card,False
4,young_professional,2026-04-20,Local Mart,Groceries,31.45,Cash,False
4,young_professional,2026-04-23,Water Board,Utilities,66.59,Mobile Wallet,False
4,young_professional,2026-04-23,Gas Company,Utilities,75.08,Debit Card,False
4,young_professional,2026-04-24,Carrefour,Groceries,23.23,Credit Card,False
4,young_professional,2026-04-24,IKEA,Shopping,26.25,Credit Card,False
4,young_professional,2026-04-26,Zara,Shopping,84.8,Debit Card,False
4,young_professional,2026-04-26,McDonalds,Dining,21.31,Debit Card,False
4,young_professional,2026-04-26,McDonalds,Dining,23.33,Cash,False
4,young_professional,2026-04-28,Pizza Hut,Dining,16.91,Mobile Wallet,False
4,young_professional,2026-04-28,Local Cafe,Dining,10.01,Cash,False
4,young_professional,2026-04-28,Airline Co,Travel,129.73,Debit Card,False
4,young_professional,2026-04-28,Local Mart,Groceries,22.68,Cash,False
4,young_professional,2026-04-30,Airline Co,Travel,212.78,Cash,False
4,young_professional,2026-05-01,Internet ISP,Utilities,1.0,Credit Card,False
4,young_professional,2026-05-01,Landlord Transfer,Rent,556.61,Mobile Wallet,False
4,young_professional,2026-05-04,Metro Card,Transport,17.59,Mobile Wallet,False
4,young_professional,2026-05-05,Steam,Entertainment,6.75,Cash,False
4,young_professional,2026-05-05,Starbucks,Dining,11.91,Mobile Wallet,False
4,young_professional,2026-05-06,Steam,Entertainment,1.0,Cash,False
4,young_professional,2026-05-08,Pizza Hut,Dining,20.7,Credit Card,False
4,young_professional,2026-05-09,Steam,Entertainment,20.43,Credit Card,False
4,young_professional,2026-05-09,IKEA,Shopping,62.99,Debit Card,False
4,young_professional,2026-05-10,Local Mart,Groceries,47.0,Cash,False
4,young_professional,2026-05-10,Amazon,Shopping,75.25,Credit Card,False
4,young_professional,2026-05-12,Local Mart,Groceries,62.75,Cash,False
4,young_professional,2026-05-13,Pizza Hut,Dining,24.02,Mobile Wallet,False
4,young_professional,2026-05-13,Local Cafe,Dining,17.34,Debit Card,False
4,young_professional,2026-05-16,IKEA,Shopping,73.03,Cash,False
4,young_professional,2026-05-16,IKEA,Shopping,98.31,Credit Card,False
4,young_professional,2026-05-17,Shell Gas,Transport,8.23,Mobile Wallet,False
4,young_professional,2026-05-18,Local Mart,Groceries,17.21,Credit Card,False
4,young_professional,2026-05-20,Uber,Transport,1.0,Mobile Wallet,False
4,young_professional,2026-05-20,Pizza Hut,Dining,19.9,Debit Card,False
4,young_professional,2026-05-22,McDonalds,Dining,22.49,Debit Card,False
4,young_professional,2026-05-23,Metro Card,Transport,14.13,Credit Card,False
4,young_professional,2026-05-23,Spotify,Entertainment,5.93,Credit Card,False
4,young_professional,2026-05-23,Careem,Transport,1.0,Cash,False
4,young_professional,2026-05-24,Pizza Hut,Dining,29.44,Mobile Wallet,False
4,young_professional,2026-05-24,Uber,Transport,25.88,Debit Card,False
4,young_professional,2026-05-26,Local Cafe,Dining,9.43,Cash,False
4,young_professional,2026-05-28,Landlord Transfer,Rent,348.55,Mobile Wallet,False
4,young_professional,2026-05-29,Landlord Transfer,Rent,532.16,Debit Card,False
4,young_professional,2026-05-29,Landlord Transfer,Rent,637.04,Mobile Wallet,False
4,young_professional,2026-05-30,Shell Gas,Transport,23.44,Cash,False
4,young_professional,2026-05-30,Water Board,Utilities,64.68,Credit Card,False
4,young_professional,2026-05-31,Landlord Transfer,Rent,475.15,Debit Card,False
4,young_professional,2026-05-31,Landlord Transfer,Rent,735.02,Mobile Wallet,False
4,young_professional,2026-06-01,Walmart,Groceries,1.0,Cash,False
4,young_professional,2026-06-03,Pizza Hut,Dining,28.42,Mobile Wallet,False
4,young_professional,2026-06-03,Careem,Transport,16.67,Cash,False
4,young_professional,2026-06-03,Local Cafe,Dining,34.49,Debit Card,False
4,young_professional,2026-06-05,Amazon,Shopping,97.82,Debit Card,False
4,young_professional,2026-06-06,Uber,Transport,9.38,Mobile Wallet,False
4,young_professional,2026-06-07,Careem,Transport,9.29,Mobile Wallet,False
4,young_professional,2026-06-07,Walmart,Groceries,55.73,Cash,False
4,young_professional,2026-06-10,Pizza Hut,Dining,34.55,Credit Card,False
4,young_professional,2026-06-10,Landlord Transfer,Rent,440.61,Cash,False
4,young_professional,2026-06-11,Carrefour,Groceries,38.41,Debit Card,False
4,young_professional,2026-06-13,Local Mart,Groceries,14.03,Debit Card,False
4,young_professional,2026-06-14,Netflix,Entertainment,29.95,Debit Card,False
4,young_professional,2026-06-15,Carrefour,Groceries,58.15,Debit Card,False
4,young_professional,2026-06-15,Local Cafe,Dining,15.31,Credit Card,False
4,young_professional,2026-06-16,Shell Gas,Transport,18.74,Cash,False
4,young_professional,2026-06-16,Local Cafe,Dining,14.31,Debit Card,False
4,young_professional,2026-06-18,McDonalds,Dining,24.73,Credit Card,False
4,young_professional,2026-06-19,Local Mart,Groceries,4.45,Mobile Wallet,False
4,young_professional,2026-06-19,Metro Card,Transport,25.58,Mobile Wallet,False
4,young_professional,2026-06-19,Fresh Foods,Groceries,27.02,Credit Card,False
4,young_professional,2026-06-20,Daraz,Shopping,75.94,Cash,False
4,young_professional,2026-06-23,Netflix,Entertainment,11.74,Mobile Wallet,False
4,young_professional,2026-06-24,Local Cafe,Dining,10.2,Cash,False
4,young_professional,2026-06-24,Starbucks,Dining,31.31,Debit Card,False
4,young_professional,2026-06-25,Clinic,Healthcare,61.79,Mobile Wallet,False
4,young_professional,2026-06-27,Uber,Transport,26.64,Credit Card,False
4,young_professional,2026-06-28,Landlord Transfer,Rent,592.8,Cash,False
4,young_professional,2026-06-29,Water Board,Utilities,70.86,Debit Card,False
4,young_professional,2026-06-30,Pizza Hut,Dining,10.27,Debit Card,False
4,young_professional,2026-06-30,Local Mart,Groceries,52.45,Cash,False
4,young_professional,2026-07-01,Netflix,Entertainment,31.67,Cash,False
4,young_professional,2026-07-01,Daraz,Shopping,115.93,Cash,False
4,young_professional,2026-07-01,Starbucks,Dining,10.65,Cash,False
4,young_professional,2026-07-03,Walmart,Groceries,50.82,Debit Card,False
4,young_professional,2026-07-03,Daraz,Shopping,21.13,Debit Card,False
4,young_professional,2026-07-04,Local Mart,Groceries,58.74,Credit Card,False
4,young_professional,2026-07-04,McDonalds,Dining,18.76,Credit Card,False
4,young_professional,2026-07-05,McDonalds,Dining,15.27,Cash,False
4,young_professional,2026-07-06,Landlord Transfer,Rent,662.22,Mobile Wallet,False
4,young_professional,2026-07-09,Landlord Transfer,Rent,695.11,Mobile Wallet,False
4,young_professional,2026-07-11,Zara,Shopping,79.13,Cash,False
4,young_professional,2026-07-12,Fresh Foods,Groceries,44.47,Debit Card,False
4,young_professional,2026-07-12,Local Cafe,Dining,29.87,Cash,False
4,young_professional,2026-07-12,Fresh Foods,Groceries,61.55,Credit Card,False
4,young_professional,2026-07-13,Amazon,Shopping,19.87,Debit Card,False
4,young_professional,2026-07-14,Metro Card,Transport,8.98,Mobile Wallet,False
4,young_professional,2026-07-14,Gas Company,Utilities,41.67,Mobile Wallet,False
4,young_professional,2026-07-14,Carrefour,Groceries,60.33,Cash,False
4,young_professional,2026-07-15,Carrefour,Groceries,7.71,Cash,False
4,young_professional,2026-07-15,Shell Gas,Transport,19.01,Cash,False
4,young_professional,2026-07-15,Fresh Foods,Groceries,30.58,Debit Card,False
4,young_professional,2026-07-16,Landlord Transfer,Rent,471.2,Credit Card,False
4,young_professional,2026-07-16,Zara,Shopping,32.52,Debit Card,False
4,young_professional,2026-07-17,Steam,Entertainment,25.15,Credit Card,False
4,young_professional,2026-07-19,Zara,Shopping,99.03,Mobile Wallet,False
4,young_professional,2026-07-20,Starbucks,Dining,28.61,Debit Card,False
4,young_professional,2026-07-20,McDonalds,Dining,38.86,Credit Card,False
4,young_professional,2026-07-20,Pizza Hut,Dining,7.85,Mobile Wallet,False
4,young_professional,2026-07-21,Metro Card,Transport,20.97,Debit Card,False
4,young_professional,2026-07-24,Daraz,Shopping,147.8,Cash,False
4,young_professional,2026-07-24,Local Mart,Groceries,69.56,Debit Card,False
4,young_professional,2026-07-25,Landlord Transfer,Rent,498.05,Mobile Wallet,False
4,young_professional,2026-07-26,IKEA,Shopping,1.0,Mobile Wallet,False
4,young_professional,2026-07-26,Zara,Shopping,49.04,Mobile Wallet,False
4,young_professional,2026-07-27,McDonalds,Dining,7.74,Credit Card,False
4,young_professional,2026-07-28,Metro Card,Transport,21.84,Mobile Wallet,False
4,young_professional,2026-07-29,Carrefour,Groceries,46.42,Debit Card,False
4,young_professional,2026-07-31,Pizza Hut,Dining,18.77,Credit Card,False
4,young_professional,2026-08-01,Uber,Transport,1.0,Cash,False
4,young_professional,2026-08-01,Metro Card,Transport,1.16,Mobile Wallet,False
4,young_professional,2026-08-03,Shell Gas,Transport,23.61,Credit Card,False
4,young_professional,2026-08-03,McDonalds,Dining,36.07,Mobile Wallet,False
4,young_professional,2026-08-03,Careem,Transport,16.05,Cash,False
4,young_professional,2026-08-03,Local Mart,Groceries,29.08,Mobile Wallet,False
4,young_professional,2026-08-04,Pizza Hut,Dining,19.85,Credit Card,False
4,young_professional,2026-08-04,IKEA,Shopping,110.63,Credit Card,False
4,young_professional,2026-08-05,Carrefour,Groceries,36.67,Cash,False
4,young_professional,2026-08-07,Shell Gas,Transport,2.81,Credit Card,False
4,young_professional,2026-08-07,Gas Company,Utilities,45.87,Mobile Wallet,False
4,young_professional,2026-08-07,Local Mart,Groceries,53.48,Credit Card,False
4,young_professional,2026-08-07,Airline Co,Travel,283.94,Credit Card,False
4,young_professional,2026-08-08,IKEA,Shopping,22.46,Cash,False
4,young_professional,2026-08-09,Hotel Booking,Travel,98.76,Cash,False
4,young_professional,2026-08-09,Daraz,Shopping,38.88,Debit Card,False
4,young_professional,2026-08-11,Local Cafe,Dining,11.93,Credit Card,False
4,young_professional,2026-08-11,Electric Co,Utilities,58.46,Credit Card,False
4,young_professional,2026-08-12,Daraz,Shopping,72.77,Cash,False
4,young_professional,2026-08-13,Hotel Booking,Travel,365.2,Mobile Wallet,False
4,young_professional,2026-08-14,Daraz,Shopping,3.47,Debit Card,False
4,young_professional,2026-08-15,Pizza Hut,Dining,20.93,Cash,False
4,young_professional,2026-08-15,Carrefour,Groceries,21.76,Mobile Wallet,False
4,young_professional,2026-08-17,Shell Gas,Transport,10.32,Cash,False
4,young_professional,2026-08-18,Landlord Transfer,Rent,501.88,Cash,False
4,young_professional,2026-08-20,IKEA,Shopping,8.13,Credit Card,False
4,young_professional,2026-08-20,Local Mart,Groceries,42.63,Cash,False
4,young_professional,2026-08-22,Walmart,Groceries,19.95,Mobile Wallet,False
4,young_professional,2026-08-22,Local Mart,Groceries,40.78,Credit Card,False
4,young_professional,2026-08-23,AirBnB,Travel,40.91,Mobile Wallet,False
4,young_professional,2026-08-23,Shell Gas,Transport,66.97,Debit Card,True
4,young_professional,2026-08-24,Uber,Transport,12.82,Mobile Wallet,False
4,young_professional,2026-08-24,Carrefour,Groceries,24.84,Mobile Wallet,False
4,young_professional,2026-08-25,Careem,Transport,7.88,Debit Card,False
4,young_professional,2026-08-25,Walmart,Groceries,47.44,Credit Card,False
4,young_professional,2026-08-25,Daraz,Shopping,33.59,Credit Card,False
4,young_professional,2026-08-26,Local Cafe,Dining,29.81,Cash,False
4,young_professional,2026-08-28,Metro Card,Transport,6.98,Debit Card,False
4,young_professional,2026-08-28,Hotel Booking,Travel,275.04,Debit Card,False
4,young_professional,2026-08-29,Landlord Transfer,Rent,446.64,Mobile Wallet,False
4,young_professional,2026-08-29,Landlord Transfer,Rent,515.97,Debit Card,False
4,young_professional,2026-08-30,Careem,Transport,9.07,Cash,False
4,young_professional,2026-08-31,Steam,Entertainment,4.99,Mobile Wallet,False
4,young_professional,2026-09-01,Shell Gas,Transport,9.73,Debit Card,False
4,young_professional,2026-09-01,Metro Card,Transport,1.0,Cash,False
4,young_professional,2026-09-01,Zara,Shopping,12.95,Cash,False
4,young_professional,2026-09-01,Metro Card,Transport,28.77,Debit Card,False
5,young_professional,2026-03-05,Shell Gas,Transport,24.76,Cash,False
5,young_professional,2026-03-06,Spotify,Entertainment,28.76,Cash,False
5,young_professional,2026-03-07,Local Mart,Groceries,44.7,Debit Card,False
5,young_professional,2026-03-08,IKEA,Shopping,1.0,Cash,False
5,young_professional,2026-03-10,Metro Card,Transport,11.74,Cash,False
5,young_professional,2026-03-10,Zara,Shopping,1.0,Cash,False
5,young_professional,2026-03-11,Walmart,Groceries,57.92,Mobile Wallet,False
5,young_professional,2026-03-12,Metro Card,Transport,14.57,Cash,False
5,young_professional,2026-03-12,Starbucks,Dining,19.94,Cash,False
5,young_professional,2026-03-12,McDonalds,Dining,9.85,Cash,False
5,young_professional,2026-03-13,Amazon,Shopping,12.35,Cash,False
5,young_professional,2026-03-16,Local Cafe,Dining,30.4,Cash,False
5,young_professional,2026-03-17,Local Cafe,Dining,14.04,Debit Card,False
5,young_professional,2026-03-17,Careem,Transport,27.23,Cash,False
5,young_professional,2026-03-17,AirBnB,Travel,313.11,Cash,False
5,young_professional,2026-03-17,Spotify,Entertainment,21.49,Credit Card,False
5,young_professional,2026-03-19,Starbucks,Dining,14.36,Debit Card,False
5,young_professional,2026-03-20,McDonalds,Dining,25.92,Debit Card,False
5,young_professional,2026-03-20,Careem,Transport,18.29,Credit Card,False
5,young_professional,2026-03-21,Electric Co,Utilities,75.2,Mobile Wallet,False
5,young_professional,2026-03-21,Shell Gas,Transport,20.44,Mobile Wallet,False
5,young_professional,2026-03-21,Netflix,Entertainment,20.31,Debit Card,False
5,young_professional,2026-03-22,Uber,Transport,24.98,Debit Card,False
5,young_professional,2026-03-23,Metro Card,Transport,5.33,Mobile Wallet,False
5,young_professional,2026-03-24,Landlord Transfer,Rent,436.17,Debit Card,False
5,young_professional,2026-03-24,Pizza Hut,Dining,16.76,Cash,False
5,young_professional,2026-03-26,Pizza Hut,Dining,22.58,Credit Card,False
5,young_professional,2026-03-27,Landlord Transfer,Rent,540.81,Debit Card,False
5,young_professional,2026-03-27,Netflix,Entertainment,20.51,Debit Card,False
5,young_professional,2026-03-28,IKEA,Shopping,61.42,Debit Card,False
5,young_professional,2026-03-29,Landlord Transfer,Rent,721.25,Mobile Wallet,False
5,young_professional,2026-03-30,Gas Company,Utilities,76.34,Debit Card,False
5,young_professional,2026-03-30,Cinema,Entertainment,10.74,Credit Card,False
5,young_professional,2026-03-31,Landlord Transfer,Rent,479.63,Cash,False
5,young_professional,2026-04-01,Landlord Transfer,Rent,680.65,Cash,False
5,young_professional,2026-04-03,Shell Gas,Transport,15.03,Mobile Wallet,False
5,young_professional,2026-04-03,Fresh Foods,Groceries,45.67,Debit Card,False
5,young_professional,2026-04-04,Landlord Transfer,Rent,442.83,Cash,False
5,young_professional,2026-04-04,Landlord Transfer,Rent,533.26,Credit Card,False
5,young_professional,2026-04-05,Pizza Hut,Dining,16.6,Debit Card,False
5,young_professional,2026-04-05,Metro Card,Transport,14.46,Cash,False
5,young_professional,2026-04-05,Carrefour,Groceries,46.36,Credit Card,False
5,young_professional,2026-04-06,Zara,Shopping,56.58,Cash,False
5,young_professional,2026-04-07,Carrefour,Groceries,43.22,Debit Card,False
5,young_professional,2026-04-07,Metro Card,Transport,7.51,Mobile Wallet,False
5,young_professional,2026-04-08,Internet ISP,Utilities,40.09,Credit Card,False
5,young_professional,2026-04-10,IKEA,Shopping,128.09,Credit Card,False
5,young_professional,2026-04-10,Careem,Transport,10.17,Debit Card,False
5,young_professional,2026-04-12,Fresh Foods,Groceries,49.3,Cash,False
5,young_professional,2026-04-13,Carrefour,Groceries,42.24,Credit Card,False
5,young_professional,2026-04-13,Shell Gas,Transport,9.69,Mobile Wallet,False
5,young_professional,2026-04-14,Careem,Transport,23.64,Mobile Wallet,False
5,young_professional,2026-04-16,Local Mart,Groceries,52.11,Cash,False
5,young_professional,2026-04-18,Shell Gas,Transport,12.83,Credit Card,False
5,young_professional,2026-04-18,Landlord Transfer,Rent,6743.36,Debit Card,True
5,young_professional,2026-04-19,Pharmacy,Healthcare,10.61,Credit Card,False
5,young_professional,2026-04-19,Dental Care,Healthcare,59.7,Cash,False
5,young_professional,2026-04-19,Carrefour,Groceries,198.85,Cash,True
5,young_professional,2026-04-20,Electric Co,Utilities,86.07,Cash,False
5,young_professional,2026-04-21,Pizza Hut,Dining,10.18,Debit Card,False
5,young_professional,2026-04-23,Careem,Transport,5.92,Debit Card,False
5,young_professional,2026-04-24,Fresh Foods,Groceries,24.16,Debit Card,False
5,young_professional,2026-04-24,Local Cafe,Dining,7.41,Cash,False
5,young_professional,2026-04-24,Fresh Foods,Groceries,26.63,Mobile Wallet,False
5,young_professional,2026-04-25,Water Board,Utilities,66.39,Debit Card,False
5,young_professional,2026-04-27,Landlord Transfer,Rent,525.72,Mobile Wallet,False
5,young_professional,2026-04-28,Landlord Transfer,Rent,475.93,Credit Card,False
5,young_professional,2026-04-28,McDonalds,Dining,9.48,Credit Card,False
5,young_professional,2026-04-28,Daraz,Shopping,1.0,Debit Card,False
5,young_professional,2026-04-28,Spotify,Entertainment,9.88,Cash,False
5,young_professional,2026-04-29,IKEA,Shopping,19.08,Credit Card,False
5,young_professional,2026-04-29,Careem,Transport,7.97,Mobile Wallet,False
5,young_professional,2026-04-29,Airline Co,Travel,185.81,Mobile Wallet,False
5,young_professional,2026-04-30,McDonalds,Dining,23.57,Mobile Wallet,False
5,young_professional,2026-05-01,Clinic,Healthcare,30.98,Mobile Wallet,False
5,young_professional,2026-05-02,IKEA,Shopping,39.78,Credit Card,False
5,young_professional,2026-05-03,Local Cafe,Dining,14.69,Cash,False
5,young_professional,2026-05-03,Amazon,Shopping,16.2,Mobile Wallet,False
5,young_professional,2026-05-03,Internet ISP,Utilities,52.05,Credit Card,False
5,young_professional,2026-05-03,Carrefour,Groceries,30.79,Credit Card,False
5,young_professional,2026-05-04,Uber,Transport,6.32,Mobile Wallet,False
5,young_professional,2026-05-04,Pizza Hut,Dining,32.1,Credit Card,False
5,young_professional,2026-05-06,Walmart,Groceries,37.82,Credit Card,False
5,young_professional,2026-05-06,Local Cafe,Dining,19.43,Credit Card,False
5,young_professional,2026-05-07,Local Mart,Groceries,31.33,Mobile Wallet,False
5,young_professional,2026-05-09,Careem,Transport,9.03,Debit Card,False
5,young_professional,2026-05-11,Steam,Entertainment,7.72,Cash,False
5,young_professional,2026-05-12,Local Cafe,Dining,7.03,Mobile Wallet,False
5,young_professional,2026-05-12,Local Cafe,Dining,3.23,Mobile Wallet,False
5,young_professional,2026-05-13,McDonalds,Dining,2.67,Debit Card,False
5,young_professional,2026-05-13,Landlord Transfer,Rent,480.37,Credit Card,False
5,young_professional,2026-05-13,Starbucks,Dining,17.36,Mobile Wallet,False
5,young_professional,2026-05-14,Water Board,Utilities,70.73,Debit Card,False
5,young_professional,2026-05-14,McDonalds,Dining,29.51,Credit Card,False
5,young_professional,2026-05-15,Landlord Transfer,Rent,478.1,Mobile Wallet,False
5,young_professional,2026-05-15,Fresh Foods,Groceries,65.04,Mobile Wallet,False
5,young_professional,2026-05-15,Spotify,Entertainment,5.57,Debit Card,False
5,young_professional,2026-05-15,IKEA,Shopping,78.44,Cash,False
5,young_professional,2026-05-18,Airline Co,Travel,89.48,Cash,False
5,young_professional,2026-05-18,Airline Co,Travel,67.38,Credit Card,False
5,young_professional,2026-05-19,Uber,Transport,1.0,Mobile Wallet,False
5,young_professional,2026-05-19,McDonalds,Dining,27.6,Debit Card,False
5,young_professional,2026-05-21,Airline Co,Travel,269.37,Credit Card,False
5,young_professional,2026-05-21,McDonalds,Dining,12.29,Credit Card,False
5,young_professional,2026-05-21,Fresh Foods,Groceries,42.95,Credit Card,False
5,young_professional,2026-05-22,Careem,Transport,8.7,Credit Card,False
5,young_professional,2026-05-22,Fresh Foods,Groceries,53.7,Mobile Wallet,False
5,young_professional,2026-05-23,Careem,Transport,16.12,Debit Card,False
5,young_professional,2026-05-24,McDonalds,Dining,9.66,Debit Card,False
5,young_professional,2026-05-25,Landlord Transfer,Rent,426.84,Debit Card,False
5,young_professional,2026-05-26,Local Mart,Groceries,68.36,Cash,False
5,young_professional,2026-05-26,Carrefour,Groceries,44.67,Cash,False
5,young_professional,2026-05-26,Daraz,Shopping,1.0,Debit Card,False
5,young_professional,2026-05-27,Hotel Booking,Travel,253.35,Cash,False
5,young_professional,2026-05-28,Cinema,Entertainment,16.92,Credit Card,False
5,young_professional,2026-05-29,Daraz,Shopping,64.72,Mobile Wallet,False
5,young_professional,2026-05-30,Fresh Foods,Groceries,8.77,Credit Card,False
5,young_professional,2026-05-31,Pizza Hut,Dining,1.0,Mobile Wallet,False
5,young_professional,2026-06-01,Cinema,Entertainment,22.51,Mobile Wallet,False
5,young_professional,2026-06-01,Metro Card,Transport,16.77,Debit Card,False
5,young_professional,2026-06-02,Local Mart,Groceries,36.52,Mobile Wallet,False
5,young_professional,2026-06-02,Daraz,Shopping,1.0,Mobile Wallet,False
5,young_professional,2026-06-03,Carrefour,Groceries,48.89,Debit Card,False
5,young_professional,2026-06-06,Zara,Shopping,102.1,Debit Card,False
5,young_professional,2026-06-06,Metro Card,Transport,10.3,Credit Card,False
5,young_professional,2026-06-07,IKEA,Shopping,5.59,Mobile Wallet,False
5,young_professional,2026-06-08,Water Board,Utilities,37.56,Mobile Wallet,False
5,young_professional,2026-06-09,Daraz,Shopping,8.95,Cash,False
5,young_professional,2026-06-09,Starbucks,Dining,1.0,Cash,False
5,young_professional,2026-06-09,Landlord Transfer,Rent,497.77,Mobile Wallet,False
5,young_professional,2026-06-09,Zara,Shopping,27.44,Credit Card,False
5,young_professional,2026-06-11,Daraz,Shopping,17.38,Credit Card,False
5,young_professional,2026-06-12,Local Mart,Groceries,40.52,Mobile Wallet,False
5,young_professional,2026-06-12,AirBnB,Travel,47.05,Credit Card,False
5,young_professional,2026-06-13,Amazon,Shopping,63.25,Debit Card,False
5,young_professional,2026-06-13,Daraz,Shopping,39.15,Mobile Wallet,False
5,young_professional,2026-06-14,Starbucks,Dining,10.32,Cash,False
5,young_professional,2026-06-14,Shell Gas,Transport,16.51,Credit Card,False
5,young_professional,2026-06-14,Starbucks,Dining,4.76,Debit Card,False
5,young_professional,2026-06-16,Walmart,Groceries,49.5,Mobile Wallet,False
5,young_professional,2026-06-17,Carrefour,Groceries,29.53,Debit Card,False
5,young_professional,2026-06-18,IKEA,Shopping,46.76,Debit Card,False
5,young_professional,2026-06-18,Local Mart,Groceries,51.4,Cash,False
5,young_professional,2026-06-19,Hotel Booking,Travel,63.3,Mobile Wallet,False
5,young_professional,2026-06-19,Internet ISP,Utilities,35.63,Cash,False
5,young_professional,2026-06-19,Pizza Hut,Dining,24.49,Cash,False
5,young_professional,2026-06-20,Local Cafe,Dining,26.11,Mobile Wallet,False
5,young_professional,2026-06-21,Electric Co,Utilities,81.1,Mobile Wallet,False
5,young_professional,2026-06-21,Hotel Booking,Travel,171.97,Debit Card,False
5,young_professional,2026-06-21,Pizza Hut,Dining,12.12,Cash,False
5,young_professional,2026-06-22,Fresh Foods,Groceries,61.27,Credit Card,False
5,young_professional,2026-06-22,Careem,Transport,8.36,Debit Card,False
5,young_professional,2026-06-24,Amazon,Shopping,13.41,Cash,False
5,young_professional,2026-06-24,Metro Card,Transport,6.12,Cash,False
5,young_professional,2026-06-26,Careem,Transport,25.25,Debit Card,False
5,young_professional,2026-06-26,Shell Gas,Transport,19.13,Debit Card,False
5,young_professional,2026-06-27,Metro Card,Transport,12.03,Debit Card,False
5,young_professional,2026-06-27,Hotel Booking,Travel,122.78,Cash,False
5,young_professional,2026-06-27,Shell Gas,Transport,13.95,Mobile Wallet,False
5,young_professional,2026-06-28,Landlord Transfer,Rent,552.65,Mobile Wallet,False
5,young_professional,2026-06-30,Careem,Transport,8.18,Cash,False
5,young_professional,2026-06-30,Starbucks,Dining,15.03,Debit Card,False
5,young_professional,2026-07-01,Local Cafe,Dining,15.54,Debit Card,False
5,young_professional,2026-07-01,AirBnB,Travel,1.0,Credit Card,False
5,young_professional,2026-07-02,Walmart,Groceries,39.08,Credit Card,False
5,young_professional,2026-07-02,McDonalds,Dining,17.02,Credit Card,False
5,young_professional,2026-07-02,Metro Card,Transport,3.14,Debit Card,False
5,young_professional,2026-07-03,Water Board,Utilities,56.8,Credit Card,False
5,young_professional,2026-07-04,Landlord Transfer,Rent,593.65,Credit Card,False
5,young_professional,2026-07-05,Landlord Transfer,Rent,501.09,Mobile Wallet,False
5,young_professional,2026-07-07,Zara,Shopping,77.44,Credit Card,False
5,young_professional,2026-07-09,IKEA,Shopping,74.76,Mobile Wallet,False
5,young_professional,2026-07-09,McDonalds,Dining,1.0,Credit Card,False
5,young_professional,2026-07-10,AirBnB,Travel,319.68,Mobile Wallet,False
5,young_professional,2026-07-12,McDonalds,Dining,1.0,Credit Card,False
5,young_professional,2026-07-12,Zara,Shopping,129.27,Cash,False
5,young_professional,2026-07-13,Amazon,Shopping,35.73,Mobile Wallet,False
5,young_professional,2026-07-14,Airline Co,Travel,199.17,Credit Card,False
5,young_professional,2026-07-16,Pharmacy,Healthcare,70.36,Debit Card,False
5,young_professional,2026-07-16,Careem,Transport,7.11,Debit Card,False
5,young_professional,2026-07-17,Internet ISP,Utilities,70.09,Cash,False
5,young_professional,2026-07-18,Internet ISP,Utilities,44.81,Mobile Wallet,False
5,young_professional,2026-07-18,McDonalds,Dining,82.13,Mobile Wallet,True
5,young_professional,2026-07-19,Hotel Booking,Travel,361.3,Debit Card,False
5,young_professional,2026-07-19,Daraz,Shopping,63.43,Cash,False
5,young_professional,2026-07-20,Walmart,Groceries,6.08,Credit Card,False
5,young_professional,2026-07-20,McDonalds,Dining,8.98,Mobile Wallet,False
5,young_professional,2026-07-21,Local Cafe,Dining,1.0,Mobile Wallet,False
5,young_professional,2026-07-22,Steam,Entertainment,9.04,Credit Card,False
5,young_professional,2026-07-24,McDonalds,Dining,1.0,Debit Card,False
5,young_professional,2026-07-25,Uber,Transport,11.19,Mobile Wallet,False
5,young_professional,2026-07-25,Dental Care,Healthcare,58.37,Cash,False
5,young_professional,2026-07-26,Netflix,Entertainment,3.9,Credit Card,False
5,young_professional,2026-07-27,Landlord Transfer,Rent,351.59,Debit Card,False
5,young_professional,2026-07-27,AirBnB,Travel,168.73,Mobile Wallet,False
5,young_professional,2026-07-29,Zara,Shopping,39.71,Credit Card,False
5,young_professional,2026-07-31,McDonalds,Dining,11.2,Cash,False
5,young_professional,2026-08-01,McDonalds,Dining,16.03,Debit Card,False
5,young_professional,2026-08-01,Zara,Shopping,36.42,Credit Card,False
5,young_professional,2026-08-01,Landlord Transfer,Rent,459.07,Debit Card,False
5,young_professional,2026-08-02,Steam,Entertainment,288.24,Cash,True
5,young_professional,2026-08-03,Spotify,Entertainment,7.37,Debit Card,False
5,young_professional,2026-08-05,Dental Care,Healthcare,66.09,Cash,False
5,young_professional,2026-08-05,Steam,Entertainment,22.55,Debit Card,False
5,young_professional,2026-08-06,Uber,Transport,13.6,Cash,False
5,young_professional,2026-08-06,Amazon,Shopping,61.81,Credit Card,False
5,young_professional,2026-08-07,Local Cafe,Dining,27.55,Debit Card,False
5,young_professional,2026-08-08,Amazon,Shopping,8.85,Cash,False
5,young_professional,2026-08-10,Gas Company,Utilities,43.1,Cash,False
5,young_professional,2026-08-10,Electric Co,Utilities,66.15,Cash,False
5,young_professional,2026-08-10,IKEA,Shopping,22.02,Mobile Wallet,False
5,young_professional,2026-08-11,Carrefour,Groceries,29.91,Cash,False
5,young_professional,2026-08-13,Steam,Entertainment,17.23,Mobile Wallet,False
5,young_professional,2026-08-17,Carrefour,Groceries,53.33,Mobile Wallet,False
5,young_professional,2026-08-17,Amazon,Shopping,69.45,Cash,False
5,young_professional,2026-08-23,Landlord Transfer,Rent,437.66,Credit Card,False
5,young_professional,2026-08-23,McDonalds,Dining,21.38,Cash,False
5,young_professional,2026-08-24,Starbucks,Dining,28.8,Mobile Wallet,False
5,young_professional,2026-08-24,AirBnB,Travel,341.42,Debit Card,False
5,young_professional,2026-08-26,Steam,Entertainment,9.58,Cash,False
5,young_professional,2026-08-26,Internet ISP,Utilities,58.57,Credit Card,False
5,young_professional,2026-08-26,Uber,Transport,11.17,Credit Card,False
5,young_professional,2026-08-27,Zara,Shopping,29.61,Mobile Wallet,False
5,young_professional,2026-08-27,Hotel Booking,Travel,147.37,Cash,False
5,young_professional,2026-08-28,McDonalds,Dining,1.0,Debit Card,False
5,young_professional,2026-08-28,Netflix,Entertainment,16.02,Debit Card,False
5,young_professional,2026-08-28,Landlord Transfer,Rent,451.72,Mobile Wallet,False
5,young_professional,2026-08-29,Steam,Entertainment,9.47,Credit Card,False
5,young_professional,2026-08-30,Amazon,Shopping,82.83,Credit Card,False
5,young_professional,2026-08-30,Local Mart,Groceries,36.81,Credit Card,False
5,young_professional,2026-08-31,Internet ISP,Utilities,83.58,Mobile Wallet,False
6,student,2026-03-08,Local Mart,Groceries,59.01,Mobile Wallet,False
6,student,2026-03-08,Local Cafe,Dining,20.89,Credit Card,False
6,student,2026-03-11,Spotify,Entertainment,4.43,Debit Card,False
6,student,2026-03-11,Fresh Foods,Groceries,49.45,Debit Card,False
6,student,2026-03-12,Carrefour,Groceries,44.85,Cash,False
6,student,2026-03-12,Zara,Shopping,106.35,Cash,False
6,student,2026-03-12,IKEA,Shopping,36.55,Debit Card,False
6,student,2026-03-12,McDonalds,Dining,25.57,Debit Card,False
6,student,2026-03-14,Steam,Entertainment,9.66,Cash,False
6,student,2026-03-15,Fresh Foods,Groceries,30.19,Cash,False
6,student,2026-03-16,Steam,Entertainment,9.11,Credit Card,False
6,student,2026-03-16,Shell Gas,Transport,8.33,Cash,False
6,student,2026-03-17,Starbucks,Dining,8.41,Mobile Wallet,False
6,student,2026-03-19,Coursera,Education,1.0,Mobile Wallet,False
6,student,2026-03-20,Electric Co,Utilities,73.16,Debit Card,False
6,student,2026-03-20,Pizza Hut,Dining,17.3,Credit Card,False
6,student,2026-03-21,Fresh Foods,Groceries,37.33,Cash,False
6,student,2026-03-24,Fresh Foods,Groceries,26.31,Cash,False
6,student,2026-03-25,Steam,Entertainment,34.73,Cash,False
6,student,2026-03-25,Steam,Entertainment,19.15,Debit Card,False
6,student,2026-03-27,Zara,Shopping,98.62,Cash,False
6,student,2026-03-27,Clinic,Healthcare,71.0,Mobile Wallet,False
6,student,2026-03-29,Zara,Shopping,46.25,Debit Card,False
6,student,2026-03-30,Local Cafe,Dining,25.66,Cash,False
6,student,2026-03-31,Bookstore,Education,7.84,Mobile Wallet,False
6,student,2026-03-31,Starbucks,Dining,26.51,Cash,False
6,student,2026-04-01,Steam,Entertainment,14.21,Cash,False
6,student,2026-04-01,Fresh Foods,Groceries,35.49,Cash,False
6,student,2026-04-03,Uber,Transport,10.05,Debit Card,False
6,student,2026-04-04,Starbucks,Dining,22.34,Credit Card,False
6,student,2026-04-05,Gas Company,Utilities,48.07,Debit Card,False
6,student,2026-04-05,IKEA,Shopping,43.03,Cash,False
6,student,2026-04-05,Walmart,Groceries,22.35,Mobile Wallet,False
6,student,2026-04-05,Dental Care,Healthcare,89.62,Debit Card,False
6,student,2026-04-10,Zara,Shopping,126.04,Debit Card,False
6,student,2026-04-10,Local Mart,Groceries,33.09,Debit Card,False
6,student,2026-04-11,Local Cafe,Dining,19.43,Mobile Wallet,False
6,student,2026-04-12,Uber,Transport,12.08,Mobile Wallet,False
6,student,2026-04-12,Local Cafe,Dining,34.35,Mobile Wallet,False
6,student,2026-04-16,Local Cafe,Dining,31.12,Credit Card,False
6,student,2026-04-17,Local Mart,Groceries,36.02,Credit Card,False
6,student,2026-04-21,Uber,Transport,210.66,Cash,True
6,student,2026-04-22,Spotify,Entertainment,21.72,Credit Card,False
6,student,2026-04-22,Local Cafe,Dining,12.27,Cash,False
6,student,2026-04-23,Local Cafe,Dining,21.86,Credit Card,False
6,student,2026-04-23,Uber,Transport,18.7,Credit Card,False
6,student,2026-04-24,Hospital,Healthcare,1.0,Debit Card,False
6,student,2026-04-25,Careem,Transport,1.0,Mobile Wallet,False
6,student,2026-04-25,Local Mart,Groceries,15.75,Mobile Wallet,False
6,student,2026-04-25,Local Cafe,Dining,15.71,Debit Card,False
6,student,2026-04-26,Local Mart,Groceries,28.01,Credit Card,False
6,student,2026-04-26,Local Cafe,Dining,15.52,Credit Card,False
6,student,2026-04-29,Pizza Hut,Dining,9.44,Mobile Wallet,False
6,student,2026-04-29,Netflix,Entertainment,15.36,Credit Card,False
6,student,2026-04-30,Water Board,Utilities,69.61,Cash,False
6,student,2026-05-01,Bookstore,Education,3.62,Cash,False
6,student,2026-05-01,Local Cafe,Dining,32.71,Debit Card,False
6,student,2026-05-01,Local Cafe,Dining,11.01,Cash,False
6,student,2026-05-03,Fresh Foods,Groceries,118.95,Mobile Wallet,True
6,student,2026-05-04,Local Mart,Groceries,21.29,Credit Card,False
6,student,2026-05-04,Cinema,Entertainment,16.26,Credit Card,False
6,student,2026-05-05,Amazon,Shopping,36.23,Credit Card,False
6,student,2026-05-06,Shell Gas,Transport,15.92,Credit Card,False
6,student,2026-05-06,Daraz,Shopping,76.91,Debit Card,False
6,student,2026-05-08,Carrefour,Groceries,75.83,Debit Card,False
6,student,2026-05-10,Local Mart,Groceries,57.76,Mobile Wallet,False
6,student,2026-05-11,Fresh Foods,Groceries,9.5,Debit Card,False
6,student,2026-05-11,Fresh Foods,Groceries,71.69,Debit Card,False
6,student,2026-05-11,Careem,Transport,11.3,Mobile Wallet,False
6,student,2026-05-12,Tuition Center,Education,69.71,Credit Card,False
6,student,2026-05-14,Spotify,Entertainment,22.68,Mobile Wallet,False
6,student,2026-05-14,Gas Company,Utilities,47.51,Mobile Wallet,False
6,student,2026-05-15,Uber,Transport,5.05,Debit Card,False
6,student,2026-05-15,Coursera,Education,32.45,Cash,False
6,student,2026-05-19,Netflix,Entertainment,17.51,Credit Card,False
6,student,2026-05-20,Spotify,Entertainment,6.88,Cash,False
6,student,2026-05-21,Bookstore,Education,5.14,Debit Card,False
6,student,2026-05-21,Fresh Foods,Groceries,43.74,Credit Card,False
6,student,2026-05-22,Shell Gas,Transport,17.16,Mobile Wallet,False
6,student,2026-05-23,Shell Gas,Transport,12.16,Mobile Wallet,False
6,student,2026-05-23,IKEA,Shopping,41.43,Credit Card,False
6,student,2026-05-24,Pizza Hut,Dining,29.67,Cash,False
6,student,2026-05-25,Fresh Foods,Groceries,26.73,Debit Card,False
6,student,2026-05-26,Pizza Hut,Dining,12.79,Credit Card,False
6,student,2026-05-27,Starbucks,Dining,17.01,Cash,False
6,student,2026-05-29,Netflix,Entertainment,18.77,Debit Card,False
6,student,2026-05-29,Pizza Hut,Dining,11.25,Credit Card,False
6,student,2026-05-31,Coursera,Education,58.88,Cash,False
6,student,2026-06-01,Starbucks,Dining,17.71,Mobile Wallet,False
6,student,2026-06-01,Fresh Foods,Groceries,20.07,Debit Card,False
6,student,2026-06-02,Local Cafe,Dining,28.07,Mobile Wallet,False
6,student,2026-06-02,Starbucks,Dining,30.82,Mobile Wallet,False
6,student,2026-06-02,Carrefour,Groceries,40.76,Debit Card,False
6,student,2026-06-05,Metro Card,Transport,23.92,Cash,False
6,student,2026-06-08,Daraz,Shopping,1.0,Debit Card,False
6,student,2026-06-08,Bookstore,Education,16.76,Mobile Wallet,False
6,student,2026-06-10,Netflix,Entertainment,16.1,Cash,False
6,student,2026-06-15,Amazon,Shopping,79.67,Mobile Wallet,False
6,student,2026-06-15,Starbucks,Dining,11.13,Debit Card,False
6,student,2026-06-16,Dental Care,Healthcare,1.0,Mobile Wallet,False
6,student,2026-06-19,IKEA,Shopping,178.07,Mobile Wallet,False
6,student,2026-06-22,Local Cafe,Dining,31.6,Mobile Wallet,False
6,student,2026-06-23,IKEA,Shopping,27.74,Debit Card,False
6,student,2026-06-25,Walmart,Groceries,54.52,Credit Card,False
6,student,2026-06-25,Daraz,Shopping,24.13,Cash,False
6,student,2026-06-25,Netflix,Entertainment,31.1,Cash,False
6,student,2026-06-25,Coursera,Education,9.45,Cash,False
6,student,2026-06-27,Starbucks,Dining,5.81,Mobile Wallet,False
6,student,2026-06-28,Local Cafe,Dining,7.73,Credit Card,False
6,student,2026-06-28,Netflix,Entertainment,11.27,Cash,False
6,student,2026-06-29,Cinema,Entertainment,9.82,Credit Card,False
6,student,2026-06-30,Local Cafe,Dining,31.25,Debit Card,False
6,student,2026-06-30,Steam,Entertainment,23.91,Credit Card,False
6,student,2026-07-01,Careem,Transport,14.93,Cash,False
6,student,2026-07-02,Amazon,Shopping,37.06,Mobile Wallet,False
6,student,2026-07-02,Local Mart,Groceries,43.58,Cash,False
6,student,2026-07-04,Netflix,Entertainment,24.7,Mobile Wallet,False
6,student,2026-07-06,Electric Co,Utilities,69.43,Debit Card,False
6,student,2026-07-07,Starbucks,Dining,4.07,Cash,False
6,student,2026-07-07,Fresh Foods,Groceries,59.25,Debit Card,False
6,student,2026-07-08,Starbucks,Dining,14.14,Debit Card,False
6,student,2026-07-08,Careem,Transport,15.48,Credit Card,False
6,student,2026-07-09,Shell Gas,Transport,10.43,Cash,False
6,student,2026-07-10,Starbucks,Dining,28.6,Cash,False
6,student,2026-07-11,Bookstore,Education,13.61,Cash,False
6,student,2026-07-12,Pizza Hut,Dining,15.64,Credit Card,False
6,student,2026-07-13,Starbucks,Dining,3.28,Mobile Wallet,False
6,student,2026-07-14,Uber,Transport,1.01,Cash,False
6,student,2026-07-17,Carrefour,Groceries,42.89,Debit Card,False
6,student,2026-07-17,Starbucks,Dining,41.92,Debit Card,False
6,student,2026-07-17,Local Mart,Groceries,38.28,Debit Card,False
6,student,2026-07-20,Local Cafe,Dining,23.67,Mobile Wallet,False
6,student,2026-07-20,Carrefour,Groceries,37.42,Cash,False
6,student,2026-07-22,Fresh Foods,Groceries,19.6,Mobile Wallet,False
6,student,2026-07-22,Dental Care,Healthcare,458.6,Credit Card,True
6,student,2026-07-22,Metro Card,Transport,17.87,Cash,False
6,student,2026-07-23,Shell Gas,Transport,13.24,Mobile Wallet,False
6,student,2026-07-23,Metro Card,Transport,15.19,Cash,False
6,student,2026-07-23,Uber,Transport,30.22,Credit Card,False
6,student,2026-07-25,Local Cafe,Dining,5.65,Cash,False
6,student,2026-07-25,Udemy,Education,48.28,Mobile Wallet,False
6,student,2026-07-26,Carrefour,Groceries,48.08,Mobile Wallet,False
6,student,2026-07-26,Careem,Transport,19.33,Mobile Wallet,False
6,student,2026-07-28,Pizza Hut,Dining,38.57,Cash,False
6,student,2026-07-29,Shell Gas,Transport,6.69,Cash,False
6,student,2026-07-29,Spotify,Entertainment,1.0,Mobile Wallet,False
6,student,2026-07-31,Bookstore,Education,1.0,Credit Card,False
6,student,2026-08-01,McDonalds,Dining,6.78,Credit Card,False
6,student,2026-08-02,Local Cafe,Dining,25.44,Credit Card,False
6,student,2026-08-03,Walmart,Groceries,36.93,Debit Card,False
6,student,2026-08-03,Local Cafe,Dining,10.28,Mobile Wallet,False
6,student,2026-08-04,Uber,Transport,19.12,Mobile Wallet,False
6,student,2026-08-04,Carrefour,Groceries,41.27,Debit Card,False
6,student,2026-08-04,Local Mart,Groceries,23.96,Debit Card,False
6,student,2026-08-04,Local Mart,Groceries,54.34,Credit Card,False
6,student,2026-08-05,Shell Gas,Transport,30.6,Cash,False
6,student,2026-08-06,Udemy,Education,41.3,Cash,False
6,student,2026-08-06,Carrefour,Groceries,21.86,Credit Card,False
6,student,2026-08-08,IKEA,Shopping,57.3,Cash,False
6,student,2026-08-08,Coursera,Education,13.2,Mobile Wallet,False
6,student,2026-08-09,Udemy,Education,4.25,Credit Card,False
6,student,2026-08-09,Walmart,Groceries,40.69,Debit Card,False
6,student,2026-08-09,Metro Card,Transport,11.68,Credit Card,False
6,student,2026-08-09,Starbucks,Dining,3.96,Debit Card,False
6,student,2026-08-10,Local Cafe,Dining,14.75,Credit Card,False
6,student,2026-08-10,McDonalds,Dining,8.63,Cash,False
6,student,2026-08-13,Walmart,Groceries,48.83,Mobile Wallet,False
6,student,2026-08-14,Daraz,Shopping,81.67,Mobile Wallet,False
6,student,2026-08-14,Amazon,Shopping,1.0,Debit Card,False
6,student,2026-08-15,Local Cafe,Dining,18.5,Credit Card,False
6,student,2026-08-15,Amazon,Shopping,38.0,Credit Card,False
6,student,2026-08-16,Local Mart,Groceries,55.87,Cash,False
6,student,2026-08-16,Cinema,Entertainment,13.98,Debit Card,False
6,student,2026-08-16,Fresh Foods,Groceries,54.85,Debit Card,False
6,student,2026-08-17,Careem,Transport,12.96,Credit Card,False
6,student,2026-08-19,Uber,Transport,5.3,Debit Card,False
6,student,2026-08-21,Fresh Foods,Groceries,28.51,Cash,False
6,student,2026-08-21,Careem,Transport,2.98,Debit Card,False
6,student,2026-08-22,Metro Card,Transport,1.59,Mobile Wallet,False
6,student,2026-08-25,Spotify,Entertainment,1.0,Credit Card,False
6,student,2026-08-27,Udemy,Education,36.36,Debit Card,False
6,student,2026-08-28,Walmart,Groceries,30.67,Mobile Wallet,False
6,student,2026-08-29,Pizza Hut,Dining,22.36,Mobile Wallet,False
6,student,2026-09-01,Shell Gas,Transport,16.96,Debit Card,False
6,student,2026-09-01,Daraz,Shopping,13.97,Cash,False
7,student,2026-03-05,Coursera,Education,31.56,Cash,False
7,student,2026-03-05,McDonalds,Dining,9.56,Cash,False
7,student,2026-03-06,Starbucks,Dining,24.42,Debit Card,False
7,student,2026-03-06,Metro Card,Transport,8.57,Cash,False
7,student,2026-03-07,McDonalds,Dining,22.16,Debit Card,False
7,student,2026-03-07,Steam,Entertainment,37.12,Mobile Wallet,False
7,student,2026-03-08,McDonalds,Dining,21.92,Debit Card,False
7,student,2026-03-08,IKEA,Shopping,93.88,Credit Card,False
7,student,2026-03-09,Udemy,Education,29.67,Cash,False
7,student,2026-03-09,Bookstore,Education,5.86,Debit Card,False
7,student,2026-03-09,Local Cafe,Dining,12.61,Mobile Wallet,False
7,student,2026-03-10,Pizza Hut,Dining,1.73,Debit Card,False
7,student,2026-03-11,Steam,Entertainment,35.23,Credit Card,False
7,student,2026-03-11,Walmart,Groceries,56.38,Credit Card,False
7,student,2026-03-11,Walmart,Groceries,31.78,Cash,False
7,student,2026-03-12,Careem,Transport,28.92,Credit Card,False
7,student,2026-03-12,Udemy,Education,39.38,Mobile Wallet,False
7,student,2026-03-13,Pizza Hut,Dining,24.1,Mobile Wallet,False
7,student,2026-03-14,Steam,Entertainment,1.0,Mobile Wallet,False
7,student,2026-03-15,McDonalds,Dining,11.95,Debit Card,False
7,student,2026-03-15,Cinema,Entertainment,24.1,Credit Card,False
7,student,2026-03-16,Zara,Shopping,58.18,Credit Card,False
7,student,2026-03-17,Starbucks,Dining,25.59,Debit Card,False
7,student,2026-03-18,Local Mart,Groceries,17.49,Mobile Wallet,False
7,student,2026-03-18,Amazon,Shopping,41.13,Cash,False
7,student,2026-03-19,Fresh Foods,Groceries,30.15,Debit Card,False
7,student,2026-03-19,Amazon,Shopping,44.59,Debit Card,False
7,student,2026-03-21,Uber,Transport,20.67,Mobile Wallet,False
7,student,2026-03-21,Pharmacy,Healthcare,41.31,Mobile Wallet,False
7,student,2026-03-23,Uber,Transport,55.1,Debit Card,True
7,student,2026-03-23,McDonalds,Dining,15.45,Credit Card,False
7,student,2026-03-24,Starbucks,Dining,15.03,Credit Card,False
7,student,2026-03-24,Daraz,Shopping,42.97,Mobile Wallet,False
7,student,2026-03-25,Bookstore,Education,11.38,Cash,False
7,student,2026-03-26,Starbucks,Dining,14.7,Cash,False
7,student,2026-03-27,Starbucks,Dining,24.2,Cash,False
7,student,2026-03-27,Netflix,Entertainment,1.0,Credit Card,False
7,student,2026-03-27,Bookstore,Education,40.2,Mobile Wallet,False
7,student,2026-03-28,Pizza Hut,Dining,21.55,Credit Card,False
7,student,2026-03-29,Internet ISP,Utilities,47.43,Credit Card,False
7,student,2026-04-02,IKEA,Shopping,43.29,Mobile Wallet,False
7,student,2026-04-03,Pizza Hut,Dining,7.04,Credit Card,False
7,student,2026-04-04,Metro Card,Transport,11.46,Debit Card,False
7,student,2026-04-04,Internet ISP,Utilities,72.17,Debit Card,False
7,student,2026-04-04,Pizza Hut,Dining,12.43,Credit Card,False
7,student,2026-04-05,Uber,Transport,8.8,Debit Card,False
7,student,2026-04-05,Walmart,Groceries,24.55,Credit Card,False
7,student,2026-04-06,Walmart,Groceries,34.67,Debit Card,False
7,student,2026-04-07,McDonalds,Dining,5.0,Mobile Wallet,False
7,student,2026-04-08,Pizza Hut,Dining,3.89,Mobile Wallet,False
7,student,2026-04-08,Spotify,Entertainment,23.03,Debit Card,False
7,student,2026-04-09,Uber,Transport,5.14,Mobile Wallet,False
7,student,2026-04-09,Careem,Transport,1.0,Cash,False
7,student,2026-04-10,Spotify,Entertainment,24.09,Mobile Wallet,False
7,student,2026-04-13,Zara,Shopping,38.68,Cash,False
7,student,2026-04-14,Udemy,Education,5.51,Cash,False
7,student,2026-04-15,Uber,Transport,8.83,Credit Card,False
7,student,2026-04-15,Daraz,Shopping,1.0,Debit Card,False
7,student,2026-04-15,Walmart,Groceries,33.68,Mobile Wallet,False
7,student,2026-04-19,Electric Co,Utilities,47.96,Mobile Wallet,False
7,student,2026-04-19,Local Mart,Groceries,30.5,Cash,False
7,student,2026-04-19,Bookstore,Education,1.0,Credit Card,False
7,student,2026-04-22,Local Cafe,Dining,35.68,Credit Card,False
7,student,2026-04-22,Cinema,Entertainment,1.0,Debit Card,False
7,student,2026-04-23,Bookstore,Education,57.15,Cash,False
7,student,2026-04-24,Careem,Transport,19.66,Mobile Wallet,False
7,student,2026-04-25,Shell Gas,Transport,7.34,Mobile Wallet,False
7,student,2026-04-28,Daraz,Shopping,10.13,Debit Card,True
7,student,2026-04-29,Careem,Transport,1.68,Credit Card,False
7,student,2026-04-30,Gas Company,Utilities,32.52,Credit Card,False
7,student,2026-04-30,Daraz,Shopping,93.69,Cash,False
7,student,2026-04-30,Netflix,Entertainment,1.0,Cash,False
7,student,2026-05-02,McDonalds,Dining,16.63,Mobile Wallet,False
7,student,2026-05-03,Local Mart,Groceries,51.03,Credit Card,False
7,student,2026-05-03,Daraz,Shopping,57.48,Debit Card,False
7,student,2026-05-04,Fresh Foods,Groceries,28.2,Mobile Wallet,False
7,student,2026-05-05,Netflix,Entertainment,7.16,Debit Card,False
7,student,2026-05-05,Local Mart,Groceries,47.57,Credit Card,False
7,student,2026-05-05,McDonalds,Dining,24.27,Debit Card,False
7,student,2026-05-05,Fresh Foods,Groceries,28.81,Cash,False
7,student,2026-05-06,Fresh Foods,Groceries,30.08,Credit Card,False
7,student,2026-05-07,Walmart,Groceries,59.38,Debit Card,False
7,student,2026-05-08,Fresh Foods,Groceries,28.76,Credit Card,False
7,student,2026-05-08,McDonalds,Dining,22.41,Mobile Wallet,False
7,student,2026-05-08,Careem,Transport,4.65,Debit Card,False
7,student,2026-05-08,Pizza Hut,Dining,12.9,Cash,False
7,student,2026-05-09,Pizza Hut,Dining,25.3,Mobile Wallet,False
7,student,2026-05-09,Local Mart,Groceries,37.41,Cash,False
7,student,2026-05-12,Tuition Center,Education,45.97,Cash,False
7,student,2026-05-12,Careem,Transport,13.68,Credit Card,False
7,student,2026-05-13,Daraz,Shopping,44.45,Debit Card,False
7,student,2026-05-13,Netflix,Entertainment,14.97,Debit Card,False
7,student,2026-05-13,Walmart,Groceries,32.0,Debit Card,False
7,student,2026-05-13,Local Cafe,Dining,11.32,Mobile Wallet,False
7,student,2026-05-15,Cinema,Entertainment,16.93,Mobile Wallet,False
7,student,2026-05-15,Amazon,Shopping,29.23,Cash,False
7,student,2026-05-17,Carrefour,Groceries,1.0,Mobile Wallet,False
7,student,2026-05-17,Bookstore,Education,11.15,Mobile Wallet,False
7,student,2026-05-18,Pizza Hut,Dining,21.83,Credit Card,False
7,student,2026-05-18,Walmart,Groceries,18.35,Debit Card,False
7,student,2026-05-21,Bookstore,Education,47.17,Credit Card,False
7,student,2026-05-21,Carrefour,Groceries,53.48,Cash,False
7,student,2026-05-23,Careem,Transport,12.3,Credit Card,False
7,student,2026-05-23,Starbucks,Dining,10.23,Cash,False
7,student,2026-05-23,Local Cafe,Dining,17.67,Credit Card,False
7,student,2026-05-25,Shell Gas,Transport,16.9,Cash,False
7,student,2026-05-25,Spotify,Entertainment,18.98,Credit Card,False
7,student,2026-05-26,IKEA,Shopping,63.19,Mobile Wallet,False
7,student,2026-05-27,Starbucks,Dining,16.89,Credit Card,False
7,student,2026-05-28,Gas Company,Utilities,53.61,Credit Card,False
7,student,2026-05-29,Starbucks,Dining,23.43,Credit Card,False
7,student,2026-05-30,Netflix,Entertainment,25.72,Credit Card,False
7,student,2026-05-31,Starbucks,Dining,28.12,Debit Card,False
7,student,2026-05-31,Coursera,Education,64.46,Mobile Wallet,False
7,student,2026-06-01,Shell Gas,Transport,6.63,Credit Card,False
7,student,2026-06-01,Pizza Hut,Dining,24.94,Credit Card,False
7,student,2026-06-01,Udemy,Education,47.91,Credit Card,False
7,student,2026-06-02,Spotify,Entertainment,8.59,Mobile Wallet,False
7,student,2026-06-04,Daraz,Shopping,167.97,Credit Card,False
7,student,2026-06-04,Bookstore,Education,6.22,Credit Card,False
7,student,2026-06-06,McDonalds,Dining,14.58,Mobile Wallet,False
7,student,2026-06-07,Walmart,Groceries,41.03,Debit Card,False
7,student,2026-06-07,Steam,Entertainment,1.0,Mobile Wallet,False
7,student,2026-06-08,Fresh Foods,Groceries,49.44,Credit Card,False
7,student,2026-06-08,Tuition Center,Education,22.13,Mobile Wallet,False
7,student,2026-06-08,Coursera,Education,25.94,Cash,False
7,student,2026-06-08,Carrefour,Groceries,39.62,Debit Card,False
7,student,2026-06-09,Cinema,Entertainment,18.74,Cash,False
7,student,2026-06-10,Metro Card,Transport,18.81,Debit Card,False
7,student,2026-06-10,Walmart,Groceries,52.85,Debit Card,False
7,student,2026-06-11,Bookstore,Education,39.95,Mobile Wallet,False
7,student,2026-06-11,Metro Card,Transport,8.53,Mobile Wallet,False
7,student,2026-06-11,Walmart,Groceries,65.83,Credit Card,False
7,student,2026-06-13,Local Mart,Groceries,35.2,Mobile Wallet,False
7,student,2026-06-14,Carrefour,Groceries,3.92,Mobile Wallet,False
7,student,2026-06-14,Coursera,Education,15.65,Debit Card,False
7,student,2026-06-15,Walmart,Groceries,35.78,Mobile Wallet,False
7,student,2026-06-15,Pizza Hut,Dining,48.9,Mobile Wallet,False
7,student,2026-06-16,Fresh Foods,Groceries,44.2,Cash,False
7,student,2026-06-16,Local Mart,Groceries,5.96,Mobile Wallet,False
7,student,2026-06-16,Local Mart,Groceries,36.86,Debit Card,False
7,student,2026-06-18,Udemy,Education,17.03,Cash,False
7,student,2026-06-20,Starbucks,Dining,26.53,Credit Card,False
7,student,2026-06-20,Hospital,Healthcare,38.22,Credit Card,False
7,student,2026-06-21,Metro Card,Transport,9.45,Cash,False
7,student,2026-06-22,Carrefour,Groceries,50.46,Debit Card,False
7,student,2026-06-23,Udemy,Education,9.1,Debit Card,False
7,student,2026-06-24,Starbucks,Dining,22.57,Cash,False
7,student,2026-06-25,Uber,Transport,28.79,Debit Card,False
7,student,2026-06-27,Steam,Entertainment,13.28,Cash,False
7,student,2026-06-28,Carrefour,Groceries,46.65,Debit Card,False
7,student,2026-06-29,Coursera,Education,19.74,Cash,False
7,student,2026-06-29,Zara,Shopping,127.76,Credit Card,False
7,student,2026-06-30,Shell Gas,Transport,20.83,Debit Card,False
7,student,2026-07-01,Carrefour,Groceries,61.63,Mobile Wallet,False
7,student,2026-07-02,Local Mart,Groceries,21.25,Debit Card,False
7,student,2026-07-03,Fresh Foods,Groceries,36.02,Credit Card,False
7,student,2026-07-03,McDonalds,Dining,36.61,Credit Card,False
7,student,2026-07-04,Carrefour,Groceries,25.81,Debit Card,False
7,student,2026-07-04,Udemy,Education,2.42,Mobile Wallet,False
7,student,2026-07-05,McDonalds,Dining,26.21,Cash,False
7,student,2026-07-05,Spotify,Entertainment,1.0,Debit Card,False
7,student,2026-07-07,Pizza Hut,Dining,36.66,Debit Card,False
7,student,2026-07-07,Local Mart,Groceries,26.64,Credit Card,False
7,student,2026-07-08,Uber,Transport,17.02,Debit Card,False
7,student,2026-07-10,Spotify,Entertainment,11.65,Credit Card,False
7,student,2026-07-13,Pizza Hut,Dining,1.0,Credit Card,False
7,student,2026-07-15,Local Mart,Groceries,19.6,Mobile Wallet,False
7,student,2026-07-16,Netflix,Entertainment,27.28,Cash,False
7,student,2026-07-17,Pizza Hut,Dining,27.82,Cash,False
7,student,2026-07-18,Starbucks,Dining,20.75,Debit Card,False
7,student,2026-07-19,Tuition Center,Education,1.0,Mobile Wallet,False
7,student,2026-07-20,Zara,Shopping,1.0,Debit Card,False
7,student,2026-07-20,Bookstore,Education,1.0,Debit Card,False
7,student,2026-07-20,Spotify,Entertainment,18.13,Mobile Wallet,False
7,student,2026-07-21,Local Mart,Groceries,37.36,Cash,False
7,student,2026-07-21,Spotify,Entertainment,1.0,Debit Card,False
7,student,2026-07-22,McDonalds,Dining,25.98,Mobile Wallet,False
7,student,2026-07-22,Walmart,Groceries,11.9,Debit Card,False
7,student,2026-07-22,Bookstore,Education,46.15,Debit Card,False
7,student,2026-07-23,Walmart,Groceries,23.51,Mobile Wallet,False
7,student,2026-07-24,Spotify,Entertainment,17.54,Cash,False
7,student,2026-07-24,McDonalds,Dining,9.03,Debit Card,False
7,student,2026-07-25,Pizza Hut,Dining,46.92,Cash,False
7,student,2026-07-26,Careem,Transport,14.23,Credit Card,False
7,student,2026-07-27,Local Mart,Groceries,35.62,Mobile Wallet,False
7,student,2026-07-28,McDonalds,Dining,13.96,Cash,False
7,student,2026-07-28,Carrefour,Groceries,42.01,Debit Card,False
7,student,2026-07-28,Walmart,Groceries,30.28,Cash,False
7,student,2026-07-29,Zara,Shopping,65.28,Credit Card,False
7,student,2026-07-30,McDonalds,Dining,19.18,Credit Card,False
7,student,2026-07-30,Metro Card,Transport,22.94,Mobile Wallet,False
7,student,2026-07-31,Steam,Entertainment,16.26,Debit Card,False
7,student,2026-08-01,IKEA,Shopping,50.65,Mobile Wallet,False
7,student,2026-08-01,Fresh Foods,Groceries,34.33,Cash,False
7,student,2026-08-04,Steam,Entertainment,15.94,Credit Card,False
7,student,2026-08-04,Local Cafe,Dining,7.64,Debit Card,False
7,student,2026-08-04,Careem,Transport,15.99,Mobile Wallet,False
7,student,2026-08-06,Walmart,Groceries,51.31,Credit Card,False
7,student,2026-08-08,Shell Gas,Transport,9.72,Credit Card,False
7,student,2026-08-10,Pizza Hut,Dining,24.4,Cash,False
7,student,2026-08-12,McDonalds,Dining,29.4,Credit Card,False
7,student,2026-08-12,Pizza Hut,Dining,9.63,Debit Card,False
7,student,2026-08-13,Steam,Entertainment,36.79,Debit Card,False
7,student,2026-08-14,Uber,Transport,13.55,Credit Card,False
7,student,2026-08-14,Pizza Hut,Dining,16.89,Mobile Wallet,False
7,student,2026-08-17,McDonalds,Dining,15.09,Mobile Wallet,False
7,student,2026-08-19,Starbucks,Dining,10.86,Mobile Wallet,False
7,student,2026-08-19,Carrefour,Groceries,42.3,Credit Card,False
7,student,2026-08-20,Uber,Transport,9.16,Cash,False
7,student,2026-08-20,Daraz,Shopping,59.37,Debit Card,False
7,student,2026-08-20,Local Cafe,Dining,26.62,Cash,False
7,student,2026-08-21,Zara,Shopping,1.26,Cash,False
7,student,2026-08-22,Careem,Transport,12.39,Credit Card,False
7,student,2026-08-22,Uber,Transport,17.78,Mobile Wallet,False
7,student,2026-08-23,Local Cafe,Dining,14.59,Debit Card,False
7,student,2026-08-23,Udemy,Education,43.36,Cash,False
7,student,2026-08-24,McDonalds,Dining,25.39,Mobile Wallet,False
7,student,2026-08-27,Amazon,Shopping,106.21,Cash,False
7,student,2026-08-27,Local Cafe,Dining,14.9,Debit Card,False
7,student,2026-08-28,Udemy,Education,1.0,Credit Card,False
7,student,2026-08-29,Spotify,Entertainment,13.37,Debit Card,False
7,student,2026-08-29,Shell Gas,Transport,5.03,Credit Card,False
7,student,2026-08-29,Fresh Foods,Groceries,43.5,Credit Card,False
7,student,2026-08-31,Cinema,Entertainment,7.82,Mobile Wallet,False
7,student,2026-09-01,Metro Card,Transport,2.61,Mobile Wallet,False
8,family,2026-03-05,Walmart,Groceries,45.32,Mobile Wallet,False
8,family,2026-03-07,Landlord Transfer,Rent,555.2,Cash,False
8,family,2026-03-09,Gas Company,Utilities,53.12,Cash,False
8,family,2026-03-10,Water Board,Utilities,66.04,Mobile Wallet,False
8,family,2026-03-10,Landlord Transfer,Rent,445.26,Cash,False
8,family,2026-03-11,Fresh Foods,Groceries,56.35,Mobile Wallet,False
8,family,2026-03-12,Local Mart,Groceries,31.43,Debit Card,False
8,family,2026-03-14,Pizza Hut,Dining,18.64,Credit Card,False
8,family,2026-03-14,Carrefour,Groceries,34.42,Credit Card,False
8,family,2026-03-15,Uber,Transport,8.09,Cash,False
8,family,2026-03-15,Fresh Foods,Groceries,30.76,Debit Card,False
8,family,2026-03-16,Walmart,Groceries,50.87,Mobile Wallet,False
8,family,2026-03-16,Fresh Foods,Groceries,46.73,Mobile Wallet,False
8,family,2026-03-19,Clinic,Healthcare,39.3,Mobile Wallet,False
8,family,2026-03-20,Landlord Transfer,Rent,587.15,Credit Card,False
8,family,2026-03-21,IKEA,Shopping,1.27,Credit Card,False
8,family,2026-03-21,Carrefour,Groceries,34.07,Credit Card,False
8,family,2026-03-22,Local Cafe,Dining,1.0,Debit Card,False
8,family,2026-03-22,Clinic,Healthcare,93.59,Debit Card,False
8,family,2026-03-23,Carrefour,Groceries,54.72,Debit Card,False
8,family,2026-03-23,Pharmacy,Healthcare,55.08,Mobile Wallet,False
8,family,2026-03-24,Walmart,Groceries,17.87,Mobile Wallet,False
8,family,2026-03-26,Carrefour,Groceries,55.34,Debit Card,False
8,family,2026-03-28,Zara,Shopping,118.19,Cash,False
8,family,2026-03-28,Walmart,Groceries,21.82,Credit Card,False
8,family,2026-03-28,Dental Care,Healthcare,19.88,Mobile Wallet,False
8,family,2026-03-29,Local Mart,Groceries,48.41,Cash,False
8,family,2026-03-30,Landlord Transfer,Rent,491.29,Credit Card,False
8,family,2026-03-30,Local Cafe,Dining,36.8,Credit Card,False
8,family,2026-04-02,Tuition Center,Education,37.28,Debit Card,False
8,family,2026-04-03,Clinic,Healthcare,24.09,Credit Card,False
8,family,2026-04-03,Walmart,Groceries,51.87,Credit Card,False
8,family,2026-04-05,Landlord Transfer,Rent,388.12,Cash,False
8,family,2026-04-07,Local Cafe,Dining,21.71,Cash,False
8,family,2026-04-08,Fresh Foods,Groceries,47.43,Mobile Wallet,False
8,family,2026-04-08,Dental Care,Healthcare,1.0,Credit Card,False
8,family,2026-04-08,Water Board,Utilities,81.86,Cash,False
8,family,2026-04-09,Gas Company,Utilities,66.88,Debit Card,False
8,family,2026-04-10,Metro Card,Transport,4.09,Credit Card,False
8,family,2026-04-11,Local Cafe,Dining,38.35,Cash,False
8,family,2026-04-14,Carrefour,Groceries,45.37,Credit Card,False
8,family,2026-04-15,Fresh Foods,Groceries,38.83,Cash,False
8,family,2026-04-16,Pizza Hut,Dining,13.44,Credit Card,False
8,family,2026-04-16,Local Mart,Groceries,41.7,Cash,False
8,family,2026-04-17,Local Mart,Groceries,42.79,Cash,False
8,family,2026-04-19,Dental Care,Healthcare,50.17,Credit Card,False
8,family,2026-04-19,Carrefour,Groceries,46.54,Debit Card,False
8,family,2026-04-20,Local Mart,Groceries,36.68,Mobile Wallet,False
8,family,2026-04-22,Pizza Hut,Dining,3.59,Cash,False
8,family,2026-04-22,Gas Company,Utilities,43.79,Credit Card,False
8,family,2026-04-24,Carrefour,Groceries,52.85,Mobile Wallet,False
8,family,2026-04-24,Landlord Transfer,Rent,732.47,Mobile Wallet,False
8,family,2026-04-25,Gas Company,Utilities,49.42,Cash,False
8,family,2026-04-25,Electric Co,Utilities,49.66,Debit Card,False
8,family,2026-04-25,Landlord Transfer,Rent,561.9,Cash,False
8,family,2026-04-26,Fresh Foods,Groceries,38.28,Debit Card,False
8,family,2026-04-27,Uber,Transport,12.67,Debit Card,False
8,family,2026-04-30,Landlord Transfer,Rent,597.34,Debit Card,False
8,family,2026-04-30,Electric Co,Utilities,72.48,Debit Card,False
8,family,2026-05-01,Amazon,Shopping,54.47,Mobile Wallet,False
8,family,2026-05-02,Electric Co,Utilities,53.15,Cash,False
8,family,2026-05-03,Daraz,Shopping,1.0,Cash,False
8,family,2026-05-03,Internet ISP,Utilities,83.65,Mobile Wallet,False
8,family,2026-05-03,Fresh Foods,Groceries,44.72,Credit Card,False
8,family,2026-05-04,McDonalds,Dining,11.22,Debit Card,False
8,family,2026-05-04,Internet ISP,Utilities,67.15,Mobile Wallet,False
8,family,2026-05-05,Fresh Foods,Groceries,40.97,Debit Card,False
8,family,2026-05-06,Fresh Foods,Groceries,46.59,Cash,False
8,family,2026-05-06,Hospital,Healthcare,73.04,Debit Card,False
8,family,2026-05-06,Landlord Transfer,Rent,305.81,Credit Card,False
8,family,2026-05-07,Local Mart,Groceries,39.94,Credit Card,False
8,family,2026-05-10,IKEA,Shopping,68.2,Credit Card,False
8,family,2026-05-13,Landlord Transfer,Rent,418.6,Debit Card,False
8,family,2026-05-13,Careem,Transport,23.86,Debit Card,False
8,family,2026-05-14,Carrefour,Groceries,24.51,Cash,False
8,family,2026-05-14,Landlord Transfer,Rent,371.56,Credit Card,False
8,family,2026-05-16,Electric Co,Utilities,89.52,Mobile Wallet,False
8,family,2026-05-17,Careem,Transport,7.6,Debit Card,False
8,family,2026-05-17,Electric Co,Utilities,70.19,Debit Card,False
8,family,2026-05-18,Internet ISP,Utilities,13.47,Cash,False
8,family,2026-05-18,Local Mart,Groceries,34.62,Mobile Wallet,False
8,family,2026-05-19,Landlord Transfer,Rent,493.64,Cash,False
8,family,2026-05-20,Fresh Foods,Groceries,61.22,Cash,False
8,family,2026-05-26,Carrefour,Groceries,6.21,Mobile Wallet,False
8,family,2026-05-27,Local Mart,Groceries,45.04,Mobile Wallet,False
8,family,2026-05-28,Walmart,Groceries,29.53,Credit Card,False
8,family,2026-05-29,Zara,Shopping,59.97,Cash,False
8,family,2026-05-29,Local Mart,Groceries,37.71,Credit Card,False
8,family,2026-05-31,IKEA,Shopping,41.16,Credit Card,False
8,family,2026-06-01,Internet ISP,Utilities,80.74,Cash,False
8,family,2026-06-04,Internet ISP,Utilities,41.79,Cash,False
8,family,2026-06-04,Zara,Shopping,1.0,Cash,False
8,family,2026-06-05,Clinic,Healthcare,38.64,Debit Card,False
8,family,2026-06-05,Landlord Transfer,Rent,397.39,Credit Card,False
8,family,2026-06-06,Gas Company,Utilities,67.63,Cash,False
8,family,2026-06-07,Daraz,Shopping,97.62,Credit Card,False
8,family,2026-06-08,Fresh Foods,Groceries,36.13,Cash,False
8,family,2026-06-08,Local Mart,Groceries,21.65,Mobile Wallet,False
8,family,2026-06-08,IKEA,Shopping,111.99,Mobile Wallet,False
8,family,2026-06-11,Pharmacy,Healthcare,1.0,Debit Card,False
8,family,2026-06-11,Internet ISP,Utilities,31.73,Debit Card,False
8,family,2026-06-12,IKEA,Shopping,47.11,Cash,False
8,family,2026-06-14,Local Mart,Groceries,57.51,Debit Card,False
8,family,2026-06-14,Landlord Transfer,Rent,654.04,Cash,False
8,family,2026-06-14,Landlord Transfer,Rent,625.53,Mobile Wallet,False
8,family,2026-06-16,Carrefour,Groceries,32.07,Cash,False
8,family,2026-06-17,Clinic,Healthcare,20.24,Cash,False
8,family,2026-06-19,Walmart,Groceries,45.87,Debit Card,False
8,family,2026-06-20,Zara,Shopping,78.27,Debit Card,False
8,family,2026-06-21,Landlord Transfer,Rent,489.19,Mobile Wallet,False
8,family,2026-06-22,Landlord Transfer,Rent,611.21,Cash,False
8,family,2026-06-22,Shell Gas,Transport,1.0,Cash,False
8,family,2026-06-23,Dental Care,Healthcare,2.3,Credit Card,False
8,family,2026-06-23,Landlord Transfer,Rent,714.3,Credit Card,False
8,family,2026-06-25,Electric Co,Utilities,50.6,Mobile Wallet,False
8,family,2026-06-25,Clinic,Healthcare,26.36,Credit Card,False
8,family,2026-06-26,Landlord Transfer,Rent,524.5,Cash,False
8,family,2026-06-27,Fresh Foods,Groceries,9.49,Credit Card,False
8,family,2026-06-27,Daraz,Shopping,5.31,Debit Card,False
8,family,2026-06-30,Clinic,Healthcare,49.77,Cash,False
8,family,2026-07-02,IKEA,Shopping,15.2,Mobile Wallet,False
8,family,2026-07-02,Daraz,Shopping,91.72,Cash,False
8,family,2026-07-03,Starbucks,Dining,24.87,Credit Card,False
8,family,2026-07-04,Dental Care,Healthcare,7.33,Debit Card,True
8,family,2026-07-04,Local Mart,Groceries,36.62,Credit Card,False
8,family,2026-07-05,Udemy,Education,13.64,Mobile Wallet,False
8,family,2026-07-07,Zara,Shopping,1.0,Debit Card,False
8,family,2026-07-07,Carrefour,Groceries,29.41,Debit Card,False
8,family,2026-07-07,Gas Company,Utilities,52.97,Credit Card,False
8,family,2026-07-09,Starbucks,Dining,14.03,Mobile Wallet,False
8,family,2026-07-10,Fresh Foods,Groceries,39.38,Mobile Wallet,False
8,family,2026-07-11,IKEA,Shopping,99.25,Mobile Wallet,False
8,family,2026-07-12,IKEA,Shopping,63.03,Credit Card,False
8,family,2026-07-12,Uber,Transport,15.02,Debit Card,False
8,family,2026-07-13,Local Mart,Groceries,25.81,Credit Card,False
8,family,2026-07-13,Bookstore,Education,19.85,Debit Card,False
8,family,2026-07-13,Walmart,Groceries,16.17,Credit Card,False
8,family,2026-07-16,Starbucks,Dining,13.0,Debit Card,False
8,family,2026-07-17,Local Mart,Groceries,43.7,Cash,False
8,family,2026-07-17,Careem,Transport,19.49,Credit Card,False
8,family,2026-07-18,Fresh Foods,Groceries,51.65,Cash,False
8,family,2026-07-20,Careem,Transport,12.13,Credit Card,False
8,family,2026-07-20,Electric Co,Utilities,62.87,Cash,False
8,family,2026-07-21,Shell Gas,Transport,129.34,Cash,True
8,family,2026-07-22,Fresh Foods,Groceries,29.46,Debit Card,False
8,family,2026-07-22,Landlord Transfer,Rent,388.19,Mobile Wallet,False
8,family,2026-07-23,Internet ISP,Utilities,83.27,Debit Card,False
8,family,2026-07-23,Water Board,Utilities,51.73,Mobile Wallet,False
8,family,2026-07-23,Landlord Transfer,Rent,503.24,Debit Card,False
8,family,2026-07-23,Daraz,Shopping,112.37,Debit Card,False
8,family,2026-07-24,Starbucks,Dining,20.85,Credit Card,False
8,family,2026-07-25,Daraz,Shopping,68.33,Credit Card,False
8,family,2026-07-25,Internet ISP,Utilities,10.14,Credit Card,False
8,family,2026-07-25,Fresh Foods,Groceries,24.33,Cash,False
8,family,2026-07-26,Amazon,Shopping,126.36,Credit Card,False
8,family,2026-07-27,McDonalds,Dining,26.12,Credit Card,False
8,family,2026-07-28,Walmart,Groceries,44.98,Credit Card,False
8,family,2026-07-28,Gas Company,Utilities,39.97,Mobile Wallet,False
8,family,2026-07-28,Fresh Foods,Groceries,26.17,Credit Card,False
8,family,2026-07-30,Local Mart,Groceries,46.19,Mobile Wallet,False
8,family,2026-07-31,Starbucks,Dining,20.88,Debit Card,False
8,family,2026-08-01,Walmart,Groceries,52.3,Cash,False
8,family,2026-08-01,Dental Care,Healthcare,29.14,Credit Card,False
8,family,2026-08-02,Zara,Shopping,121.02,Debit Card,False
8,family,2026-08-04,IKEA,Shopping,29.83,Credit Card,False
8,family,2026-08-05,McDonalds,Dining,30.02,Cash,False
8,family,2026-08-05,Amazon,Shopping,55.35,Credit Card,False
8,family,2026-08-06,IKEA,Shopping,11.04,Debit Card,False
8,family,2026-08-07,Landlord Transfer,Rent,568.74,Cash,False
8,family,2026-08-08,Daraz,Shopping,43.71,Cash,False
8,family,2026-08-10,Gas Company,Utilities,84.61,Cash,False
8,family,2026-08-11,Carrefour,Groceries,18.64,Credit Card,False
8,family,2026-08-12,Dental Care,Healthcare,21.31,Debit Card,False
8,family,2026-08-14,Fresh Foods,Groceries,84.69,Cash,False
8,family,2026-08-14,Landlord Transfer,Rent,488.87,Credit Card,False
8,family,2026-08-16,Pharmacy,Healthcare,9.08,Credit Card,False
8,family,2026-08-16,Pharmacy,Healthcare,22.31,Mobile Wallet,False
8,family,2026-08-18,Daraz,Shopping,92.12,Credit Card,False
8,family,2026-08-22,Walmart,Groceries,13.44,Credit Card,False
8,family,2026-08-23,Hospital,Healthcare,57.22,Debit Card,False
8,family,2026-08-23,Gas Company,Utilities,62.54,Cash,False
8,family,2026-08-23,Local Mart,Groceries,65.4,Mobile Wallet,False
8,family,2026-08-25,Amazon,Shopping,56.23,Credit Card,False
8,family,2026-08-25,Starbucks,Dining,18.89,Credit Card,False
8,family,2026-08-26,Landlord Transfer,Rent,620.95,Cash,False
8,family,2026-08-26,Internet ISP,Utilities,68.18,Mobile Wallet,False
8,family,2026-08-28,Walmart,Groceries,50.0,Credit Card,False
8,family,2026-08-30,Udemy,Education,11.78,Credit Card,False
8,family,2026-08-31,Water Board,Utilities,56.22,Debit Card,False
8,family,2026-08-31,Hospital,Healthcare,1.0,Cash,False
9,high_earner,2026-03-06,Zara,Shopping,55.64,Credit Card,False
9,high_earner,2026-03-07,Zara,Shopping,53.35,Cash,False
9,high_earner,2026-03-07,Carrefour,Groceries,17.88,Credit Card,False
9,high_earner,2026-03-08,Landlord Transfer,Rent,463.28,Mobile Wallet,False
9,high_earner,2026-03-12,Gas Company,Utilities,65.75,Cash,False
9,high_earner,2026-03-13,Landlord Transfer,Rent,409.86,Mobile Wallet,False
9,high_earner,2026-03-14,Steam,Entertainment,10.93,Debit Card,False
9,high_earner,2026-03-15,Walmart,Groceries,46.49,Debit Card,False
9,high_earner,2026-03-15,AirBnB,Travel,92.42,Credit Card,False
9,high_earner,2026-03-16,Airline Co,Travel,82.65,Credit Card,False
9,high_earner,2026-03-17,Landlord Transfer,Rent,585.32,Mobile Wallet,False
9,high_earner,2026-03-17,Local Cafe,Dining,13.7,Debit Card,False
9,high_earner,2026-03-17,IKEA,Shopping,2.96,Cash,False
9,high_earner,2026-03-18,Netflix,Entertainment,8.62,Debit Card,False
9,high_earner,2026-03-18,Local Cafe,Dining,15.58,Mobile Wallet,False
9,high_earner,2026-03-19,Walmart,Groceries,24.72,Mobile Wallet,False
9,high_earner,2026-03-20,Fresh Foods,Groceries,15.92,Credit Card,False
9,high_earner,2026-03-21,Airline Co,Travel,315.5,Cash,False
9,high_earner,2026-03-22,Landlord Transfer,Rent,515.43,Credit Card,False
9,high_earner,2026-03-22,Carrefour,Groceries,42.93,Cash,False
9,high_earner,2026-03-24,Walmart,Groceries,48.06,Mobile Wallet,False
9,high_earner,2026-03-24,Starbucks,Dining,37.12,Mobile Wallet,False
9,high_earner,2026-03-25,Local Mart,Groceries,57.46,Mobile Wallet,False
9,high_earner,2026-03-25,Spotify,Entertainment,1.85,Credit Card,False
9,high_earner,2026-03-25,McDonalds,Dining,31.09,Debit Card,False
9,high_earner,2026-03-27,Local Cafe,Dining,6.74,Mobile Wallet,False
9,high_earner,2026-03-28,Starbucks,Dining,3.13,Credit Card,False
9,high_earner,2026-03-29,IKEA,Shopping,43.66,Cash,False
9,high_earner,2026-03-29,Clinic,Healthcare,20.03,Cash,False
9,high_earner,2026-03-29,Pizza Hut,Dining,13.85,Credit Card,False
9,high_earner,2026-03-31,Landlord Transfer,Rent,416.03,Mobile Wallet,False
9,high_earner,2026-03-31,Steam,Entertainment,28.47,Debit Card,False
9,high_earner,2026-03-31,Pharmacy,Healthcare,78.31,Mobile Wallet,False
9,high_earner,2026-04-01,Local Cafe,Dining,40.44,Mobile Wallet,False
9,high_earner,2026-04-01,Airline Co,Travel,1.0,Mobile Wallet,False
9,high_earner,2026-04-02,Steam,Entertainment,11.68,Cash,False
9,high_earner,2026-04-03,McDonalds,Dining,21.18,Mobile Wallet,False
9,high_earner,2026-04-04,Amazon,Shopping,96.85,Credit Card,False
9,high_earner,2026-04-06,Hotel Booking,Travel,440.33,Mobile Wallet,False
9,high_earner,2026-04-06,Landlord Transfer,Rent,480.06,Credit Card,False
9,high_earner,2026-04-07,Netflix,Entertainment,19.36,Cash,False
9,high_earner,2026-04-07,Landlord Transfer,Rent,501.22,Mobile Wallet,False
9,high_earner,2026-04-08,Landlord Transfer,Rent,490.71,Cash,False
9,high_earner,2026-04-09,Airline Co,Travel,159.44,Debit Card,False
9,high_earner,2026-04-10,Steam,Entertainment,14.73,Cash,False
9,high_earner,2026-04-10,Local Cafe,Dining,2.47,Cash,False
9,high_earner,2026-04-11,IKEA,Shopping,81.64,Credit Card,False
9,high_earner,2026-04-12,Landlord Transfer,Rent,629.07,Debit Card,False
9,high_earner,2026-04-14,Electric Co,Utilities,87.93,Cash,False
9,high_earner,2026-04-15,Zara,Shopping,42.64,Cash,False
9,high_earner,2026-04-16,Hospital,Healthcare,1.0,Credit Card,False
9,high_earner,2026-04-17,Netflix,Entertainment,2.19,Debit Card,False
9,high_earner,2026-04-17,Hotel Booking,Travel,45.95,Debit Card,False
9,high_earner,2026-04-17,IKEA,Shopping,27.0,Credit Card,False
9,high_earner,2026-04-17,Zara,Shopping,46.05,Debit Card,False
9,high_earner,2026-04-19,Carrefour,Groceries,49.5,Credit Card,False
9,high_earner,2026-04-20,Hotel Booking,Travel,141.86,Debit Card,False
9,high_earner,2026-04-22,Fresh Foods,Groceries,55.92,Debit Card,False
9,high_earner,2026-04-22,Local Mart,Groceries,33.5,Credit Card,False
9,high_earner,2026-04-23,Local Cafe,Dining,15.02,Credit Card,False
9,high_earner,2026-04-23,AirBnB,Travel,1.0,Credit Card,False
9,high_earner,2026-04-24,Local Cafe,Dining,25.24,Mobile Wallet,False
9,high_earner,2026-04-24,Landlord Transfer,Rent,322.68,Mobile Wallet,False
9,high_earner,2026-04-24,Amazon,Shopping,71.44,Credit Card,False
9,high_earner,2026-04-25,IKEA,Shopping,76.09,Mobile Wallet,False
9,high_earner,2026-04-28,AirBnB,Travel,404.96,Debit Card,False
9,high_earner,2026-04-28,Landlord Transfer,Rent,426.23,Debit Card,False
9,high_earner,2026-04-30,Amazon,Shopping,23.9,Mobile Wallet,False
9,high_earner,2026-05-01,Cinema,Entertainment,26.62,Mobile Wallet,False
9,high_earner,2026-05-01,Local Cafe,Dining,36.98,Debit Card,False
9,high_earner,2026-05-02,Pizza Hut,Dining,16.86,Mobile Wallet,False
9,high_earner,2026-05-03,Landlord Transfer,Rent,618.71,Cash,False
9,high_earner,2026-05-06,Fresh Foods,Groceries,25.53,Debit Card,False
9,high_earner,2026-05-07,Airline Co,Travel,157.53,Mobile Wallet,False
9,high_earner,2026-05-08,Landlord Transfer,Rent,297.5,Cash,False
9,high_earner,2026-05-08,Clinic,Healthcare,88.26,Debit Card,False
9,high_earner,2026-05-08,Clinic,Healthcare,1.0,Cash,False
9,high_earner,2026-05-08,Local Mart,Groceries,13.84,Debit Card,False
9,high_earner,2026-05-08,Spotify,Entertainment,16.57,Cash,False
9,high_earner,2026-05-09,Netflix,Entertainment,2.09,Cash,False
9,high_earner,2026-05-10,AirBnB,Travel,138.95,Mobile Wallet,False
9,high_earner,2026-05-10,AirBnB,Travel,504.02,Mobile Wallet,False
9,high_earner,2026-05-12,Pizza Hut,Dining,38.6,Mobile Wallet,False
9,high_earner,2026-05-13,Electric Co,Utilities,85.24,Credit Card,False
9,high_earner,2026-05-13,Pharmacy,Healthcare,54.4,Mobile Wallet,False
9,high_earner,2026-05-14,Daraz,Shopping,15.12,Credit Card,False
9,high_earner,2026-05-20,AirBnB,Travel,60.07,Credit Card,False
9,high_earner,2026-05-20,Starbucks,Dining,29.9,Cash,False
9,high_earner,2026-05-21,Clinic,Healthcare,66.12,Cash,False
9,high_earner,2026-05-22,Internet ISP,Utilities,68.73,Debit Card,False
9,high_earner,2026-05-23,Electric Co,Utilities,68.02,Cash,False
9,high_earner,2026-05-23,Spotify,Entertainment,22.54,Credit Card,False
9,high_earner,2026-05-23,Hotel Booking,Travel,193.81,Mobile Wallet,False
9,high_earner,2026-05-24,Airline Co,Travel,331.1,Debit Card,False
9,high_earner,2026-05-24,Local Cafe,Dining,18.78,Debit Card,False
9,high_earner,2026-05-24,Cinema,Entertainment,1.0,Credit Card,False
9,high_earner,2026-05-24,Gas Company,Utilities,64.72,Mobile Wallet,False
9,high_earner,2026-05-25,Hotel Booking,Travel,452.99,Cash,False
9,high_earner,2026-05-25,McDonalds,Dining,14.7,Credit Card,False
9,high_earner,2026-05-26,Local Mart,Groceries,56.13,Debit Card,False
9,high_earner,2026-05-26,Gas Company,Utilities,80.95,Debit Card,False
9,high_earner,2026-05-27,Zara,Shopping,59.89,Debit Card,False
9,high_earner,2026-05-28,Daraz,Shopping,38.24,Cash,False
9,high_earner,2026-05-30,Hotel Booking,Travel,496.89,Debit Card,False
9,high_earner,2026-05-31,Amazon,Shopping,57.93,Debit Card,False
9,high_earner,2026-06-03,Carrefour,Groceries,61.99,Credit Card,False
9,high_earner,2026-06-05,Local Cafe,Dining,10.06,Credit Card,False
9,high_earner,2026-06-06,Landlord Transfer,Rent,570.23,Cash,False
9,high_earner,2026-06-06,AirBnB,Travel,420.56,Cash,False
9,high_earner,2026-06-07,Airline Co,Travel,292.86,Debit Card,False
9,high_earner,2026-06-08,Zara,Shopping,58.59,Credit Card,False
9,high_earner,2026-06-08,Landlord Transfer,Rent,667.39,Mobile Wallet,False
9,high_earner,2026-06-08,Daraz,Shopping,56.39,Credit Card,False
9,high_earner,2026-06-10,Daraz,Shopping,18.98,Cash,False
9,high_earner,2026-06-12,Netflix,Entertainment,29.19,Cash,False
9,high_earner,2026-06-14,IKEA,Shopping,30.32,Cash,False
9,high_earner,2026-06-14,Walmart,Groceries,23.35,Cash,False
9,high_earner,2026-06-15,Daraz,Shopping,63.35,Debit Card,False
9,high_earner,2026-06-15,AirBnB,Travel,208.73,Credit Card,False
9,high_earner,2026-06-16,Clinic,Healthcare,52.17,Mobile Wallet,False
9,high_earner,2026-06-16,Landlord Transfer,Rent,539.7,Credit Card,False
9,high_earner,2026-06-16,Zara,Shopping,45.04,Debit Card,False
9,high_earner,2026-06-17,Landlord Transfer,Rent,531.41,Cash,False
9,high_earner,2026-06-17,Hotel Booking,Travel,155.75,Cash,False
9,high_earner,2026-06-19,Landlord Transfer,Rent,620.66,Debit Card,False
9,high_earner,2026-06-20,Local Cafe,Dining,26.16,Credit Card,False
9,high_earner,2026-06-20,Landlord Transfer,Rent,394.14,Cash,False
9,high_earner,2026-06-23,Hotel Booking,Travel,158.61,Debit Card,False
9,high_earner,2026-06-24,Carrefour,Groceries,14.42,Credit Card,False
9,high_earner,2026-06-24,Pizza Hut,Dining,17.8,Mobile Wallet,False
9,high_earner,2026-06-26,Netflix,Entertainment,12.52,Mobile Wallet,False
9,high_earner,2026-06-28,Hotel Booking,Travel,205.96,Cash,False
9,high_earner,2026-06-29,Airline Co,Travel,1.0,Cash,False
9,high_earner,2026-06-29,Steam,Entertainment,17.01,Mobile Wallet,False
9,high_earner,2026-06-30,Airline Co,Travel,1.0,Cash,False
9,high_earner,2026-06-30,Landlord Transfer,Rent,577.62,Cash,False
9,high_earner,2026-07-01,Walmart,Groceries,32.74,Credit Card,False
9,high_earner,2026-07-01,Daraz,Shopping,96.9,Credit Card,False
9,high_earner,2026-07-03,McDonalds,Dining,8.54,Debit Card,False
9,high_earner,2026-07-04,Starbucks,Dining,6.19,Mobile Wallet,False
9,high_earner,2026-07-05,Amazon,Shopping,8.93,Debit Card,False
9,high_earner,2026-07-07,IKEA,Shopping,51.19,Credit Card,False
9,high_earner,2026-07-07,Clinic,Healthcare,86.91,Credit Card,False
9,high_earner,2026-07-08,Hotel Booking,Travel,305.73,Cash,False
9,high_earner,2026-07-08,Electric Co,Utilities,66.97,Credit Card,False
9,high_earner,2026-07-09,McDonalds,Dining,14.62,Credit Card,False
9,high_earner,2026-07-09,Landlord Transfer,Rent,437.26,Cash,False
9,high_earner,2026-07-10,Amazon,Shopping,44.43,Debit Card,False
9,high_earner,2026-07-12,Cinema,Entertainment,7.26,Mobile Wallet,False
9,high_earner,2026-07-13,Dental Care,Healthcare,37.62,Mobile Wallet,False
9,high_earner,2026-07-14,AirBnB,Travel,1.0,Mobile Wallet,False
9,high_earner,2026-07-14,Steam,Entertainment,7.0,Cash,False
9,high_earner,2026-07-15,Walmart,Groceries,32.52,Mobile Wallet,False
9,high_earner,2026-07-17,AirBnB,Travel,347.81,Credit Card,False
9,high_earner,2026-07-17,Walmart,Groceries,16.21,Credit Card,False
9,high_earner,2026-07-18,Pharmacy,Healthcare,29.42,Credit Card,False
9,high_earner,2026-07-18,Hotel Booking,Travel,288.35,Credit Card,False
9,high_earner,2026-07-19,Cinema,Entertainment,9.71,Cash,False
9,high_earner,2026-07-19,AirBnB,Travel,38.64,Credit Card,False
9,high_earner,2026-07-23,Internet ISP,Utilities,75.9,Mobile Wallet,False
9,high_earner,2026-07-23,Landlord Transfer,Rent,634.91,Mobile Wallet,False
9,high_earner,2026-07-24,Landlord Transfer,Rent,520.84,Mobile Wallet,False
9,high_earner,2026-07-24,Airline Co,Travel,129.89,Debit Card,False
9,high_earner,2026-07-25,Landlord Transfer,Rent,413.2,Mobile Wallet,False
9,high_earner,2026-07-25,Pizza Hut,Dining,15.86,Debit Card,False
9,high_earner,2026-07-26,Local Mart,Groceries,45.45,Cash,False
9,high_earner,2026-07-28,Airline Co,Travel,1.0,Debit Card,False
9,high_earner,2026-07-28,Landlord Transfer,Rent,391.43,Credit Card,False
9,high_earner,2026-07-29,Airline Co,Travel,204.47,Mobile Wallet,False
9,high_earner,2026-07-30,AirBnB,Travel,378.38,Credit Card,False
9,high_earner,2026-07-31,Local Mart,Groceries,50.01,Debit Card,False
9,high_earner,2026-08-02,Hospital,Healthcare,47.64,Debit Card,False
9,high_earner,2026-08-03,Hotel Booking,Travel,321.17,Debit Card,False
9,high_earner,2026-08-04,Airline Co,Travel,342.73,Debit Card,False
9,high_earner,2026-08-06,Carrefour,Groceries,14.6,Cash,False
9,high_earner,2026-08-07,Daraz,Shopping,39.98,Credit Card,False
9,high_earner,2026-08-08,Starbucks,Dining,17.51,Credit Card,False
9,high_earner,2026-08-09,Steam,Entertainment,8.57,Credit Card,False
9,high_earner,2026-08-09,Zara,Shopping,18.77,Credit Card,False
9,high_earner,2026-08-10,Internet ISP,Utilities,70.65,Credit Card,False
9,high_earner,2026-08-11,Daraz,Shopping,9.23,Mobile Wallet,False
9,high_earner,2026-08-12,Pizza Hut,Dining,25.12,Cash,False
9,high_earner,2026-08-13,Daraz,Shopping,16.24,Debit Card,False
9,high_earner,2026-08-13,Netflix,Entertainment,1.0,Cash,False
9,high_earner,2026-08-15,Netflix,Entertainment,15.89,Debit Card,False
9,high_earner,2026-08-18,Hotel Booking,Travel,163.64,Mobile Wallet,False
9,high_earner,2026-08-18,IKEA,Shopping,100.97,Cash,False
9,high_earner,2026-08-18,AirBnB,Travel,285.65,Cash,False
9,high_earner,2026-08-19,Daraz,Shopping,717.96,Cash,True
9,high_earner,2026-08-19,Hotel Booking,Travel,312.46,Mobile Wallet,False
9,high_earner,2026-08-20,Daraz,Shopping,1.0,Credit Card,False
9,high_earner,2026-08-21,Zara,Shopping,76.31,Debit Card,False
9,high_earner,2026-08-22,Starbucks,Dining,9.94,Mobile Wallet,False
9,high_earner,2026-08-22,Landlord Transfer,Rent,443.92,Cash,False
9,high_earner,2026-08-24,Carrefour,Groceries,32.08,Cash,False
9,high_earner,2026-08-24,Fresh Foods,Groceries,23.03,Mobile Wallet,False
9,high_earner,2026-08-25,Local Cafe,Dining,26.87,Cash,False
9,high_earner,2026-08-26,Hotel Booking,Travel,90.55,Mobile Wallet,False
9,high_earner,2026-08-28,Netflix,Entertainment,22.04,Debit Card,False
9,high_earner,2026-08-30,Netflix,Entertainment,20.49,Cash,False
9,high_earner,2026-08-30,Daraz,Shopping,28.6,Debit Card,False
9,high_earner,2026-08-30,Landlord Transfer,Rent,720.14,Credit Card,False
9,high_earner,2026-08-31,AirBnB,Travel,1.0,Credit Card,False
9,high_earner,2026-09-01,McDonalds,Dining,18.11,Credit Card,False
9,high_earner,2026-09-01,IKEA,Shopping,1.0,Debit Card,False
9,high_earner,2026-09-01,McDonalds,Dining,19.03,Cash,False
10,high_earner,2026-03-05,Water Board,Utilities,25.39,Cash,False
10,high_earner,2026-03-05,IKEA,Shopping,70.43,Debit Card,False
10,high_earner,2026-03-06,Pizza Hut,Dining,9.9,Debit Card,False
10,high_earner,2026-03-06,IKEA,Shopping,86.88,Credit Card,False
10,high_earner,2026-03-06,Hotel Booking,Travel,444.98,Cash,False
10,high_earner,2026-03-06,Netflix,Entertainment,23.06,Debit Card,False
10,high_earner,2026-03-07,AirBnB,Travel,370.1,Debit Card,False
10,high_earner,2026-03-07,Carrefour,Groceries,53.37,Mobile Wallet,False
10,high_earner,2026-03-08,Starbucks,Dining,15.96,Debit Card,False
10,high_earner,2026-03-10,Carrefour,Groceries,36.58,Mobile Wallet,False
10,high_earner,2026-03-10,Hotel Booking,Travel,59.0,Credit Card,False
10,high_earner,2026-03-10,Airline Co,Travel,229.01,Mobile Wallet,False
10,high_earner,2026-03-10,Spotify,Entertainment,15.6,Credit Card,False
10,high_earner,2026-03-11,Cinema,Entertainment,5.75,Cash,False
10,high_earner,2026-03-12,Starbucks,Dining,13.5,Credit Card,False
10,high_earner,2026-03-12,Daraz,Shopping,60.77,Cash,False
10,high_earner,2026-03-12,IKEA,Shopping,1.0,Mobile Wallet,False
10,high_earner,2026-03-15,Steam,Entertainment,31.39,Credit Card,False
10,high_earner,2026-03-16,Walmart,Groceries,11.16,Cash,False
10,high_earner,2026-03-17,Amazon,Shopping,37.05,Cash,False
10,high_earner,2026-03-18,Local Mart,Groceries,43.51,Debit Card,False
10,high_earner,2026-03-18,Landlord Transfer,Rent,398.4,Mobile Wallet,False
10,high_earner,2026-03-19,Zara,Shopping,40.31,Credit Card,False
10,high_earner,2026-03-19,Zara,Shopping,15.0,Mobile Wallet,False
10,high_earner,2026-03-19,Starbucks,Dining,39.94,Mobile Wallet,False
10,high_earner,2026-03-21,Landlord Transfer,Rent,659.3,Cash,False
10,high_earner,2026-03-23,Local Cafe,Dining,32.65,Mobile Wallet,False
10,high_earner,2026-03-23,McDonalds,Dining,11.49,Debit Card,False
10,high_earner,2026-03-23,Fresh Foods,Groceries,35.1,Debit Card,False
10,high_earner,2026-03-23,Carrefour,Groceries,24.99,Credit Card,False
10,high_earner,2026-03-25,AirBnB,Travel,71.74,Cash,False
10,high_earner,2026-03-26,Daraz,Shopping,105.95,Debit Card,False
10,high_earner,2026-03-27,Spotify,Entertainment,7.07,Debit Card,False
10,high_earner,2026-03-28,Hotel Booking,Travel,456.34,Credit Card,False
10,high_earner,2026-03-29,Starbucks,Dining,23.19,Mobile Wallet,False
10,high_earner,2026-03-30,Hotel Booking,Travel,190.46,Credit Card,False
10,high_earner,2026-03-31,Steam,Entertainment,1.38,Mobile Wallet,False
10,high_earner,2026-03-31,Gas Company,Utilities,63.33,Debit Card,False
10,high_earner,2026-04-03,AirBnB,Travel,358.99,Debit Card,False
10,high_earner,2026-04-03,Local Cafe,Dining,16.68,Credit Card,False
10,high_earner,2026-04-04,Daraz,Shopping,78.0,Credit Card,False
10,high_earner,2026-04-05,Spotify,Entertainment,22.73,Debit Card,False
10,high_earner,2026-04-05,Carrefour,Groceries,51.75,Credit Card,False
10,high_earner,2026-04-06,Starbucks,Dining,15.25,Credit Card,False
10,high_earner,2026-04-08,Carrefour,Groceries,33.14,Cash,False
10,high_earner,2026-04-09,Clinic,Healthcare,1.0,Mobile Wallet,False
10,high_earner,2026-04-09,Amazon,Shopping,106.57,Cash,False
10,high_earner,2026-04-09,McDonalds,Dining,21.14,Debit Card,False
10,high_earner,2026-04-09,Steam,Entertainment,1.0,Mobile Wallet,False
10,high_earner,2026-04-11,Gas Company,Utilities,73.81,Debit Card,False
10,high_earner,2026-04-11,Airline Co,Travel,1.0,Mobile Wallet,False
10,high_earner,2026-04-11,AirBnB,Travel,31.04,Debit Card,False
10,high_earner,2026-04-12,Starbucks,Dining,9.46,Cash,False
10,high_earner,2026-04-13,Landlord Transfer,Rent,358.45,Cash,False
10,high_earner,2026-04-13,IKEA,Shopping,94.11,Credit Card,False
10,high_earner,2026-04-14,Clinic,Healthcare,75.56,Mobile Wallet,False
10,high_earner,2026-04-15,Steam,Entertainment,35.99,Debit Card,False
10,high_earner,2026-04-16,Amazon,Shopping,38.92,Credit Card,False
10,high_earner,2026-04-16,Landlord Transfer,Rent,393.67,Mobile Wallet,False
10,high_earner,2026-04-17,Daraz,Shopping,58.2,Credit Card,False
10,high_earner,2026-04-17,Daraz,Shopping,67.84,Mobile Wallet,False
10,high_earner,2026-04-20,Amazon,Shopping,52.09,Credit Card,False
10,high_earner,2026-04-23,Landlord Transfer,Rent,688.93,Mobile Wallet,False
10,high_earner,2026-04-25,Landlord Transfer,Rent,620.92,Credit Card,False
10,high_earner,2026-04-25,Fresh Foods,Groceries,39.64,Mobile Wallet,False
10,high_earner,2026-04-27,Pizza Hut,Dining,26.68,Credit Card,False
10,high_earner,2026-04-29,Steam,Entertainment,34.28,Debit Card,False
10,high_earner,2026-04-29,Landlord Transfer,Rent,615.2,Mobile Wallet,False
10,high_earner,2026-04-30,Zara,Shopping,57.48,Credit Card,False
10,high_earner,2026-05-01,IKEA,Shopping,139.84,Debit Card,False
10,high_earner,2026-05-01,Hotel Booking,Travel,346.68,Mobile Wallet,False
10,high_earner,2026-05-03,Airline Co,Travel,388.36,Credit Card,False
10,high_earner,2026-05-04,Zara,Shopping,1.0,Mobile Wallet,False
10,high_earner,2026-05-05,Local Mart,Groceries,35.1,Debit Card,False
10,high_earner,2026-05-05,Airline Co,Travel,497.81,Credit Card,False
10,high_earner,2026-05-06,McDonalds,Dining,3.58,Credit Card,False
10,high_earner,2026-05-06,Landlord Transfer,Rent,594.59,Debit Card,False
10,high_earner,2026-05-06,Internet ISP,Utilities,79.06,Mobile Wallet,False
10,high_earner,2026-05-08,Zara,Shopping,86.56,Credit Card,False
10,high_earner,2026-05-11,Starbucks,Dining,20.25,Mobile Wallet,False
10,high_earner,2026-05-13,Zara,Shopping,57.45,Cash,False
10,high_earner,2026-05-13,Local Cafe,Dining,29.64,Cash,False
10,high_earner,2026-05-13,Zara,Shopping,92.03,Mobile Wallet,False
10,high_earner,2026-05-14,Daraz,Shopping,1.0,Mobile Wallet,False
10,high_earner,2026-05-14,AirBnB,Travel,223.1,Mobile Wallet,False
10,high_earner,2026-05-14,Spotify,Entertainment,8.03,Cash,False
10,high_earner,2026-05-16,AirBnB,Travel,370.72,Mobile Wallet,False
10,high_earner,2026-05-18,Landlord Transfer,Rent,394.96,Cash,False
10,high_earner,2026-05-19,Cinema,Entertainment,23.46,Mobile Wallet,False
10,high_earner,2026-05-19,Landlord Transfer,Rent,524.88,Credit Card,False
10,high_earner,2026-05-20,AirBnB,Travel,114.46,Debit Card,False
10,high_earner,2026-05-20,IKEA,Shopping,1.0,Debit Card,False
10,high_earner,2026-05-20,Pharmacy,Healthcare,7.68,Debit Card,False
10,high_earner,2026-05-21,Landlord Transfer,Rent,403.66,Cash,False
10,high_earner,2026-05-21,AirBnB,Travel,1.0,Credit Card,False
10,high_earner,2026-05-22,Starbucks,Dining,9.11,Mobile Wallet,False
10,high_earner,2026-05-24,Amazon,Shopping,48.61,Credit Card,False
10,high_earner,2026-05-25,Starbucks,Dining,15.97,Mobile Wallet,False
10,high_earner,2026-05-25,IKEA,Shopping,61.98,Credit Card,False
10,high_earner,2026-05-25,Electric Co,Utilities,65.59,Cash,False
10,high_earner,2026-05-26,Clinic,Healthcare,29.57,Cash,False
10,high_earner,2026-05-27,Amazon,Shopping,18.66,Credit Card,False
10,high_earner,2026-05-27,IKEA,Shopping,79.16,Mobile Wallet,False
10,high_earner,2026-05-31,AirBnB,Travel,258.26,Cash,False
10,high_earner,2026-06-02,Landlord Transfer,Rent,568.22,Debit Card,False
10,high_earner,2026-06-03,Landlord Transfer,Rent,518.21,Mobile Wallet,False
10,high_earner,2026-06-04,Airline Co,Travel,44.61,Debit Card,False
10,high_earner,2026-06-04,AirBnB,Travel,602.08,Cash,False
10,high_earner,2026-06-06,Landlord Transfer,Rent,457.56,Credit Card,False
10,high_earner,2026-06-06,Starbucks,Dining,26.76,Debit Card,False
10,high_earner,2026-06-07,AirBnB,Travel,246.25,Credit Card,False
10,high_earner,2026-06-07,Hotel Booking,Travel,440.01,Debit Card,False
10,high_earner,2026-06-08,Pharmacy,Healthcare,80.85,Debit Card,False
10,high_earner,2026-06-08,Amazon,Shopping,109.46,Cash,False
10,high_earner,2026-06-09,Landlord Transfer,Rent,505.67,Cash,False
10,high_earner,2026-06-09,IKEA,Shopping,59.31,Mobile Wallet,False
10,high_earner,2026-06-10,Carrefour,Groceries,54.97,Credit Card,False
10,high_earner,2026-06-11,Amazon,Shopping,24.49,Credit Card,False
10,high_earner,2026-06-11,Hospital,Healthcare,20.16,Cash,False
10,high_earner,2026-06-13,Landlord Transfer,Rent,431.68,Cash,False
10,high_earner,2026-06-13,Water Board,Utilities,74.84,Debit Card,False
10,high_earner,2026-06-14,Hotel Booking,Travel,1.83,Mobile Wallet,False
10,high_earner,2026-06-15,Landlord Transfer,Rent,525.06,Cash,False
10,high_earner,2026-06-16,Starbucks,Dining,15.45,Mobile Wallet,False
10,high_earner,2026-06-17,AirBnB,Travel,237.24,Credit Card,False
10,high_earner,2026-06-17,AirBnB,Travel,1.0,Credit Card,False
10,high_earner,2026-06-18,Local Mart,Groceries,31.32,Cash,False
10,high_earner,2026-06-18,Walmart,Groceries,43.19,Cash,False
10,high_earner,2026-06-18,Hospital,Healthcare,34.69,Mobile Wallet,False
10,high_earner,2026-06-19,Hotel Booking,Travel,203.0,Mobile Wallet,False
10,high_earner,2026-06-19,Airline Co,Travel,140.03,Cash,False
10,high_earner,2026-06-19,Gas Company,Utilities,51.81,Mobile Wallet,False
10,high_earner,2026-06-20,AirBnB,Travel,41.58,Credit Card,False
10,high_earner,2026-06-21,Fresh Foods,Groceries,13.73,Credit Card,False
10,high_earner,2026-06-21,Hotel Booking,Travel,117.4,Credit Card,False
10,high_earner,2026-06-23,Local Cafe,Dining,19.71,Debit Card,False
10,high_earner,2026-06-23,Daraz,Shopping,831.98,Mobile Wallet,True
10,high_earner,2026-06-26,Hotel Booking,Travel,1.0,Credit Card,False
10,high_earner,2026-06-29,Landlord Transfer,Rent,573.61,Debit Card,False
10,high_earner,2026-06-30,Local Mart,Groceries,30.88,Credit Card,False
10,high_earner,2026-07-01,Steam,Entertainment,11.36,Cash,False
10,high_earner,2026-07-02,Walmart,Groceries,69.61,Debit Card,False
10,high_earner,2026-07-02,Hotel Booking,Travel,256.59,Cash,False
10,high_earner,2026-07-03,Landlord Transfer,Rent,512.85,Debit Card,False
10,high_earner,2026-07-03,Zara,Shopping,31.35,Debit Card,False
10,high_earner,2026-07-04,Starbucks,Dining,32.48,Mobile Wallet,False
10,high_earner,2026-07-05,Daraz,Shopping,82.39,Debit Card,False
10,high_earner,2026-07-05,AirBnB,Travel,471.14,Debit Card,False
10,high_earner,2026-07-05,Hotel Booking,Travel,446.21,Debit Card,False
10,high_earner,2026-07-05,Landlord Transfer,Rent,483.99,Debit Card,False
10,high_earner,2026-07-06,Water Board,Utilities,55.13,Cash,False
10,high_earner,2026-07-06,Spotify,Entertainment,10.23,Credit Card,False
10,high_earner,2026-07-07,Landlord Transfer,Rent,581.09,Credit Card,False
10,high_earner,2026-07-07,Dental Care,Healthcare,112.51,Credit Card,False
10,high_earner,2026-07-07,Amazon,Shopping,1.79,Mobile Wallet,False
10,high_earner,2026-07-07,Landlord Transfer,Rent,462.36,Cash,False
10,high_earner,2026-07-08,IKEA,Shopping,67.64,Cash,False
10,high_earner,2026-07-09,Local Cafe,Dining,4.1,Debit Card,False
10,high_earner,2026-07-09,Local Mart,Groceries,38.22,Mobile Wallet,False
10,high_earner,2026-07-10,Spotify,Entertainment,18.74,Debit Card,False
10,high_earner,2026-07-11,Amazon,Shopping,77.35,Mobile Wallet,False
10,high_earner,2026-07-11,Hotel Booking,Travel,172.36,Credit Card,False
10,high_earner,2026-07-13,AirBnB,Travel,169.12,Cash,False
10,high_earner,2026-07-13,Hotel Booking,Travel,444.52,Debit Card,False
10,high_earner,2026-07-13,Hotel Booking,Travel,255.55,Credit Card,False
10,high_earner,2026-07-13,Dental Care,Healthcare,82.22,Cash,False
10,high_earner,2026-07-15,Electric Co,Utilities,53.08,Credit Card,False
10,high_earner,2026-07-15,Starbucks,Dining,20.34,Mobile Wallet,False
10,high_earner,2026-07-16,AirBnB,Travel,374.75,Credit Card,False
10,high_earner,2026-07-16,Hotel Booking,Travel,517.89,Cash,False
10,high_earner,2026-07-19,Internet ISP,Utilities,33.5,Debit Card,False
10,high_earner,2026-07-23,Zara,Shopping,79.54,Debit Card,False
10,high_earner,2026-07-23,Local Mart,Groceries,39.51,Mobile Wallet,False
10,high_earner,2026-07-23,Zara,Shopping,24.35,Cash,False
10,high_earner,2026-07-25,Clinic,Healthcare,32.64,Mobile Wallet,False
10,high_earner,2026-07-26,Hotel Booking,Travel,164.52,Debit Card,False
10,high_earner,2026-07-26,Dental Care,Healthcare,1.0,Cash,False
10,high_earner,2026-07-26,Cinema,Entertainment,21.65,Mobile Wallet,False
10,high_earner,2026-07-26,Pizza Hut,Dining,40.1,Mobile Wallet,False
10,high_earner,2026-07-28,Daraz,Shopping,86.15,Debit Card,False
10,high_earner,2026-07-28,AirBnB,Travel,31.66,Debit Card,False
10,high_earner,2026-07-28,Walmart,Groceries,15.68,Cash,False
10,high_earner,2026-07-30,Landlord Transfer,Rent,366.02,Mobile Wallet,False
10,high_earner,2026-07-31,IKEA,Shopping,51.97,Debit Card,False
10,high_earner,2026-08-03,Airline Co,Travel,430.63,Debit Card,False
10,high_earner,2026-08-04,Local Cafe,Dining,37.13,Credit Card,False
10,high_earner,2026-08-04,Carrefour,Groceries,20.13,Mobile Wallet,False
10,high_earner,2026-08-04,Steam,Entertainment,20.71,Debit Card,False
10,high_earner,2026-08-05,AirBnB,Travel,91.48,Cash,False
10,high_earner,2026-08-07,Hotel Booking,Travel,575.82,Cash,False
10,high_earner,2026-08-07,Local Mart,Groceries,33.23,Credit Card,False
10,high_earner,2026-08-12,Dental Care,Healthcare,60.57,Credit Card,False
10,high_earner,2026-08-12,Carrefour,Groceries,40.07,Credit Card,False
10,high_earner,2026-08-15,Landlord Transfer,Rent,603.36,Cash,False
10,high_earner,2026-08-17,IKEA,Shopping,34.15,Credit Card,False
10,high_earner,2026-08-19,Local Cafe,Dining,15.43,Cash,False
10,high_earner,2026-08-20,Landlord Transfer,Rent,449.41,Cash,False
10,high_earner,2026-08-20,Landlord Transfer,Rent,563.85,Cash,False
10,high_earner,2026-08-21,Hotel Booking,Travel,454.64,Credit Card,False
10,high_earner,2026-08-23,Fresh Foods,Groceries,33.12,Credit Card,False
10,high_earner,2026-08-24,Pizza Hut,Dining,18.06,Debit Card,False
10,high_earner,2026-08-24,Daraz,Shopping,76.08,Cash,False
10,high_earner,2026-08-25,Landlord Transfer,Rent,500.76,Cash,False
10,high_earner,2026-08-25,Landlord Transfer,Rent,430.05,Mobile Wallet,False
10,high_earner,2026-08-26,Airline Co,Travel,141.09,Mobile Wallet,False
10,high_earner,2026-08-26,Cinema,Entertainment,8.33,Mobile Wallet,False
10,high_earner,2026-08-26,Carrefour,Groceries,53.39,Debit Card,False
10,high_earner,2026-08-27,Pizza Hut,Dining,9.33,Mobile Wallet,False
10,high_earner,2026-08-27,Local Cafe,Dining,18.14,Credit Card,False
10,high_earner,2026-08-27,Airline Co,Travel,110.39,Debit Card,False
10,high_earner,2026-08-28,Internet ISP,Utilities,56.38,Debit Card,False
10,high_earner,2026-08-29,Pizza Hut,Dining,16.19,Cash,False
10,high_earner,2026-08-30,AirBnB,Travel,293.51,Cash,False
11,family,2026-03-05,Local Cafe,Dining,30.73,Cash,False
11,family,2026-03-09,IKEA,Shopping,1.0,Cash,False
11,family,2026-03-10,Dental Care,Healthcare,69.39,Mobile Wallet,False
11,family,2026-03-10,Carrefour,Groceries,35.7,Debit Card,False
11,family,2026-03-12,Walmart,Groceries,76.95,Debit Card,False
11,family,2026-03-12,Landlord Transfer,Rent,489.11,Cash,False
11,family,2026-03-13,Landlord Transfer,Rent,554.61,Debit Card,False
11,family,2026-03-14,Carrefour,Groceries,33.01,Mobile Wallet,False
11,family,2026-03-14,Electric Co,Utilities,60.98,Credit Card,False
11,family,2026-03-14,Electric Co,Utilities,56.14,Mobile Wallet,False
11,family,2026-03-15,Walmart,Groceries,29.2,Credit Card,False
11,family,2026-03-16,IKEA,Shopping,83.28,Credit Card,False
11,family,2026-03-16,Electric Co,Utilities,24.26,Cash,False
11,family,2026-03-16,Starbucks,Dining,46.92,Credit Card,False
11,family,2026-03-18,Gas Company,Utilities,83.92,Cash,False
11,family,2026-03-18,Careem,Transport,18.71,Debit Card,False
11,family,2026-03-19,Zara,Shopping,93.79,Mobile Wallet,False
11,family,2026-03-24,Landlord Transfer,Rent,523.61,Debit Card,False
11,family,2026-03-24,Starbucks,Dining,24.21,Credit Card,False
11,family,2026-03-24,Walmart,Groceries,36.93,Cash,False
11,family,2026-03-25,Zara,Shopping,41.86,Mobile Wallet,False
11,family,2026-03-26,Dental Care,Healthcare,30.92,Cash,False
11,family,2026-03-26,Metro Card,Transport,16.4,Debit Card,False
11,family,2026-03-26,Daraz,Shopping,40.54,Mobile Wallet,False
11,family,2026-03-27,Fresh Foods,Groceries,39.48,Cash,False
11,family,2026-03-27,Zara,Shopping,91.23,Mobile Wallet,False
11,family,2026-03-28,Carrefour,Groceries,52.72,Credit Card,False
11,family,2026-03-28,IKEA,Shopping,80.93,Cash,False
11,family,2026-03-29,Pizza Hut,Dining,9.23,Mobile Wallet,False
11,family,2026-03-29,Local Mart,Groceries,61.24,Debit Card,False
11,family,2026-03-29,Internet ISP,Utilities,67.43,Credit Card,False
11,family,2026-03-30,Uber,Transport,4.95,Debit Card,False
11,family,2026-03-30,Landlord Transfer,Rent,469.05,Cash,False
11,family,2026-03-31,Fresh Foods,Groceries,42.88,Credit Card,False
11,family,2026-04-01,Dental Care,Healthcare,47.39,Mobile Wallet,False
11,family,2026-04-04,Local Mart,Groceries,36.5,Credit Card,False
11,family,2026-04-05,Gas Company,Utilities,89.44,Cash,False
11,family,2026-04-05,Starbucks,Dining,25.95,Credit Card,False
11,family,2026-04-06,Shell Gas,Transport,9.13,Debit Card,False
11,family,2026-04-07,Local Cafe,Dining,1.0,Mobile Wallet,False
11,family,2026-04-07,Gas Company,Utilities,50.05,Debit Card,False
11,family,2026-04-07,Clinic,Healthcare,43.82,Mobile Wallet,False
11,family,2026-04-07,IKEA,Shopping,7.5,Debit Card,False
11,family,2026-04-08,Pizza Hut,Dining,23.79,Credit Card,False
11,family,2026-04-09,Landlord Transfer,Rent,446.92,Debit Card,False
11,family,2026-04-09,Local Mart,Groceries,21.77,Cash,False
11,family,2026-04-10,Pizza Hut,Dining,10.65,Mobile Wallet,False
11,family,2026-04-10,Daraz,Shopping,93.24,Credit Card,False
11,family,2026-04-12,Daraz,Shopping,40.43,Debit Card,False
11,family,2026-04-13,Zara,Shopping,136.0,Credit Card,False
11,family,2026-04-13,Gas Company,Utilities,49.72,Mobile Wallet,False
11,family,2026-04-15,Internet ISP,Utilities,77.95,Mobile Wallet,False
11,family,2026-04-15,Landlord Transfer,Rent,540.02,Cash,False
11,family,2026-04-17,Landlord Transfer,Rent,298.59,Debit Card,False
11,family,2026-04-18,Uber,Transport,9.85,Credit Card,False
11,family,2026-04-18,Starbucks,Dining,18.81,Credit Card,False
11,family,2026-04-18,Zara,Shopping,65.61,Cash,False
11,family,2026-04-18,Daraz,Shopping,29.04,Mobile Wallet,False
11,family,2026-04-21,Walmart,Groceries,32.7,Debit Card,False
11,family,2026-04-22,Electric Co,Utilities,78.87,Debit Card,False
11,family,2026-04-23,Walmart,Groceries,24.82,Mobile Wallet,False
11,family,2026-04-23,Daraz,Shopping,41.88,Cash,False
11,family,2026-04-23,Landlord Transfer,Rent,457.91,Cash,False
11,family,2026-04-23,Gas Company,Utilities,28.79,Cash,False
11,family,2026-04-25,Gas Company,Utilities,94.24,Credit Card,False
11,family,2026-04-25,Local Mart,Groceries,30.32,Credit Card,False
11,family,2026-04-26,Daraz,Shopping,56.78,Credit Card,False
11,family,2026-04-26,Pizza Hut,Dining,4.34,Mobile Wallet,False
11,family,2026-04-29,Electric Co,Utilities,71.33,Mobile Wallet,False
11,family,2026-04-30,Starbucks,Dining,11.52,Debit Card,False
11,family,2026-05-01,Shell Gas,Transport,11.45,Mobile Wallet,False
11,family,2026-05-01,Walmart,Groceries,36.05,Credit Card,False
11,family,2026-05-01,Water Board,Utilities,37.54,Mobile Wallet,False
11,family,2026-05-02,Metro Card,Transport,28.37,Debit Card,False
11,family,2026-05-02,Walmart,Groceries,41.98,Debit Card,False
11,family,2026-05-06,Fresh Foods,Groceries,27.19,Credit Card,False
11,family,2026-05-06,Carrefour,Groceries,36.65,Mobile Wallet,False
11,family,2026-05-06,Gas Company,Utilities,65.64,Cash,False
11,family,2026-05-07,Zara,Shopping,54.06,Debit Card,False
11,family,2026-05-07,Amazon,Shopping,44.02,Credit Card,False
11,family,2026-05-08,Hospital,Healthcare,48.12,Mobile Wallet,False
11,family,2026-05-10,Shell Gas,Transport,6.0,Debit Card,False
11,family,2026-05-11,Internet ISP,Utilities,62.63,Credit Card,False
11,family,2026-05-11,Carrefour,Groceries,48.58,Credit Card,False
11,family,2026-05-12,Water Board,Utilities,44.99,Mobile Wallet,False
11,family,2026-05-13,Pizza Hut,Dining,23.14,Credit Card,False
11,family,2026-05-14,Water Board,Utilities,53.32,Cash,False
11,family,2026-05-15,Walmart,Groceries,53.59,Mobile Wallet,False
11,family,2026-05-16,Carrefour,Groceries,59.4,Credit Card,False
11,family,2026-05-18,Landlord Transfer,Rent,542.19,Mobile Wallet,False
11,family,2026-05-18,Carrefour,Groceries,31.56,Cash,False
11,family,2026-05-18,Electric Co,Utilities,92.09,Debit Card,False
11,family,2026-05-18,Careem,Transport,17.89,Mobile Wallet,False
11,family,2026-05-19,Walmart,Groceries,30.44,Cash,False
11,family,2026-05-19,Electric Co,Utilities,71.72,Credit Card,False
11,family,2026-05-19,Local Mart,Groceries,61.37,Debit Card,False
11,family,2026-05-21,Walmart,Groceries,57.51,Debit Card,False
11,family,2026-05-21,Fresh Foods,Groceries,63.83,Debit Card,False
11,family,2026-05-21,Zara,Shopping,74.95,Cash,False
11,family,2026-05-22,Landlord Transfer,Rent,305.75,Debit Card,False
11,family,2026-05-22,Walmart,Groceries,42.97,Mobile Wallet,False
11,family,2026-05-24,Local Mart,Groceries,80.32,Debit Card,False
11,family,2026-05-25,Internet ISP,Utilities,63.77,Credit Card,False
11,family,2026-05-27,Fresh Foods,Groceries,64.12,Mobile Wallet,False
11,family,2026-05-27,Local Mart,Groceries,19.2,Mobile Wallet,False
11,family,2026-05-27,Careem,Transport,11.11,Debit Card,False
11,family,2026-05-28,Shell Gas,Transport,13.73,Cash,False
11,family,2026-05-28,Dental Care,Healthcare,43.87,Cash,False
11,family,2026-05-29,Landlord Transfer,Rent,480.67,Credit Card,False
11,family,2026-05-30,Daraz,Shopping,90.87,Mobile Wallet,False
11,family,2026-05-31,Internet ISP,Utilities,71.89,Cash,False
11,family,2026-05-31,Local Mart,Groceries,35.76,Mobile Wallet,False
11,family,2026-06-01,Amazon,Shopping,13.74,Mobile Wallet,False
11,family,2026-06-04,Daraz,Shopping,81.73,Credit Card,False
11,family,2026-06-04,Internet ISP,Utilities,67.32,Debit Card,False
11,family,2026-06-04,Zara,Shopping,101.53,Credit Card,False
11,family,2026-06-06,Gas Company,Utilities,57.85,Debit Card,False
11,family,2026-06-08,Dental Care,Healthcare,83.17,Debit Card,False
11,family,2026-06-08,Internet ISP,Utilities,73.94,Cash,False
11,family,2026-06-09,Landlord Transfer,Rent,465.25,Cash,False
11,family,2026-06-11,Walmart,Groceries,56.0,Credit Card,False
11,family,2026-06-12,Walmart,Groceries,44.43,Credit Card,False
11,family,2026-06-12,Starbucks,Dining,33.32,Debit Card,False
11,family,2026-06-13,McDonalds,Dining,22.21,Debit Card,False
11,family,2026-06-13,Electric Co,Utilities,111.54,Mobile Wallet,False
11,family,2026-06-13,Landlord Transfer,Rent,517.45,Credit Card,False
11,family,2026-06-13,Landlord Transfer,Rent,219.62,Mobile Wallet,False
11,family,2026-06-14,Metro Card,Transport,3.49,Cash,False
11,family,2026-06-14,Landlord Transfer,Rent,557.05,Cash,False
11,family,2026-06-15,Landlord Transfer,Rent,599.44,Credit Card,False
11,family,2026-06-15,Walmart,Groceries,37.1,Debit Card,False
11,family,2026-06-15,Fresh Foods,Groceries,641.06,Credit Card,True
11,family,2026-06-16,Landlord Transfer,Rent,457.1,Credit Card,False
11,family,2026-06-18,Zara,Shopping,1.0,Mobile Wallet,False
11,family,2026-06-19,Local Mart,Groceries,44.69,Credit Card,False
11,family,2026-06-19,Zara,Shopping,77.95,Credit Card,False
11,family,2026-06-21,McDonalds,Dining,5.46,Cash,False
11,family,2026-06-21,Landlord Transfer,Rent,400.11,Debit Card,False
11,family,2026-06-24,Landlord Transfer,Rent,625.76,Credit Card,False
11,family,2026-06-27,Carrefour,Groceries,32.0,Mobile Wallet,False
11,family,2026-06-27,Carrefour,Groceries,30.01,Debit Card,False
11,family,2026-06-28,Daraz,Shopping,97.61,Debit Card,False
11,family,2026-07-03,Gas Company,Utilities,72.36,Credit Card,False
11,family,2026-07-03,Internet ISP,Utilities,66.93,Mobile Wallet,False
11,family,2026-07-04,Gas Company,Utilities,93.28,Credit Card,False
11,family,2026-07-06,Carrefour,Groceries,32.86,Debit Card,False
11,family,2026-07-07,Fresh Foods,Groceries,48.06,Cash,False
11,family,2026-07-08,Starbucks,Dining,19.3,Mobile Wallet,False
11,family,2026-07-09,Zara,Shopping,75.36,Cash,False
11,family,2026-07-09,Internet ISP,Utilities,78.03,Cash,False
11,family,2026-07-09,Fresh Foods,Groceries,29.48,Mobile Wallet,False
11,family,2026-07-10,Local Mart,Groceries,24.52,Debit Card,False
11,family,2026-07-11,Careem,Transport,6.44,Mobile Wallet,False
11,family,2026-07-12,Local Mart,Groceries,39.15,Cash,False
11,family,2026-07-13,Gas Company,Utilities,75.64,Mobile Wallet,False
11,family,2026-07-13,Fresh Foods,Groceries,39.02,Credit Card,False
11,family,2026-07-14,Electric Co,Utilities,67.67,Cash,False
11,family,2026-07-15,McDonalds,Dining,8.09,Debit Card,False
11,family,2026-07-15,Zara,Shopping,1.76,Credit Card,False
11,family,2026-07-17,Internet ISP,Utilities,51.74,Debit Card,False
11,family,2026-07-18,Daraz,Shopping,3.73,Cash,False
11,family,2026-07-18,Walmart,Groceries,34.4,Cash,False
11,family,2026-07-19,Water Board,Utilities,6.92,Credit Card,False
11,family,2026-07-20,Walmart,Groceries,20.53,Mobile Wallet,False
11,family,2026-07-20,Internet ISP,Utilities,313.84,Cash,True
11,family,2026-07-24,Internet ISP,Utilities,67.95,Debit Card,False
11,family,2026-07-24,Landlord Transfer,Rent,694.12,Cash,False
11,family,2026-07-24,Zara,Shopping,58.7,Credit Card,False
11,family,2026-07-25,Fresh Foods,Groceries,35.76,Debit Card,False
11,family,2026-07-26,Pharmacy,Healthcare,22.32,Cash,False
11,family,2026-07-26,IKEA,Shopping,76.37,Debit Card,False
11,family,2026-07-27,Gas Company,Utilities,24.63,Credit Card,False
11,family,2026-07-27,Landlord Transfer,Rent,487.45,Credit Card,False
11,family,2026-07-27,Fresh Foods,Groceries,19.94,Credit Card,False
11,family,2026-07-27,Walmart,Groceries,22.25,Cash,False
11,family,2026-07-28,Landlord Transfer,Rent,461.54,Mobile Wallet,False
11,family,2026-07-28,Fresh Foods,Groceries,32.71,Credit Card,False
11,family,2026-07-28,Daraz,Shopping,29.66,Credit Card,False
11,family,2026-07-29,Local Cafe,Dining,10.17,Credit Card,False
11,family,2026-07-30,Internet ISP,Utilities,98.58,Credit Card,False
11,family,2026-08-02,Pizza Hut,Dining,8.65,Debit Card,False
11,family,2026-08-02,Landlord Transfer,Rent,507.76,Debit Card,False
11,family,2026-08-05,Starbucks,Dining,12.29,Credit Card,False
11,family,2026-08-05,Fresh Foods,Groceries,54.49,Mobile Wallet,False
11,family,2026-08-05,McDonalds,Dining,21.81,Debit Card,False
11,family,2026-08-05,Dental Care,Healthcare,81.37,Cash,False
11,family,2026-08-06,Landlord Transfer,Rent,504.56,Debit Card,False
11,family,2026-08-06,Coursera,Education,25.75,Cash,False
11,family,2026-08-06,Electric Co,Utilities,82.44,Mobile Wallet,False
11,family,2026-08-07,McDonalds,Dining,22.29,Mobile Wallet,False
11,family,2026-08-07,Local Mart,Groceries,31.15,Credit Card,False
11,family,2026-08-09,IKEA,Shopping,68.24,Mobile Wallet,False
11,family,2026-08-11,Carrefour,Groceries,29.15,Debit Card,False
11,family,2026-08-12,Landlord Transfer,Rent,536.66,Debit Card,False
11,family,2026-08-12,Landlord Transfer,Rent,235.92,Mobile Wallet,False
11,family,2026-08-13,Starbucks,Dining,9.67,Debit Card,False
11,family,2026-08-13,Coursera,Education,45.92,Credit Card,False
11,family,2026-08-16,Pizza Hut,Dining,138.3,Cash,True
11,family,2026-08-18,Amazon,Shopping,23.73,Credit Card,False
11,family,2026-08-19,Landlord Transfer,Rent,512.13,Mobile Wallet,False
11,family,2026-08-21,Local Mart,Groceries,48.38,Cash,False
11,family,2026-08-22,Carrefour,Groceries,33.93,Cash,False
11,family,2026-08-23,Local Mart,Groceries,53.24,Credit Card,False
11,family,2026-08-23,Zara,Shopping,75.66,Debit Card,False
11,family,2026-08-24,Local Mart,Groceries,10.31,Mobile Wallet,False
11,family,2026-08-24,Carrefour,Groceries,70.4,Mobile Wallet,False
11,family,2026-08-24,Landlord Transfer,Rent,471.82,Debit Card,False
11,family,2026-08-24,Daraz,Shopping,29.52,Cash,False
11,family,2026-08-25,Carrefour,Groceries,25.42,Credit Card,False
11,family,2026-08-25,Amazon,Shopping,58.18,Credit Card,False
11,family,2026-08-25,Carrefour,Groceries,34.28,Debit Card,False
11,family,2026-08-26,Local Mart,Groceries,51.1,Credit Card,False
11,family,2026-08-27,Pizza Hut,Dining,21.81,Credit Card,False
11,family,2026-08-27,Internet ISP,Utilities,59.19,Mobile Wallet,False
11,family,2026-08-27,Landlord Transfer,Rent,553.68,Credit Card,False
11,family,2026-08-28,Local Mart,Groceries,21.26,Debit Card,False
11,family,2026-08-29,Carrefour,Groceries,46.19,Debit Card,False
11,family,2026-08-29,Internet ISP,Utilities,91.52,Mobile Wallet,False
11,family,2026-08-29,Water Board,Utilities,65.43,Credit Card,False
11,family,2026-08-30,Local Cafe,Dining,33.91,Credit Card,False
11,family,2026-09-01,Landlord Transfer,Rent,672.03,Debit Card,False
12,student,2026-03-05,Pizza Hut,Dining,14.45,Debit Card,False
12,student,2026-03-05,Cinema,Entertainment,23.05,Credit Card,False
12,student,2026-03-05,IKEA,Shopping,88.15,Credit Card,False
12,student,2026-03-07,Netflix,Entertainment,13.79,Mobile Wallet,False
12,student,2026-03-07,Internet ISP,Utilities,74.54,Cash,False
12,student,2026-03-07,McDonalds,Dining,1.0,Credit Card,False
12,student,2026-03-08,Shell Gas,Transport,3.84,Mobile Wallet,False
12,student,2026-03-08,Daraz,Shopping,128.91,Mobile Wallet,False
12,student,2026-03-08,McDonalds,Dining,29.91,Cash,False
12,student,2026-03-10,Metro Card,Transport,4.62,Credit Card,False
12,student,2026-03-10,Daraz,Shopping,22.22,Debit Card,False
12,student,2026-03-13,Local Cafe,Dining,26.2,Credit Card,False
12,student,2026-03-13,McDonalds,Dining,13.32,Debit Card,False
12,student,2026-03-13,Local Mart,Groceries,44.93,Cash,False
12,student,2026-03-14,Metro Card,Transport,7.41,Mobile Wallet,False
12,student,2026-03-14,Daraz,Shopping,26.35,Credit Card,False
12,student,2026-03-15,Bookstore,Education,60.83,Cash,False
12,student,2026-03-15,Hospital,Healthcare,22.09,Cash,False
12,student,2026-03-20,Spotify,Entertainment,35.08,Cash,False
12,student,2026-03-21,Uber,Transport,10.4,Cash,False
12,student,2026-03-21,Fresh Foods,Groceries,40.94,Credit Card,False
12,student,2026-03-21,Pizza Hut,Dining,6.65,Debit Card,False
12,student,2026-03-21,Careem,Transport,11.68,Cash,False
12,student,2026-03-24,Local Cafe,Dining,25.88,Debit Card,False
12,student,2026-03-25,Udemy,Education,83.44,Mobile Wallet,False
12,student,2026-03-26,Starbucks,Dining,16.38,Mobile Wallet,False
12,student,2026-03-27,Starbucks,Dining,18.63,Debit Card,False
12,student,2026-03-28,Fresh Foods,Groceries,54.99,Cash,False
12,student,2026-03-29,Shell Gas,Transport,20.44,Mobile Wallet,False
12,student,2026-03-30,Starbucks,Dining,13.5,Debit Card,False
12,student,2026-03-30,Spotify,Entertainment,19.07,Debit Card,False
12,student,2026-03-31,Daraz,Shopping,62.29,Cash,False
12,student,2026-04-02,Starbucks,Dining,26.92,Mobile Wallet,False
12,student,2026-04-02,Spotify,Entertainment,12.02,Debit Card,False
12,student,2026-04-02,Local Mart,Groceries,29.62,Credit Card,False
12,student,2026-04-02,Uber,Transport,11.39,Debit Card,False
12,student,2026-04-04,Cinema,Entertainment,29.97,Debit Card,False
12,student,2026-04-07,Pharmacy,Healthcare,68.7,Cash,False
12,student,2026-04-07,Metro Card,Transport,17.42,Mobile Wallet,False
12,student,2026-04-07,Shell Gas,Transport,16.86,Mobile Wallet,False
12,student,2026-04-07,Zara,Shopping,1.0,Debit Card,False
12,student,2026-04-08,Daraz,Shopping,38.74,Credit Card,False
12,student,2026-04-08,Spotify,Entertainment,13.87,Debit Card,False
12,student,2026-04-09,Udemy,Education,4.94,Cash,False
12,student,2026-04-10,Starbucks,Dining,30.19,Debit Card,False
12,student,2026-04-10,Clinic,Healthcare,23.07,Credit Card,False
12,student,2026-04-11,Local Mart,Groceries,19.23,Credit Card,False
12,student,2026-04-11,Local Cafe,Dining,19.64,Debit Card,False
12,student,2026-04-13,Fresh Foods,Groceries,39.55,Cash,False
12,student,2026-04-13,Coursera,Education,1.0,Mobile Wallet,False
12,student,2026-04-14,Metro Card,Transport,20.08,Mobile Wallet,False
12,student,2026-04-16,Starbucks,Dining,29.31,Debit Card,False
12,student,2026-04-16,Starbucks,Dining,6.57,Debit Card,False
12,student,2026-04-18,Uber,Transport,16.76,Mobile Wallet,False
12,student,2026-04-18,Walmart,Groceries,30.8,Cash,False
12,student,2026-04-18,Fresh Foods,Groceries,41.55,Debit Card,False
12,student,2026-04-19,Carrefour,Groceries,40.36,Debit Card,False
12,student,2026-04-19,Amazon,Shopping,72.02,Debit Card,False
12,student,2026-04-20,Metro Card,Transport,4.54,Mobile Wallet,False
12,student,2026-04-22,Local Mart,Groceries,53.85,Mobile Wallet,False
12,student,2026-04-23,Starbucks,Dining,22.06,Mobile Wallet,False
12,student,2026-04-24,Metro Card,Transport,6.54,Credit Card,False
12,student,2026-04-26,IKEA,Shopping,101.09,Cash,False
12,student,2026-04-28,Local Cafe,Dining,3.81,Credit Card,False
12,student,2026-04-29,Netflix,Entertainment,6.43,Mobile Wallet,False
12,student,2026-04-30,Metro Card,Transport,1.0,Credit Card,False
12,student,2026-05-02,Spotify,Entertainment,17.84,Mobile Wallet,False
12,student,2026-05-02,Netflix,Entertainment,16.32,Mobile Wallet,False
12,student,2026-05-02,Netflix,Entertainment,16.49,Debit Card,False
12,student,2026-05-03,Cinema,Entertainment,1.0,Mobile Wallet,False
12,student,2026-05-04,Fresh Foods,Groceries,51.72,Cash,False
12,student,2026-05-05,Internet ISP,Utilities,63.61,Mobile Wallet,False
12,student,2026-05-05,Starbucks,Dining,8.44,Mobile Wallet,False
12,student,2026-05-05,Pizza Hut,Dining,16.85,Credit Card,False
12,student,2026-05-05,Daraz,Shopping,7.68,Mobile Wallet,False
12,student,2026-05-06,Steam,Entertainment,16.57,Credit Card,False
12,student,2026-05-07,Walmart,Groceries,54.65,Debit Card,False
12,student,2026-05-07,Daraz,Shopping,85.22,Mobile Wallet,False
12,student,2026-05-10,Tuition Center,Education,35.23,Cash,False
12,student,2026-05-10,Fresh Foods,Groceries,31.4,Credit Card,False
12,student,2026-05-10,Starbucks,Dining,27.1,Mobile Wallet,False
12,student,2026-05-11,Carrefour,Groceries,29.17,Mobile Wallet,False
12,student,2026-05-14,Netflix,Entertainment,24.83,Cash,False
12,student,2026-05-14,Pizza Hut,Dining,6.93,Debit Card,False
12,student,2026-05-15,Walmart,Groceries,60.02,Credit Card,False
12,student,2026-05-16,Walmart,Groceries,27.58,Mobile Wallet,False
12,student,2026-05-19,Pizza Hut,Dining,24.86,Credit Card,False
12,student,2026-05-19,Fresh Foods,Groceries,63.34,Debit Card,False
12,student,2026-05-20,Fresh Foods,Groceries,43.7,Mobile Wallet,False
12,student,2026-05-21,Electric Co,Utilities,67.59,Debit Card,False
12,student,2026-05-21,Hospital,Healthcare,25.66,Debit Card,False
12,student,2026-05-22,Careem,Transport,11.69,Debit Card,False
12,student,2026-05-22,Carrefour,Groceries,43.75,Credit Card,False
12,student,2026-05-23,Fresh Foods,Groceries,267.08,Mobile Wallet,True
12,student,2026-05-24,Local Mart,Groceries,40.5,Debit Card,False
12,student,2026-05-26,Uber,Transport,22.02,Debit Card,False
12,student,2026-05-29,Starbucks,Dining,27.16,Credit Card,False
12,student,2026-05-29,Cinema,Entertainment,25.97,Credit Card,False
12,student,2026-05-30,Local Cafe,Dining,31.81,Mobile Wallet,False
12,student,2026-05-31,Steam,Entertainment,17.18,Credit Card,False
12,student,2026-05-31,Local Cafe,Dining,27.68,Debit Card,False
12,student,2026-06-01,Spotify,Entertainment,16.21,Mobile Wallet,False
12,student,2026-06-01,Gas Company,Utilities,46.96,Mobile Wallet,False
12,student,2026-06-04,Fresh Foods,Groceries,6.37,Credit Card,False
12,student,2026-06-05,McDonalds,Dining,26.33,Debit Card,False
12,student,2026-06-05,Zara,Shopping,57.4,Debit Card,False
12,student,2026-06-05,Netflix,Entertainment,16.24,Debit Card,False
12,student,2026-06-05,Starbucks,Dining,12.33,Credit Card,False
12,student,2026-06-06,Shell Gas,Transport,26.41,Credit Card,False
12,student,2026-06-07,Spotify,Entertainment,11.82,Credit Card,False
12,student,2026-06-07,Pizza Hut,Dining,23.41,Cash,False
12,student,2026-06-08,Walmart,Groceries,45.88,Credit Card,False
12,student,2026-06-08,Udemy,Education,4.14,Mobile Wallet,False
12,student,2026-06-10,Starbucks,Dining,19.47,Debit Card,False
12,student,2026-06-11,Local Mart,Groceries,52.21,Debit Card,False
12,student,2026-06-12,Steam,Entertainment,11.39,Cash,False
12,student,2026-06-13,Amazon,Shopping,105.89,Credit Card,False
12,student,2026-06-14,Local Mart,Groceries,49.66,Cash,False
12,student,2026-06-15,Pizza Hut,Dining,8.14,Mobile Wallet,False
12,student,2026-06-18,Uber,Transport,6.67,Mobile Wallet,False
12,student,2026-06-19,McDonalds,Dining,26.38,Cash,False
12,student,2026-06-19,IKEA,Shopping,27.86,Debit Card,False
12,student,2026-06-21,McDonalds,Dining,14.95,Cash,False
12,student,2026-06-23,Cinema,Entertainment,8.96,Mobile Wallet,False
12,student,2026-06-23,Careem,Transport,23.67,Debit Card,False
12,student,2026-06-24,Netflix,Entertainment,33.87,Credit Card,False
12,student,2026-06-25,Walmart,Groceries,17.49,Mobile Wallet,False
12,student,2026-06-25,Bookstore,Education,29.08,Mobile Wallet,False
12,student,2026-06-25,Zara,Shopping,9.8,Cash,False
12,student,2026-06-27,Zara,Shopping,1.0,Debit Card,False
12,student,2026-06-29,Fresh Foods,Groceries,32.57,Mobile Wallet,False
12,student,2026-06-29,Steam,Entertainment,12.41,Debit Card,False
12,student,2026-07-01,Starbucks,Dining,19.24,Cash,False
12,student,2026-07-01,Starbucks,Dining,6.96,Credit Card,False
12,student,2026-07-01,Uber,Transport,15.47,Credit Card,False
12,student,2026-07-01,Metro Card,Transport,13.12,Credit Card,False
12,student,2026-07-01,Careem,Transport,13.91,Mobile Wallet,False
12,student,2026-07-01,Fresh Foods,Groceries,35.85,Credit Card,False
12,student,2026-07-02,Pizza Hut,Dining,22.34,Cash,False
12,student,2026-07-06,Coursera,Education,13.58,Credit Card,False
12,student,2026-07-06,Spotify,Entertainment,4.22,Cash,False
12,student,2026-07-07,Cinema,Entertainment,13.28,Credit Card,False
12,student,2026-07-07,Cinema,Entertainment,18.73,Cash,False
12,student,2026-07-09,Pizza Hut,Dining,16.86,Credit Card,False
12,student,2026-07-10,McDonalds,Dining,33.99,Cash,False
12,student,2026-07-11,Hospital,Healthcare,1.0,Mobile Wallet,False
12,student,2026-07-13,Amazon,Shopping,28.06,Debit Card,False
12,student,2026-07-13,Spotify,Entertainment,32.69,Cash,False
12,student,2026-07-13,Cinema,Entertainment,1.0,Mobile Wallet,False
12,student,2026-07-14,Local Cafe,Dining,43.03,Credit Card,False
12,student,2026-07-14,Careem,Transport,8.13,Mobile Wallet,False
12,student,2026-07-18,Carrefour,Groceries,22.91,Mobile Wallet,False
12,student,2026-07-18,Bookstore,Education,34.09,Mobile Wallet,False
12,student,2026-07-18,IKEA,Shopping,52.51,Credit Card,False
12,student,2026-07-19,Pizza Hut,Dining,15.62,Cash,False
12,student,2026-07-21,Walmart,Groceries,50.39,Debit Card,False
12,student,2026-07-21,Shell Gas,Transport,8.41,Cash,False
12,student,2026-07-22,Udemy,Education,1.0,Debit Card,False
12,student,2026-07-23,Pizza Hut,Dining,18.93,Credit Card,False
12,student,2026-07-23,Cinema,Entertainment,1.0,Mobile Wallet,False
12,student,2026-07-24,Careem,Transport,10.65,Mobile Wallet,False
12,student,2026-07-24,Starbucks,Dining,21.27,Credit Card,False
12,student,2026-07-25,Local Mart,Groceries,21.46,Cash,False
12,student,2026-07-25,McDonalds,Dining,33.09,Cash,False
12,student,2026-07-27,Fresh Foods,Groceries,56.78,Credit Card,False
12,student,2026-07-27,Local Cafe,Dining,20.42,Debit Card,False
12,student,2026-07-27,Cinema,Entertainment,13.99,Mobile Wallet,False
12,student,2026-07-29,Shell Gas,Transport,23.64,Debit Card,False
12,student,2026-07-29,Zara,Shopping,130.23,Debit Card,False
12,student,2026-07-30,Amazon,Shopping,1.0,Cash,False
12,student,2026-07-30,Walmart,Groceries,39.94,Debit Card,False
12,student,2026-07-30,Udemy,Education,20.99,Mobile Wallet,False
12,student,2026-07-31,McDonalds,Dining,3.97,Mobile Wallet,False
12,student,2026-08-01,Daraz,Shopping,1.0,Debit Card,False
12,student,2026-08-01,Cinema,Entertainment,19.3,Mobile Wallet,False
12,student,2026-08-06,Zara,Shopping,19.25,Cash,False
12,student,2026-08-08,Starbucks,Dining,6.96,Credit Card,False
12,student,2026-08-09,Starbucks,Dining,14.97,Debit Card,False
12,student,2026-08-12,Walmart,Groceries,51.34,Mobile Wallet,False
12,student,2026-08-13,Local Cafe,Dining,25.99,Credit Card,False
12,student,2026-08-13,McDonalds,Dining,18.06,Cash,False
12,student,2026-08-14,Walmart,Groceries,47.92,Credit Card,False
12,student,2026-08-15,Bookstore,Education,10.79,Mobile Wallet,False
12,student,2026-08-16,Uber,Transport,5.58,Credit Card,False
12,student,2026-08-16,Pizza Hut,Dining,18.35,Credit Card,False
12,student,2026-08-17,Local Mart,Groceries,37.78,Debit Card,False
12,student,2026-08-17,Cinema,Entertainment,20.05,Debit Card,False
12,student,2026-08-18,Carrefour,Groceries,69.53,Cash,False
12,student,2026-08-20,Pizza Hut,Dining,27.4,Cash,False
12,student,2026-08-20,Metro Card,Transport,158.27,Cash,True
12,student,2026-08-20,Carrefour,Groceries,69.04,Debit Card,False
12,student,2026-08-23,Pizza Hut,Dining,22.27,Credit Card,False
12,student,2026-08-24,Netflix,Entertainment,34.88,Credit Card,False
12,student,2026-08-24,Daraz,Shopping,130.51,Cash,False
12,student,2026-08-25,Bookstore,Education,5.87,Cash,False
12,student,2026-08-25,Clinic,Healthcare,18.96,Cash,False
12,student,2026-08-28,Daraz,Shopping,58.7,Debit Card,False
12,student,2026-08-30,Netflix,Entertainment,23.32,Cash,False
12,student,2026-08-30,Pizza Hut,Dining,19.21,Mobile Wallet,False
12,student,2026-09-01,Netflix,Entertainment,7.25,Debit Card,False
12,student,2026-09-01,Netflix,Entertainment,9.67,Mobile Wallet,False
12,student,2026-09-01,Walmart,Groceries,43.0,Credit Card,False
13,high_earner,2026-03-05,Airline Co,Travel,189.95,Credit Card,False
13,high_earner,2026-03-07,Local Cafe,Dining,13.49,Mobile Wallet,False
13,high_earner,2026-03-07,Daraz,Shopping,1.0,Mobile Wallet,False
13,high_earner,2026-03-08,Internet ISP,Utilities,62.82,Cash,False
13,high_earner,2026-03-08,Hotel Booking,Travel,1.0,Debit Card,False
13,high_earner,2026-03-08,AirBnB,Travel,274.97,Credit Card,False
13,high_earner,2026-03-10,Local Cafe,Dining,1.0,Debit Card,False
13,high_earner,2026-03-14,Walmart,Groceries,46.34,Mobile Wallet,False
13,high_earner,2026-03-14,Walmart,Groceries,22.27,Mobile Wallet,False
13,high_earner,2026-03-15,Landlord Transfer,Rent,420.35,Mobile Wallet,False
13,high_earner,2026-03-17,Landlord Transfer,Rent,352.69,Debit Card,False
13,high_earner,2026-03-17,Starbucks,Dining,16.28,Debit Card,False
13,high_earner,2026-03-17,Pizza Hut,Dining,16.53,Cash,False
13,high_earner,2026-03-18,IKEA,Shopping,49.82,Debit Card,False
13,high_earner,2026-03-18,Cinema,Entertainment,9.43,Cash,False
13,high_earner,2026-03-19,Hotel Booking,Travel,133.24,Mobile Wallet,False
13,high_earner,2026-03-20,Airline Co,Travel,281.28,Credit Card,False
13,high_earner,2026-03-20,Local Cafe,Dining,17.37,Credit Card,False
13,high_earner,2026-03-21,Internet ISP,Utilities,58.43,Mobile Wallet,False
13,high_earner,2026-03-22,Local Cafe,Dining,34.97,Debit Card,False
13,high_earner,2026-03-22,Hospital,Healthcare,94.7,Cash,False
13,high_earner,2026-03-23,Starbucks,Dining,47.17,Credit Card,False
13,high_earner,2026-03-24,Landlord Transfer,Rent,547.88,Credit Card,False
13,high_earner,2026-03-24,Landlord Transfer,Rent,404.56,Credit Card,False
13,high_earner,2026-03-25,Hotel Booking,Travel,276.04,Mobile Wallet,False
13,high_earner,2026-03-26,Hotel Booking,Travel,178.64,Mobile Wallet,False
13,high_earner,2026-03-26,Airline Co,Travel,338.57,Debit Card,False
13,high_earner,2026-03-30,Carrefour,Groceries,55.82,Mobile Wallet,False
13,high_earner,2026-03-30,IKEA,Shopping,92.76,Credit Card,False
13,high_earner,2026-03-31,Local Mart,Groceries,10.85,Debit Card,False
13,high_earner,2026-04-04,IKEA,Shopping,26.75,Mobile Wallet,False
13,high_earner,2026-04-05,Local Mart,Groceries,47.86,Debit Card,False
13,high_earner,2026-04-06,Daraz,Shopping,58.71,Credit Card,False
13,high_earner,2026-04-06,Steam,Entertainment,5.06,Credit Card,False
13,high_earner,2026-04-06,Fresh Foods,Groceries,57.29,Cash,False
13,high_earner,2026-04-07,Netflix,Entertainment,18.33,Mobile Wallet,False
13,high_earner,2026-04-07,Landlord Transfer,Rent,346.98,Cash,False
13,high_earner,2026-04-10,Hotel Booking,Travel,71.03,Credit Card,False
13,high_earner,2026-04-11,AirBnB,Travel,394.94,Credit Card,False
13,high_earner,2026-04-12,Gas Company,Utilities,60.45,Cash,False
13,high_earner,2026-04-12,Hotel Booking,Travel,314.57,Credit Card,False
13,high_earner,2026-04-13,Amazon,Shopping,95.21,Debit Card,False
13,high_earner,2026-04-13,Carrefour,Groceries,39.21,Credit Card,False
13,high_earner,2026-04-14,Carrefour,Groceries,39.85,Debit Card,False
13,high_earner,2026-04-15,IKEA,Shopping,28.89,Cash,False
13,high_earner,2026-04-15,Landlord Transfer,Rent,654.08,Mobile Wallet,False
13,high_earner,2026-04-16,Airline Co,Travel,121.03,Debit Card,False
13,high_earner,2026-04-18,Cinema,Entertainment,29.62,Cash,False
13,high_earner,2026-04-19,Internet ISP,Utilities,13.36,Mobile Wallet,False
13,high_earner,2026-04-20,Local Mart,Groceries,34.19,Credit Card,False
13,high_earner,2026-04-20,AirBnB,Travel,306.88,Credit Card,False
13,high_earner,2026-04-21,Steam,Entertainment,17.74,Debit Card,False
13,high_earner,2026-04-22,Pizza Hut,Dining,15.34,Credit Card,False
13,high_earner,2026-04-22,Hotel Booking,Travel,335.85,Credit Card,False
13,high_earner,2026-04-23,Amazon,Shopping,61.09,Cash,False
13,high_earner,2026-04-23,Airline Co,Travel,1.0,Cash,False
13,high_earner,2026-04-25,McDonalds,Dining,12.78,Debit Card,False
13,high_earner,2026-04-27,IKEA,Shopping,11.45,Mobile Wallet,False
13,high_earner,2026-04-29,AirBnB,Travel,620.21,Cash,False
13,high_earner,2026-04-29,IKEA,Shopping,88.05,Mobile Wallet,False
13,high_earner,2026-04-30,IKEA,Shopping,67.87,Mobile Wallet,False
13,high_earner,2026-05-02,Clinic,Healthcare,45.08,Debit Card,False
13,high_earner,2026-05-02,IKEA,Shopping,75.0,Debit Card,False
13,high_earner,2026-05-03,Landlord Transfer,Rent,414.43,Mobile Wallet,False
13,high_earner,2026-05-03,Internet ISP,Utilities,36.28,Mobile Wallet,False
13,high_earner,2026-05-03,Airline Co,Travel,269.32,Cash,False
13,high_earner,2026-05-04,AirBnB,Travel,183.62,Debit Card,False
13,high_earner,2026-05-04,Water Board,Utilities,44.21,Credit Card,False
13,high_earner,2026-05-05,Landlord Transfer,Rent,573.76,Credit Card,False
13,high_earner,2026-05-06,Airline Co,Travel,127.18,Mobile Wallet,False
13,high_earner,2026-05-06,Fresh Foods,Groceries,23.36,Debit Card,False
13,high_earner,2026-05-06,Airline Co,Travel,130.94,Debit Card,False
13,high_earner,2026-05-08,IKEA,Shopping,78.86,Mobile Wallet,False
13,high_earner,2026-05-11,Landlord Transfer,Rent,421.23,Debit Card,False
13,high_earner,2026-05-12,Hotel Booking,Travel,233.94,Mobile Wallet,False
13,high_earner,2026-05-12,IKEA,Shopping,39.5,Mobile Wallet,False
13,high_earner,2026-05-12,Hotel Booking,Travel,1.0,Debit Card,False
13,high_earner,2026-05-14,Daraz,Shopping,15.28,Mobile Wallet,False
13,high_earner,2026-05-16,Netflix,Entertainment,19.63,Mobile Wallet,False
13,high_earner,2026-05-16,Water Board,Utilities,77.04,Cash,False
13,high_earner,2026-05-16,Hotel Booking,Travel,337.23,Cash,False
13,high_earner,2026-05-17,Amazon,Shopping,1.0,Credit Card,False
13,high_earner,2026-05-18,AirBnB,Travel,123.46,Mobile Wallet,False
13,high_earner,2026-05-18,Internet ISP,Utilities,26.75,Credit Card,False
13,high_earner,2026-05-18,AirBnB,Travel,1.0,Mobile Wallet,False
13,high_earner,2026-05-18,AirBnB,Travel,273.16,Credit Card,False
13,high_earner,2026-05-19,Landlord Transfer,Rent,543.77,Cash,False
13,high_earner,2026-05-19,Fresh Foods,Groceries,60.67,Credit Card,False
13,high_earner,2026-05-21,Landlord Transfer,Rent,714.87,Debit Card,False
13,high_earner,2026-05-22,Landlord Transfer,Rent,503.23,Credit Card,False
13,high_earner,2026-05-22,AirBnB,Travel,65.93,Cash,False
13,high_earner,2026-05-23,AirBnB,Travel,163.22,Credit Card,False
13,high_earner,2026-05-24,Pizza Hut,Dining,2.82,Credit Card,False
13,high_earner,2026-05-25,Landlord Transfer,Rent,480.68,Mobile Wallet,False
13,high_earner,2026-05-26,Local Cafe,Dining,1.0,Cash,False
13,high_earner,2026-05-27,Local Cafe,Dining,13.65,Cash,False
13,high_earner,2026-05-28,Cinema,Entertainment,1.0,Cash,False
13,high_earner,2026-05-28,Starbucks,Dining,16.71,Credit Card,False
13,high_earner,2026-05-31,Zara,Shopping,1.0,Cash,False
13,high_earner,2026-06-01,McDonalds,Dining,34.78,Mobile Wallet,False
13,high_earner,2026-06-01,AirBnB,Travel,189.05,Debit Card,False
13,high_earner,2026-06-03,Landlord Transfer,Rent,399.45,Cash,False
13,high_earner,2026-06-04,Landlord Transfer,Rent,722.96,Cash,False
13,high_earner,2026-06-08,Hotel Booking,Travel,433.46,Credit Card,False
13,high_earner,2026-06-08,Airline Co,Travel,339.93,Credit Card,False
13,high_earner,2026-06-08,Cinema,Entertainment,27.37,Cash,False
13,high_earner,2026-06-09,Airline Co,Travel,436.75,Cash,False
13,high_earner,2026-06-09,Pizza Hut,Dining,38.61,Cash,False
13,high_earner,2026-06-10,Amazon,Shopping,109.52,Credit Card,False
13,high_earner,2026-06-11,Spotify,Entertainment,12.02,Debit Card,False
13,high_earner,2026-06-12,Landlord Transfer,Rent,694.48,Cash,False
13,high_earner,2026-06-17,Landlord Transfer,Rent,309.62,Cash,False
13,high_earner,2026-06-17,Landlord Transfer,Rent,451.71,Mobile Wallet,False
13,high_earner,2026-06-18,Spotify,Entertainment,14.53,Credit Card,False
13,high_earner,2026-06-18,Landlord Transfer,Rent,645.43,Credit Card,False
13,high_earner,2026-06-19,Water Board,Utilities,40.52,Debit Card,False
13,high_earner,2026-06-20,Hotel Booking,Travel,88.78,Mobile Wallet,False
13,high_earner,2026-06-20,Steam,Entertainment,11.1,Debit Card,False
13,high_earner,2026-06-20,Landlord Transfer,Rent,633.1,Debit Card,False
13,high_earner,2026-06-23,Starbucks,Dining,34.45,Cash,False
13,high_earner,2026-06-23,Amazon,Shopping,45.59,Cash,False
13,high_earner,2026-06-24,Amazon,Shopping,3.81,Credit Card,False
13,high_earner,2026-06-24,Landlord Transfer,Rent,387.58,Mobile Wallet,False
13,high_earner,2026-06-24,IKEA,Shopping,39.75,Mobile Wallet,False
13,high_earner,2026-06-25,Zara,Shopping,46.71,Mobile Wallet,False
13,high_earner,2026-06-26,Starbucks,Dining,8.57,Mobile Wallet,False
13,high_earner,2026-06-26,IKEA,Shopping,21.49,Mobile Wallet,False
13,high_earner,2026-06-27,Zara,Shopping,42.37,Debit Card,False
13,high_earner,2026-06-29,Steam,Entertainment,14.77,Credit Card,False
13,high_earner,2026-06-29,Zara,Shopping,106.95,Mobile Wallet,False
13,high_earner,2026-06-29,Landlord Transfer,Rent,528.19,Cash,False
13,high_earner,2026-06-30,Landlord Transfer,Rent,402.83,Credit Card,False
13,high_earner,2026-06-30,Local Mart,Groceries,26.57,Mobile Wallet,False
13,high_earner,2026-07-01,Zara,Shopping,107.63,Cash,False
13,high_earner,2026-07-01,Landlord Transfer,Rent,564.67,Cash,False
13,high_earner,2026-07-02,Pharmacy,Healthcare,77.81,Cash,False
13,high_earner,2026-07-02,AirBnB,Travel,181.0,Mobile Wallet,False
13,high_earner,2026-07-02,IKEA,Shopping,663.66,Debit Card,True
13,high_earner,2026-07-02,Daraz,Shopping,44.24,Cash,False
13,high_earner,2026-07-03,Daraz,Shopping,141.77,Cash,False
13,high_earner,2026-07-06,Amazon,Shopping,48.37,Credit Card,False
13,high_earner,2026-07-06,McDonalds,Dining,17.65,Credit Card,False
13,high_earner,2026-07-08,Steam,Entertainment,9.73,Credit Card,False
13,high_earner,2026-07-08,Landlord Transfer,Rent,669.23,Mobile Wallet,False
13,high_earner,2026-07-09,Zara,Shopping,44.61,Debit Card,False
13,high_earner,2026-07-11,Pizza Hut,Dining,20.48,Cash,False
13,high_earner,2026-07-11,Starbucks,Dining,7.3,Credit Card,False
13,high_earner,2026-07-12,Landlord Transfer,Rent,250.76,Credit Card,False
13,high_earner,2026-07-14,Walmart,Groceries,49.9,Debit Card,False
13,high_earner,2026-07-15,Netflix,Entertainment,29.84,Credit Card,False
13,high_earner,2026-07-16,McDonalds,Dining,15.9,Debit Card,False
13,high_earner,2026-07-16,IKEA,Shopping,68.98,Debit Card,False
13,high_earner,2026-07-17,Amazon,Shopping,60.34,Debit Card,False
13,high_earner,2026-07-17,Local Mart,Groceries,56.4,Cash,False
13,high_earner,2026-07-19,Local Cafe,Dining,25.56,Credit Card,False
13,high_earner,2026-07-19,Local Cafe,Dining,25.52,Cash,False
13,high_earner,2026-07-19,Landlord Transfer,Rent,441.19,Cash,False
13,high_earner,2026-07-20,Landlord Transfer,Rent,556.33,Debit Card,False
13,high_earner,2026-07-20,Netflix,Entertainment,10.65,Cash,False
13,high_earner,2026-07-21,Walmart,Groceries,38.54,Mobile Wallet,False
13,high_earner,2026-07-21,Local Cafe,Dining,25.79,Cash,False
13,high_earner,2026-07-23,McDonalds,Dining,1.0,Cash,False
13,high_earner,2026-07-25,Local Mart,Groceries,56.93,Debit Card,False
13,high_earner,2026-07-25,Hotel Booking,Travel,126.7,Credit Card,False
13,high_earner,2026-07-27,Hotel Booking,Travel,160.12,Debit Card,False
13,high_earner,2026-07-28,AirBnB,Travel,1.0,Mobile Wallet,False
13,high_earner,2026-07-28,Spotify,Entertainment,28.08,Mobile Wallet,False
13,high_earner,2026-07-28,McDonalds,Dining,25.63,Debit Card,False
13,high_earner,2026-07-28,Gas Company,Utilities,78.45,Debit Card,False
13,high_earner,2026-07-28,AirBnB,Travel,232.51,Credit Card,False
13,high_earner,2026-07-28,Landlord Transfer,Rent,358.32,Cash,False
13,high_earner,2026-07-28,Amazon,Shopping,5.24,Credit Card,True
13,high_earner,2026-07-31,Zara,Shopping,94.62,Mobile Wallet,False
13,high_earner,2026-08-01,Amazon,Shopping,61.56,Mobile Wallet,False
13,high_earner,2026-08-02,Water Board,Utilities,45.15,Credit Card,False
13,high_earner,2026-08-02,Airline Co,Travel,173.66,Mobile Wallet,False
13,high_earner,2026-08-03,Internet ISP,Utilities,62.06,Debit Card,False
13,high_earner,2026-08-03,Cinema,Entertainment,18.87,Mobile Wallet,False
13,high_earner,2026-08-04,Landlord Transfer,Rent,500.06,Mobile Wallet,False
13,high_earner,2026-08-06,Dental Care,Healthcare,44.26,Mobile Wallet,False
13,high_earner,2026-08-07,Steam,Entertainment,11.61,Credit Card,False
13,high_earner,2026-08-08,Starbucks,Dining,16.22,Credit Card,False
13,high_earner,2026-08-09,Steam,Entertainment,6.18,Mobile Wallet,False
13,high_earner,2026-08-11,McDonalds,Dining,11.45,Cash,False
13,high_earner,2026-08-12,Zara,Shopping,62.8,Cash,False
13,high_earner,2026-08-14,Fresh Foods,Groceries,18.94,Credit Card,False
13,high_earner,2026-08-15,Pharmacy,Healthcare,48.51,Cash,False
13,high_earner,2026-08-15,Hospital,Healthcare,1.0,Credit Card,False
13,high_earner,2026-08-16,Landlord Transfer,Rent,660.47,Cash,False
13,high_earner,2026-08-16,AirBnB,Travel,124.35,Debit Card,False
13,high_earner,2026-08-18,Daraz,Shopping,12.68,Credit Card,False
13,high_earner,2026-08-18,IKEA,Shopping,30.91,Debit Card,False
13,high_earner,2026-08-19,Pizza Hut,Dining,12.51,Mobile Wallet,False
13,high_earner,2026-08-20,Pharmacy,Healthcare,67.79,Cash,False
13,high_earner,2026-08-20,Dental Care,Healthcare,64.11,Credit Card,False
13,high_earner,2026-08-21,IKEA,Shopping,26.95,Debit Card,False
13,high_earner,2026-08-21,Daraz,Shopping,94.05,Credit Card,False
13,high_earner,2026-08-21,Starbucks,Dining,21.63,Credit Card,False
13,high_earner,2026-08-22,Daraz,Shopping,101.51,Mobile Wallet,False
13,high_earner,2026-08-24,Fresh Foods,Groceries,61.85,Credit Card,False
13,high_earner,2026-08-25,Local Mart,Groceries,20.73,Mobile Wallet,False
13,high_earner,2026-08-25,Local Cafe,Dining,2.77,Credit Card,False
13,high_earner,2026-08-25,Walmart,Groceries,10.72,Cash,False
13,high_earner,2026-08-26,Walmart,Groceries,11.21,Cash,False
13,high_earner,2026-08-27,AirBnB,Travel,329.68,Credit Card,False
13,high_earner,2026-08-28,Local Cafe,Dining,22.12,Credit Card,False
13,high_earner,2026-08-29,Landlord Transfer,Rent,398.58,Mobile Wallet,False
13,high_earner,2026-08-30,Starbucks,Dining,20.69,Debit Card,False
13,high_earner,2026-08-30,Airline Co,Travel,122.76,Credit Card,False
13,high_earner,2026-08-30,Daraz,Shopping,50.11,Mobile Wallet,False
13,high_earner,2026-08-31,Walmart,Groceries,42.06,Mobile Wallet,False
13,high_earner,2026-09-01,Netflix,Entertainment,13.4,Debit Card,False
13,high_earner,2026-09-01,Daraz,Shopping,43.8,Credit Card,False
14,young_professional,2026-03-05,Uber,Transport,15.87,Cash,False
14,young_professional,2026-03-06,Walmart,Groceries,39.37,Mobile Wallet,False
14,young_professional,2026-03-07,Carrefour,Groceries,46.75,Credit Card,False
14,young_professional,2026-03-08,Landlord Transfer,Rent,441.04,Credit Card,False
14,young_professional,2026-03-09,Landlord Transfer,Rent,564.19,Debit Card,False
14,young_professional,2026-03-09,Walmart,Groceries,34.25,Debit Card,False
14,young_professional,2026-03-09,Local Cafe,Dining,17.24,Cash,False
14,young_professional,2026-03-10,IKEA,Shopping,1.0,Cash,False
14,young_professional,2026-03-10,Amazon,Shopping,17.22,Debit Card,False
14,young_professional,2026-03-11,Zara,Shopping,81.24,Debit Card,False
14,young_professional,2026-03-11,Electric Co,Utilities,90.67,Debit Card,False
14,young_professional,2026-03-11,Local Mart,Groceries,34.07,Credit Card,False
14,young_professional,2026-03-12,Landlord Transfer,Rent,629.73,Cash,False
14,young_professional,2026-03-12,Landlord Transfer,Rent,492.06,Mobile Wallet,False
14,young_professional,2026-03-13,Carrefour,Groceries,58.56,Cash,False
14,young_professional,2026-03-14,AirBnB,Travel,161.34,Debit Card,False
14,young_professional,2026-03-14,Landlord Transfer,Rent,500.15,Debit Card,False
14,young_professional,2026-03-16,McDonalds,Dining,1.0,Debit Card,False
14,young_professional,2026-03-17,Landlord Transfer,Rent,641.57,Mobile Wallet,False
14,young_professional,2026-03-17,Careem,Transport,20.17,Credit Card,False
14,young_professional,2026-03-19,Gas Company,Utilities,413.21,Credit Card,True
14,young_professional,2026-03-19,Daraz,Shopping,78.25,Credit Card,False
14,young_professional,2026-03-21,Pizza Hut,Dining,39.35,Mobile Wallet,False
14,young_professional,2026-03-26,Metro Card,Transport,9.31,Debit Card,False
14,young_professional,2026-03-27,Carrefour,Groceries,57.66,Debit Card,False
14,young_professional,2026-03-28,Pizza Hut,Dining,36.34,Mobile Wallet,False
14,young_professional,2026-03-28,Fresh Foods,Groceries,28.18,Debit Card,False
14,young_professional,2026-03-29,Careem,Transport,3.54,Credit Card,False
14,young_professional,2026-03-29,Starbucks,Dining,15.53,Mobile Wallet,False
14,young_professional,2026-03-30,Uber,Transport,2.96,Cash,False
14,young_professional,2026-03-31,Shell Gas,Transport,19.25,Mobile Wallet,False
14,young_professional,2026-04-01,Landlord Transfer,Rent,540.59,Debit Card,False
14,young_professional,2026-04-01,Water Board,Utilities,76.12,Credit Card,False
14,young_professional,2026-04-01,Landlord Transfer,Rent,504.4,Cash,False
14,young_professional,2026-04-01,Starbucks,Dining,1.31,Mobile Wallet,False
14,young_professional,2026-04-02,Starbucks,Dining,174.21,Debit Card,True
14,young_professional,2026-04-02,Landlord Transfer,Rent,522.96,Debit Card,False
14,young_professional,2026-04-02,IKEA,Shopping,26.03,Mobile Wallet,False
14,young_professional,2026-04-02,Carrefour,Groceries,38.83,Debit Card,False
14,young_professional,2026-04-03,Walmart,Groceries,32.27,Credit Card,False
14,young_professional,2026-04-03,Internet ISP,Utilities,95.38,Cash,False
14,young_professional,2026-04-04,Daraz,Shopping,1.0,Mobile Wallet,False
14,young_professional,2026-04-05,Hotel Booking,Travel,499.06,Cash,False
14,young_professional,2026-04-05,Metro Card,Transport,15.56,Credit Card,False
14,young_professional,2026-04-05,Netflix,Entertainment,15.57,Credit Card,False
14,young_professional,2026-04-06,Landlord Transfer,Rent,444.22,Debit Card,False
14,young_professional,2026-04-06,Uber,Transport,8.37,Mobile Wallet,False
14,young_professional,2026-04-07,Uber,Transport,25.75,Credit Card,False
14,young_professional,2026-04-08,Careem,Transport,11.93,Mobile Wallet,False
14,young_professional,2026-04-09,Shell Gas,Transport,19.81,Mobile Wallet,False
14,young_professional,2026-04-09,Careem,Transport,2.53,Cash,False
14,young_professional,2026-04-10,Carrefour,Groceries,32.52,Credit Card,False
14,young_professional,2026-04-10,Pizza Hut,Dining,24.05,Debit Card,False
14,young_professional,2026-04-10,McDonalds,Dining,15.2,Debit Card,False
14,young_professional,2026-04-10,Dental Care,Healthcare,50.76,Debit Card,False
14,young_professional,2026-04-11,Local Cafe,Dining,1.0,Debit Card,False
14,young_professional,2026-04-12,Uber,Transport,10.73,Mobile Wallet,False
14,young_professional,2026-04-13,Local Cafe,Dining,10.84,Credit Card,False
14,young_professional,2026-04-14,Fresh Foods,Groceries,28.44,Debit Card,False
14,young_professional,2026-04-15,Careem,Transport,24.17,Mobile Wallet,False
14,young_professional,2026-04-16,Daraz,Shopping,53.62,Mobile Wallet,False
14,young_professional,2026-04-17,Hotel Booking,Travel,123.31,Debit Card,False
14,young_professional,2026-04-17,Fresh Foods,Groceries,31.86,Debit Card,False
14,young_professional,2026-04-18,AirBnB,Travel,1.0,Cash,False
14,young_professional,2026-04-19,Shell Gas,Transport,3.17,Debit Card,False
14,young_professional,2026-04-19,Internet ISP,Utilities,26.43,Debit Card,False
14,young_professional,2026-04-19,Amazon,Shopping,116.92,Credit Card,False
14,young_professional,2026-04-20,Landlord Transfer,Rent,493.2,Debit Card,False
14,young_professional,2026-04-21,McDonalds,Dining,11.64,Mobile Wallet,False
14,young_professional,2026-04-22,Steam,Entertainment,1.0,Mobile Wallet,False
14,young_professional,2026-04-22,Carrefour,Groceries,48.83,Cash,False
14,young_professional,2026-04-23,Daraz,Shopping,72.5,Cash,False
14,young_professional,2026-04-25,Careem,Transport,10.49,Debit Card,False
14,young_professional,2026-04-26,Starbucks,Dining,30.69,Credit Card,False
14,young_professional,2026-04-26,IKEA,Shopping,38.37,Mobile Wallet,False
14,young_professional,2026-04-26,Clinic,Healthcare,62.84,Mobile Wallet,False
14,young_professional,2026-04-29,Metro Card,Transport,23.31,Cash,False
14,young_professional,2026-04-30,Amazon,Shopping,38.59,Mobile Wallet,False
14,young_professional,2026-05-01,Landlord Transfer,Rent,452.45,Debit Card,False
14,young_professional,2026-05-01,Pizza Hut,Dining,11.36,Mobile Wallet,False
14,young_professional,2026-05-01,Landlord Transfer,Rent,559.18,Debit Card,False
14,young_professional,2026-05-01,Netflix,Entertainment,27.59,Mobile Wallet,False
14,young_professional,2026-05-02,Landlord Transfer,Rent,433.16,Credit Card,False
14,young_professional,2026-05-02,Metro Card,Transport,1.0,Credit Card,False
14,young_professional,2026-05-02,Local Cafe,Dining,26.44,Mobile Wallet,False
14,young_professional,2026-05-03,Local Cafe,Dining,15.16,Credit Card,False
14,young_professional,2026-05-05,Steam,Entertainment,2.82,Mobile Wallet,False
14,young_professional,2026-05-05,Careem,Transport,15.17,Credit Card,False
14,young_professional,2026-05-06,Electric Co,Utilities,85.56,Mobile Wallet,False
14,young_professional,2026-05-06,Landlord Transfer,Rent,552.49,Debit Card,False
14,young_professional,2026-05-07,Zara,Shopping,113.08,Cash,False
14,young_professional,2026-05-07,Landlord Transfer,Rent,405.25,Credit Card,False
14,young_professional,2026-05-08,Pharmacy,Healthcare,47.9,Mobile Wallet,False
14,young_professional,2026-05-09,Zara,Shopping,75.34,Debit Card,False
14,young_professional,2026-05-10,Metro Card,Transport,7.71,Credit Card,False
14,young_professional,2026-05-10,Local Cafe,Dining,22.75,Mobile Wallet,False
14,young_professional,2026-05-11,Carrefour,Groceries,31.13,Mobile Wallet,False
14,young_professional,2026-05-11,Starbucks,Dining,21.29,Cash,False
14,young_professional,2026-05-12,Gas Company,Utilities,70.45,Credit Card,False
14,young_professional,2026-05-12,McDonalds,Dining,12.74,Mobile Wallet,False
14,young_professional,2026-05-14,Zara,Shopping,148.32,Credit Card,False
14,young_professional,2026-05-15,Shell Gas,Transport,22.37,Mobile Wallet,False
14,young_professional,2026-05-17,Zara,Shopping,68.31,Debit Card,False
14,young_professional,2026-05-18,McDonalds,Dining,1.0,Cash,False
14,young_professional,2026-05-18,Walmart,Groceries,20.78,Cash,False
14,young_professional,2026-05-19,Airline Co,Travel,87.68,Credit Card,False
14,young_professional,2026-05-19,Hotel Booking,Travel,268.93,Cash,False
14,young_professional,2026-05-21,Landlord Transfer,Rent,696.0,Credit Card,False
14,young_professional,2026-05-21,Internet ISP,Utilities,40.74,Cash,False
14,young_professional,2026-05-22,Carrefour,Groceries,37.29,Credit Card,False
14,young_professional,2026-05-25,Careem,Transport,12.76,Debit Card,False
14,young_professional,2026-05-26,Zara,Shopping,117.23,Debit Card,False
14,young_professional,2026-05-28,Uber,Transport,11.34,Mobile Wallet,False
14,young_professional,2026-05-28,Landlord Transfer,Rent,609.67,Debit Card,False
14,young_professional,2026-05-31,Shell Gas,Transport,17.91,Cash,False
14,young_professional,2026-05-31,Local Mart,Groceries,52.69,Mobile Wallet,False
14,young_professional,2026-05-31,Shell Gas,Transport,22.88,Credit Card,False
14,young_professional,2026-05-31,McDonalds,Dining,3.66,Cash,False
14,young_professional,2026-05-31,Pizza Hut,Dining,14.27,Mobile Wallet,False
14,young_professional,2026-06-01,Fresh Foods,Groceries,21.27,Credit Card,False
14,young_professional,2026-06-01,Local Cafe,Dining,23.09,Cash,False
14,young_professional,2026-06-01,Local Cafe,Dining,27.7,Cash,False
14,young_professional,2026-06-02,Amazon,Shopping,1.0,Debit Card,False
14,young_professional,2026-06-04,Fresh Foods,Groceries,10.18,Credit Card,False
14,young_professional,2026-06-06,Amazon,Shopping,94.24,Mobile Wallet,False
14,young_professional,2026-06-07,Water Board,Utilities,89.0,Cash,False
14,young_professional,2026-06-08,Electric Co,Utilities,49.94,Credit Card,False
14,young_professional,2026-06-08,Careem,Transport,3.89,Cash,False
14,young_professional,2026-06-09,Pharmacy,Healthcare,1.0,Debit Card,False
14,young_professional,2026-06-09,Steam,Entertainment,30.5,Debit Card,False
14,young_professional,2026-06-09,Starbucks,Dining,29.26,Credit Card,False
14,young_professional,2026-06-10,Zara,Shopping,51.06,Mobile Wallet,False
14,young_professional,2026-06-10,Spotify,Entertainment,6.54,Mobile Wallet,False
14,young_professional,2026-06-10,Shell Gas,Transport,25.95,Mobile Wallet,False
14,young_professional,2026-06-11,Steam,Entertainment,20.29,Credit Card,False
14,young_professional,2026-06-12,Internet ISP,Utilities,87.12,Debit Card,False
14,young_professional,2026-06-12,Amazon,Shopping,1.0,Credit Card,False
14,young_professional,2026-06-13,Airline Co,Travel,47.47,Cash,False
14,young_professional,2026-06-14,Gas Company,Utilities,321.22,Cash,True
14,young_professional,2026-06-14,Metro Card,Transport,13.08,Mobile Wallet,False
14,young_professional,2026-06-18,IKEA,Shopping,66.99,Cash,False
14,young_professional,2026-06-18,Daraz,Shopping,1.0,Cash,False
14,young_professional,2026-06-20,Spotify,Entertainment,32.16,Cash,False
14,young_professional,2026-06-21,Starbucks,Dining,18.93,Mobile Wallet,False
14,young_professional,2026-06-21,Shell Gas,Transport,10.5,Cash,False
14,young_professional,2026-06-22,McDonalds,Dining,7.61,Debit Card,False
14,young_professional,2026-06-23,Internet ISP,Utilities,31.38,Cash,False
14,young_professional,2026-06-23,Local Cafe,Dining,17.3,Debit Card,False
14,young_professional,2026-06-23,Clinic,Healthcare,32.6,Cash,False
14,young_professional,2026-06-25,Water Board,Utilities,47.77,Debit Card,False
14,young_professional,2026-06-26,Careem,Transport,24.61,Debit Card,False
14,young_professional,2026-06-26,Carrefour,Groceries,40.28,Credit Card,False
14,young_professional,2026-06-26,Electric Co,Utilities,22.68,Cash,False
14,young_professional,2026-06-26,Daraz,Shopping,24.59,Mobile Wallet,False
14,young_professional,2026-06-27,Pizza Hut,Dining,18.72,Cash,False
14,young_professional,2026-06-29,Starbucks,Dining,12.38,Debit Card,False
14,young_professional,2026-06-29,Uber,Transport,9.73,Cash,False
14,young_professional,2026-06-30,Pizza Hut,Dining,33.68,Debit Card,False
14,young_professional,2026-06-30,Internet ISP,Utilities,38.87,Mobile Wallet,False
14,young_professional,2026-06-30,Spotify,Entertainment,19.95,Cash,False
14,young_professional,2026-06-30,Uber,Transport,15.24,Credit Card,False
14,young_professional,2026-07-04,Local Cafe,Dining,33.93,Mobile Wallet,False
14,young_professional,2026-07-06,Spotify,Entertainment,20.98,Mobile Wallet,False
14,young_professional,2026-07-06,Landlord Transfer,Rent,402.45,Debit Card,False
14,young_professional,2026-07-06,Electric Co,Utilities,80.66,Cash,False
14,young_professional,2026-07-06,Shell Gas,Transport,1.52,Mobile Wallet,False
14,young_professional,2026-07-07,Landlord Transfer,Rent,623.22,Debit Card,False
14,young_professional,2026-07-08,IKEA,Shopping,72.49,Cash,False
14,young_professional,2026-07-08,McDonalds,Dining,31.58,Mobile Wallet,False
14,young_professional,2026-07-10,Uber,Transport,19.09,Debit Card,False
14,young_professional,2026-07-11,Landlord Transfer,Rent,667.56,Cash,False
14,young_professional,2026-07-12,Uber,Transport,10.45,Mobile Wallet,False
14,young_professional,2026-07-17,Daraz,Shopping,41.74,Mobile Wallet,False
14,young_professional,2026-07-18,Pizza Hut,Dining,18.8,Credit Card,False
14,young_professional,2026-07-19,Shell Gas,Transport,4.7,Credit Card,False
14,young_professional,2026-07-21,Daraz,Shopping,43.85,Debit Card,False
14,young_professional,2026-07-23,Shell Gas,Transport,10.06,Debit Card,False
14,young_professional,2026-07-24,Uber,Transport,32.64,Credit Card,False
14,young_professional,2026-07-24,Local Cafe,Dining,28.77,Credit Card,False
14,young_professional,2026-07-26,Fresh Foods,Groceries,42.67,Debit Card,False
14,young_professional,2026-07-27,Local Cafe,Dining,23.1,Cash,False
14,young_professional,2026-07-27,Walmart,Groceries,54.66,Cash,False
14,young_professional,2026-07-28,IKEA,Shopping,5.97,Debit Card,False
14,young_professional,2026-07-29,Landlord Transfer,Rent,543.49,Cash,False
14,young_professional,2026-07-31,Gas Company,Utilities,41.14,Cash,False
14,young_professional,2026-07-31,Netflix,Entertainment,5.75,Cash,False
14,young_professional,2026-08-01,Cinema,Entertainment,18.43,Cash,False
14,young_professional,2026-08-02,Zara,Shopping,29.12,Mobile Wallet,False
14,young_professional,2026-08-04,McDonalds,Dining,30.74,Debit Card,False
14,young_professional,2026-08-05,Local Cafe,Dining,1.0,Mobile Wallet,False
14,young_professional,2026-08-07,Fresh Foods,Groceries,27.5,Cash,False
14,young_professional,2026-08-07,Spotify,Entertainment,25.66,Mobile Wallet,False
14,young_professional,2026-08-09,Fresh Foods,Groceries,47.83,Debit Card,False
14,young_professional,2026-08-11,Amazon,Shopping,30.38,Debit Card,False
14,young_professional,2026-08-12,Starbucks,Dining,9.97,Cash,False
14,young_professional,2026-08-12,Gas Company,Utilities,43.58,Cash,False
14,young_professional,2026-08-14,Uber,Transport,11.57,Mobile Wallet,False
14,young_professional,2026-08-14,Electric Co,Utilities,32.2,Credit Card,False
14,young_professional,2026-08-17,IKEA,Shopping,100.03,Cash,False
14,young_professional,2026-08-17,Local Cafe,Dining,19.23,Debit Card,False
14,young_professional,2026-08-17,Landlord Transfer,Rent,602.94,Debit Card,False
14,young_professional,2026-08-19,Carrefour,Groceries,32.93,Debit Card,False
14,young_professional,2026-08-19,Metro Card,Transport,1.0,Cash,False
14,young_professional,2026-08-20,AirBnB,Travel,499.63,Mobile Wallet,False
14,young_professional,2026-08-20,McDonalds,Dining,11.88,Cash,False
14,young_professional,2026-08-23,Internet ISP,Utilities,75.75,Mobile Wallet,False
14,young_professional,2026-08-24,Gas Company,Utilities,87.73,Debit Card,False
14,young_professional,2026-08-24,Amazon,Shopping,101.52,Credit Card,False
14,young_professional,2026-08-25,Starbucks,Dining,4.5,Cash,False
14,young_professional,2026-08-27,Internet ISP,Utilities,71.82,Mobile Wallet,False
14,young_professional,2026-08-28,Netflix,Entertainment,18.27,Cash,False
14,young_professional,2026-08-29,Steam,Entertainment,13.99,Debit Card,False
14,young_professional,2026-08-29,Landlord Transfer,Rent,601.75,Debit Card,False
14,young_professional,2026-08-29,Netflix,Entertainment,10.37,Credit Card,False
14,young_professional,2026-08-30,Zara,Shopping,1.0,Mobile Wallet,False
14,young_professional,2026-08-30,Netflix,Entertainment,13.79,Cash,False
14,young_professional,2026-08-31,Dental Care,Healthcare,9.47,Mobile Wallet,False
14,young_professional,2026-08-31,Pizza Hut,Dining,23.01,Mobile Wallet,False
14,young_professional,2026-08-31,Walmart,Groceries,51.39,Cash,False
14,young_professional,2026-09-01,Landlord Transfer,Rent,421.24,Cash,False
14,young_professional,2026-09-01,Daraz,Shopping,13.21,Credit Card,False
15,young_professional,2026-03-05,Hotel Booking,Travel,268.23,Mobile Wallet,False
15,young_professional,2026-03-06,Starbucks,Dining,9.93,Cash,False
15,young_professional,2026-03-06,Careem,Transport,11.54,Credit Card,False
15,young_professional,2026-03-06,Local Mart,Groceries,51.86,Cash,False
15,young_professional,2026-03-07,IKEA,Shopping,75.82,Cash,False
15,young_professional,2026-03-08,Uber,Transport,16.18,Cash,False
15,young_professional,2026-03-08,Shell Gas,Transport,23.34,Credit Card,False
15,young_professional,2026-03-09,Carrefour,Groceries,38.29,Debit Card,False
15,young_professional,2026-03-11,Walmart,Groceries,39.83,Debit Card,False
15,young_professional,2026-03-11,Landlord Transfer,Rent,579.99,Cash,False
15,young_professional,2026-03-12,Local Mart,Groceries,48.01,Cash,False
15,young_professional,2026-03-13,Pizza Hut,Dining,27.45,Credit Card,False
15,young_professional,2026-03-13,Internet ISP,Utilities,58.41,Debit Card,False
15,young_professional,2026-03-14,Electric Co,Utilities,99.19,Debit Card,False
15,young_professional,2026-03-14,Pizza Hut,Dining,21.13,Cash,False
15,young_professional,2026-03-14,Local Cafe,Dining,17.57,Mobile Wallet,False
15,young_professional,2026-03-16,Cinema,Entertainment,15.74,Debit Card,False
15,young_professional,2026-03-17,Netflix,Entertainment,8.74,Debit Card,False
15,young_professional,2026-03-18,Starbucks,Dining,22.54,Debit Card,False
15,young_professional,2026-03-20,Carrefour,Groceries,33.77,Credit Card,False
15,young_professional,2026-03-20,Hotel Booking,Travel,305.77,Mobile Wallet,False
15,young_professional,2026-03-20,Netflix,Entertainment,8.1,Credit Card,False
15,young_professional,2026-03-22,Landlord Transfer,Rent,491.41,Credit Card,False
15,young_professional,2026-03-23,Local Cafe,Dining,1.0,Cash,False
15,young_professional,2026-03-23,Shell Gas,Transport,9.36,Cash,False
15,young_professional,2026-03-25,Careem,Transport,16.11,Mobile Wallet,False
15,young_professional,2026-03-25,Internet ISP,Utilities,98.44,Debit Card,False
15,young_professional,2026-03-27,Cinema,Entertainment,20.47,Credit Card,False
15,young_professional,2026-03-27,Amazon,Shopping,108.12,Debit Card,False
15,young_professional,2026-03-27,Spotify,Entertainment,21.04,Debit Card,False
15,young_professional,2026-03-28,Daraz,Shopping,57.48,Cash,False
15,young_professional,2026-03-29,Starbucks,Dining,17.85,Debit Card,False
15,young_professional,2026-03-29,Daraz,Shopping,134.31,Credit Card,False
15,young_professional,2026-03-29,Metro Card,Transport,8.98,Credit Card,False
15,young_professional,2026-03-31,Airline Co,Travel,389.87,Credit Card,False
15,young_professional,2026-03-31,Landlord Transfer,Rent,439.3,Mobile Wallet,False
15,young_professional,2026-03-31,McDonalds,Dining,31.35,Debit Card,False
15,young_professional,2026-04-01,Walmart,Groceries,37.65,Credit Card,False
15,young_professional,2026-04-01,Amazon,Shopping,272.78,Cash,True
15,young_professional,2026-04-01,Pharmacy,Healthcare,65.15,Credit Card,False
15,young_professional,2026-04-03,Zara,Shopping,39.29,Credit Card,False
15,young_professional,2026-04-03,Netflix,Entertainment,19.53,Credit Card,False
15,young_professional,2026-04-04,Careem,Transport,9.87,Debit Card,False
15,young_professional,2026-04-04,Carrefour,Groceries,52.88,Cash,False
15,young_professional,2026-04-05,Walmart,Groceries,52.79,Credit Card,False
15,young_professional,2026-04-06,Carrefour,Groceries,37.27,Cash,False
15,young_professional,2026-04-07,Internet ISP,Utilities,49.47,Cash,False
15,young_professional,2026-04-07,Starbucks,Dining,18.89,Debit Card,False
15,young_professional,2026-04-07,McDonalds,Dining,2.19,Credit Card,False
15,young_professional,2026-04-07,Landlord Transfer,Rent,600.59,Debit Card,False
15,young_professional,2026-04-07,Starbucks,Dining,19.88,Cash,False
15,young_professional,2026-04-08,Water Board,Utilities,57.21,Credit Card,False
15,young_professional,2026-04-08,Amazon,Shopping,79.27,Debit Card,False
15,young_professional,2026-04-11,Fresh Foods,Groceries,56.9,Cash,False
15,young_professional,2026-04-12,Starbucks,Dining,34.02,Mobile Wallet,False
15,young_professional,2026-04-13,McDonalds,Dining,18.88,Debit Card,False
15,young_professional,2026-04-13,Pizza Hut,Dining,22.35,Mobile Wallet,False
15,young_professional,2026-04-14,IKEA,Shopping,18.9,Debit Card,False
15,young_professional,2026-04-14,Landlord Transfer,Rent,592.5,Mobile Wallet,False
15,young_professional,2026-04-14,Amazon,Shopping,1.0,Cash,False
15,young_professional,2026-04-15,McDonalds,Dining,1.0,Mobile Wallet,False
15,young_professional,2026-04-15,Landlord Transfer,Rent,380.35,Debit Card,False
15,young_professional,2026-04-16,Fresh Foods,Groceries,3.55,Cash,False
15,young_professional,2026-04-18,Shell Gas,Transport,9.56,Credit Card,False
15,young_professional,2026-04-18,Airline Co,Travel,285.83,Cash,False
15,young_professional,2026-04-19,Fresh Foods,Groceries,29.08,Credit Card,False
15,young_professional,2026-04-21,Metro Card,Transport,18.15,Cash,False
15,young_professional,2026-04-21,Fresh Foods,Groceries,4.46,Cash,False
15,young_professional,2026-04-22,IKEA,Shopping,47.11,Debit Card,False
15,young_professional,2026-04-22,IKEA,Shopping,14.97,Cash,False
15,young_professional,2026-04-23,IKEA,Shopping,79.51,Debit Card,False
15,young_professional,2026-04-23,McDonalds,Dining,25.4,Mobile Wallet,False
15,young_professional,2026-04-26,Cinema,Entertainment,21.7,Debit Card,False
15,young_professional,2026-04-29,Uber,Transport,6.54,Mobile Wallet,False
15,young_professional,2026-04-29,Walmart,Groceries,34.58,Mobile Wallet,False
15,young_professional,2026-04-29,Metro Card,Transport,7.63,Credit Card,False
15,young_professional,2026-04-30,Airline Co,Travel,185.36,Debit Card,False
15,young_professional,2026-05-01,Landlord Transfer,Rent,633.55,Mobile Wallet,False
15,young_professional,2026-05-03,Landlord Transfer,Rent,422.46,Debit Card,False
15,young_professional,2026-05-04,McDonalds,Dining,25.57,Cash,False
15,young_professional,2026-05-04,Careem,Transport,17.52,Cash,False
15,young_professional,2026-05-05,Water Board,Utilities,43.27,Mobile Wallet,False
15,young_professional,2026-05-06,Electric Co,Utilities,22.67,Debit Card,False
15,young_professional,2026-05-06,Fresh Foods,Groceries,59.26,Mobile Wallet,False
15,young_professional,2026-05-06,Shell Gas,Transport,10.64,Cash,False
15,young_professional,2026-05-07,Fresh Foods,Groceries,46.7,Cash,False
15,young_professional,2026-05-07,Fresh Foods,Groceries,13.17,Mobile Wallet,False
15,young_professional,2026-05-08,Local Cafe,Dining,10.23,Cash,False
15,young_professional,2026-05-08,Landlord Transfer,Rent,475.17,Mobile Wallet,False
15,young_professional,2026-05-09,Pharmacy,Healthcare,43.84,Credit Card,False
15,young_professional,2026-05-09,Shell Gas,Transport,6.83,Mobile Wallet,False
15,young_professional,2026-05-09,Metro Card,Transport,5.66,Debit Card,False
15,young_professional,2026-05-10,Water Board,Utilities,36.13,Credit Card,False
15,young_professional,2026-05-10,McDonalds,Dining,26.75,Credit Card,False
15,young_professional,2026-05-10,Walmart,Groceries,35.38,Mobile Wallet,False
15,young_professional,2026-05-12,Uber,Transport,8.65,Debit Card,False
15,young_professional,2026-05-13,Steam,Entertainment,12.13,Cash,False
15,young_professional,2026-05-13,Airline Co,Travel,252.66,Cash,False
15,young_professional,2026-05-16,Walmart,Groceries,60.64,Credit Card,False
15,young_professional,2026-05-18,Gas Company,Utilities,77.92,Mobile Wallet,False
15,young_professional,2026-05-19,Careem,Transport,13.17,Cash,False
15,young_professional,2026-05-19,IKEA,Shopping,91.77,Mobile Wallet,False
15,young_professional,2026-05-19,Shell Gas,Transport,17.97,Cash,False
15,young_professional,2026-05-19,Netflix,Entertainment,7.42,Credit Card,False
15,young_professional,2026-05-20,Metro Card,Transport,4.16,Credit Card,False
15,young_professional,2026-05-21,IKEA,Shopping,3.6,Mobile Wallet,False
15,young_professional,2026-05-21,Cinema,Entertainment,3.33,Mobile Wallet,False
15,young_professional,2026-05-22,Fresh Foods,Groceries,40.05,Mobile Wallet,False
15,young_professional,2026-05-22,McDonalds,Dining,12.75,Credit Card,False
15,young_professional,2026-05-24,Daraz,Shopping,101.93,Cash,False
15,young_professional,2026-05-26,Landlord Transfer,Rent,500.09,Mobile Wallet,False
15,young_professional,2026-05-28,Local Cafe,Dining,11.54,Debit Card,False
15,young_professional,2026-05-29,Pizza Hut,Dining,12.08,Mobile Wallet,False
15,young_professional,2026-05-30,Landlord Transfer,Rent,346.65,Credit Card,False
15,young_professional,2026-05-30,Gas Company,Utilities,48.13,Mobile Wallet,False
15,young_professional,2026-05-30,Landlord Transfer,Rent,473.83,Debit Card,False
15,young_professional,2026-06-01,Uber,Transport,11.67,Mobile Wallet,False
15,young_professional,2026-06-02,Local Mart,Groceries,33.74,Mobile Wallet,False
15,young_professional,2026-06-05,IKEA,Shopping,51.66,Cash,False
15,young_professional,2026-06-05,Pizza Hut,Dining,2.38,Cash,False
15,young_professional,2026-06-06,McDonalds,Dining,20.75,Credit Card,False
15,young_professional,2026-06-06,McDonalds,Dining,23.9,Debit Card,False
15,young_professional,2026-06-06,Zara,Shopping,83.19,Cash,False
15,young_professional,2026-06-07,McDonalds,Dining,6.37,Cash,False
15,young_professional,2026-06-07,Metro Card,Transport,23.25,Credit Card,False
15,young_professional,2026-06-08,Hotel Booking,Travel,485.87,Cash,False
15,young_professional,2026-06-08,Shell Gas,Transport,12.87,Mobile Wallet,False
15,young_professional,2026-06-11,Pizza Hut,Dining,20.19,Credit Card,False
15,young_professional,2026-06-11,Careem,Transport,25.35,Debit Card,False
15,young_professional,2026-06-11,Daraz,Shopping,122.04,Cash,False
15,young_professional,2026-06-11,Landlord Transfer,Rent,6324.14,Credit Card,True
15,young_professional,2026-06-13,Hotel Booking,Travel,177.59,Credit Card,False
15,young_professional,2026-06-14,Local Mart,Groceries,17.22,Debit Card,False
15,young_professional,2026-06-15,Amazon,Shopping,132.17,Cash,False
15,young_professional,2026-06-15,Uber,Transport,11.18,Mobile Wallet,False
15,young_professional,2026-06-16,Local Cafe,Dining,16.87,Mobile Wallet,False
15,young_professional,2026-06-16,Landlord Transfer,Rent,605.26,Credit Card,False
15,young_professional,2026-06-17,Gas Company,Utilities,24.1,Credit Card,False
15,young_professional,2026-06-17,Landlord Transfer,Rent,638.56,Mobile Wallet,False
15,young_professional,2026-06-18,Landlord Transfer,Rent,522.12,Cash,False
15,young_professional,2026-06-18,Electric Co,Utilities,36.98,Mobile Wallet,False
15,young_professional,2026-06-19,Pharmacy,Healthcare,23.0,Debit Card,False
15,young_professional,2026-06-19,Local Mart,Groceries,39.17,Mobile Wallet,False
15,young_professional,2026-06-19,Pizza Hut,Dining,19.37,Debit Card,False
15,young_professional,2026-06-19,Pizza Hut,Dining,14.76,Cash,False
15,young_professional,2026-06-22,Local Cafe,Dining,18.98,Debit Card,False
15,young_professional,2026-06-22,Local Cafe,Dining,10.53,Credit Card,False
15,young_professional,2026-06-22,Water Board,Utilities,65.1,Cash,False
15,young_professional,2026-06-22,Zara,Shopping,102.74,Credit Card,False
15,young_professional,2026-06-24,Landlord Transfer,Rent,499.47,Mobile Wallet,False
15,young_professional,2026-06-24,Careem,Transport,15.25,Credit Card,False
15,young_professional,2026-06-25,Amazon,Shopping,41.77,Cash,False
15,young_professional,2026-06-28,Pizza Hut,Dining,1.0,Credit Card,False
15,young_professional,2026-06-29,Local Cafe,Dining,24.33,Mobile Wallet,False
15,young_professional,2026-06-29,Starbucks,Dining,12.9,Cash,False
15,young_professional,2026-06-29,Amazon,Shopping,94.82,Cash,False
15,young_professional,2026-06-30,AirBnB,Travel,210.81,Cash,False
15,young_professional,2026-06-30,Fresh Foods,Groceries,38.3,Cash,False
15,young_professional,2026-07-01,Careem,Transport,1.0,Mobile Wallet,False
15,young_professional,2026-07-01,Landlord Transfer,Rent,497.54,Cash,False
15,young_professional,2026-07-02,Landlord Transfer,Rent,553.77,Debit Card,False
15,young_professional,2026-07-02,Amazon,Shopping,1.0,Debit Card,False
15,young_professional,2026-07-03,Fresh Foods,Groceries,48.56,Debit Card,False
15,young_professional,2026-07-05,Metro Card,Transport,21.55,Cash,False
15,young_professional,2026-07-05,Dental Care,Healthcare,26.56,Credit Card,False
15,young_professional,2026-07-06,Spotify,Entertainment,1.0,Cash,False
15,young_professional,2026-07-08,Fresh Foods,Groceries,72.87,Debit Card,False
15,young_professional,2026-07-08,Starbucks,Dining,20.66,Debit Card,False
15,young_professional,2026-07-08,Zara,Shopping,80.49,Mobile Wallet,False
15,young_professional,2026-07-09,Fresh Foods,Groceries,59.47,Cash,False
15,young_professional,2026-07-09,Electric Co,Utilities,72.92,Debit Card,False
15,young_professional,2026-07-09,Hotel Booking,Travel,176.93,Cash,False
15,young_professional,2026-07-09,Pizza Hut,Dining,21.19,Debit Card,False
15,young_professional,2026-07-11,Pizza Hut,Dining,9.05,Debit Card,False
15,young_professional,2026-07-12,Local Cafe,Dining,21.53,Debit Card,False
15,young_professional,2026-07-12,Walmart,Groceries,34.97,Debit Card,False
15,young_professional,2026-07-12,Spotify,Entertainment,18.11,Credit Card,False
15,young_professional,2026-07-13,Airline Co,Travel,452.4,Cash,False
15,young_professional,2026-07-13,IKEA,Shopping,41.31,Mobile Wallet,False
15,young_professional,2026-07-15,Metro Card,Transport,21.67,Mobile Wallet,False
15,young_professional,2026-07-16,Walmart,Groceries,56.43,Debit Card,False
15,young_professional,2026-07-18,Carrefour,Groceries,32.89,Cash,False
15,young_professional,2026-07-18,Landlord Transfer,Rent,670.99,Credit Card,False
15,young_professional,2026-07-20,Pizza Hut,Dining,32.32,Cash,False
15,young_professional,2026-07-20,Daraz,Shopping,26.09,Credit Card,False
15,young_professional,2026-07-20,Local Cafe,Dining,19.63,Credit Card,False
15,young_professional,2026-07-21,Electric Co,Utilities,30.64,Credit Card,False
15,young_professional,2026-07-22,Zara,Shopping,14.4,Cash,False
15,young_professional,2026-07-23,McDonalds,Dining,12.01,Mobile Wallet,False
15,young_professional,2026-07-24,Shell Gas,Transport,1.19,Credit Card,False
15,young_professional,2026-07-24,IKEA,Shopping,117.01,Debit Card,False
15,young_professional,2026-07-27,Daraz,Shopping,25.92,Credit Card,False
15,young_professional,2026-07-28,Amazon,Shopping,30.66,Cash,False
15,young_professional,2026-07-28,Landlord Transfer,Rent,480.95,Credit Card,False
15,young_professional,2026-07-30,Daraz,Shopping,66.65,Credit Card,False
15,young_professional,2026-07-30,Landlord Transfer,Rent,523.17,Cash,False
15,young_professional,2026-07-31,Metro Card,Transport,133.86,Debit Card,True
15,young_professional,2026-08-01,IKEA,Shopping,13.93,Debit Card,False
15,young_professional,2026-08-01,Water Board,Utilities,364.46,Debit Card,True
15,young_professional,2026-08-01,Hotel Booking,Travel,255.34,Mobile Wallet,False
15,young_professional,2026-08-02,Landlord Transfer,Rent,501.17,Cash,False
15,young_professional,2026-08-04,Uber,Transport,2.01,Mobile Wallet,False
15,young_professional,2026-08-04,Local Mart,Groceries,51.78,Credit Card,False
15,young_professional,2026-08-05,Local Mart,Groceries,33.12,Mobile Wallet,False
15,young_professional,2026-08-05,IKEA,Shopping,39.17,Debit Card,False
15,young_professional,2026-08-07,Landlord Transfer,Rent,382.72,Debit Card,False
15,young_professional,2026-08-07,Pizza Hut,Dining,31.05,Mobile Wallet,False
15,young_professional,2026-08-08,Shell Gas,Transport,1.0,Cash,False
15,young_professional,2026-08-10,Uber,Transport,2.17,Credit Card,False
15,young_professional,2026-08-10,Landlord Transfer,Rent,428.05,Debit Card,False
15,young_professional,2026-08-10,Landlord Transfer,Rent,437.49,Mobile Wallet,False
15,young_professional,2026-08-11,Shell Gas,Transport,12.75,Cash,False
15,young_professional,2026-08-11,McDonalds,Dining,21.92,Debit Card,False
15,young_professional,2026-08-11,Local Cafe,Dining,26.21,Mobile Wallet,False
15,young_professional,2026-08-12,Amazon,Shopping,16.03,Mobile Wallet,False
15,young_professional,2026-08-13,Cinema,Entertainment,8.81,Cash,False
15,young_professional,2026-08-14,Uber,Transport,18.31,Debit Card,False
15,young_professional,2026-08-14,Pizza Hut,Dining,22.79,Debit Card,False
15,young_professional,2026-08-14,Airline Co,Travel,71.97,Mobile Wallet,False
15,young_professional,2026-08-15,Pizza Hut,Dining,29.46,Mobile Wallet,False
15,young_professional,2026-08-15,Netflix,Entertainment,22.91,Cash,False
15,young_professional,2026-08-15,Landlord Transfer,Rent,552.48,Mobile Wallet,False
15,young_professional,2026-08-17,Steam,Entertainment,6.22,Mobile Wallet,False
15,young_professional,2026-08-18,Pizza Hut,Dining,29.66,Mobile Wallet,False
15,young_professional,2026-08-20,Amazon,Shopping,36.98,Debit Card,False
15,young_professional,2026-08-21,Shell Gas,Transport,24.34,Credit Card,False
15,young_professional,2026-08-22,Local Mart,Groceries,21.54,Mobile Wallet,False
15,young_professional,2026-08-22,Shell Gas,Transport,6.93,Mobile Wallet,False
15,young_professional,2026-08-23,McDonalds,Dining,15.11,Credit Card,False
15,young_professional,2026-08-24,Daraz,Shopping,1.0,Mobile Wallet,False
15,young_professional,2026-08-25,Starbucks,Dining,13.79,Credit Card,False
15,young_professional,2026-08-26,Metro Card,Transport,13.07,Debit Card,False
15,young_professional,2026-08-26,Landlord Transfer,Rent,606.18,Cash,False
15,young_professional,2026-08-29,Amazon,Shopping,129.51,Credit Card,False
15,young_professional,2026-08-29,Airline Co,Travel,105.59,Debit Card,False
15,young_professional,2026-08-29,Daraz,Shopping,19.15,Mobile Wallet,False
15,young_professional,2026-08-30,Zara,Shopping,35.58,Mobile Wallet,False
15,young_professional,2026-08-30,Fresh Foods,Groceries,63.6,Debit Card,False
15,young_professional,2026-08-31,Shell Gas,Transport,9.6,Debit Card,False
15,young_professional,2026-08-31,Pizza Hut,Dining,7.32,Cash,False
15,young_professional,2026-08-31,Airline Co,Travel,145.6,Credit Card,False
15,young_professional,2026-09-01,IKEA,Shopping,57.64,Cash,False
15,young_professional,2026-09-01,Landlord Transfer,Rent,667.81,Mobile Wallet,False
16,high_earner,2026-03-05,Daraz,Shopping,36.41,Credit Card,False
16,high_earner,2026-03-05,Walmart,Groceries,44.32,Debit Card,False
16,high_earner,2026-03-07,Walmart,Groceries,33.2,Mobile Wallet,False
16,high_earner,2026-03-07,Daraz,Shopping,100.88,Cash,False
16,high_earner,2026-03-09,Landlord Transfer,Rent,419.73,Credit Card,False
16,high_earner,2026-03-12,Fresh Foods,Groceries,69.14,Mobile Wallet,False
16,high_earner,2026-03-12,Hospital,Healthcare,42.92,Debit Card,False
16,high_earner,2026-03-12,Pharmacy,Healthcare,1.0,Cash,False
16,high_earner,2026-03-13,Airline Co,Travel,1.0,Credit Card,False
16,high_earner,2026-03-14,Pharmacy,Healthcare,59.56,Mobile Wallet,False
16,high_earner,2026-03-15,Steam,Entertainment,32.44,Mobile Wallet,False
16,high_earner,2026-03-15,Amazon,Shopping,52.55,Debit Card,False
16,high_earner,2026-03-15,Spotify,Entertainment,5.78,Debit Card,False
16,high_earner,2026-03-16,Zara,Shopping,54.01,Cash,False
16,high_earner,2026-03-16,Steam,Entertainment,22.88,Mobile Wallet,False
16,high_earner,2026-03-17,Starbucks,Dining,13.21,Mobile Wallet,False
16,high_earner,2026-03-17,Starbucks,Dining,17.41,Debit Card,False
16,high_earner,2026-03-17,Landlord Transfer,Rent,472.92,Debit Card,False
16,high_earner,2026-03-18,IKEA,Shopping,5.49,Debit Card,False
16,high_earner,2026-03-19,Steam,Entertainment,21.56,Debit Card,False
16,high_earner,2026-03-19,Pharmacy,Healthcare,54.44,Cash,False
16,high_earner,2026-03-19,Cinema,Entertainment,29.1,Debit Card,False
16,high_earner,2026-03-21,Local Cafe,Dining,14.62,Debit Card,False
16,high_earner,2026-03-21,Zara,Shopping,77.49,Mobile Wallet,False
16,high_earner,2026-03-22,Walmart,Groceries,55.83,Credit Card,False
16,high_earner,2026-03-23,Fresh Foods,Groceries,29.71,Debit Card,False
16,high_earner,2026-03-23,Landlord Transfer,Rent,657.9,Mobile Wallet,False
16,high_earner,2026-03-23,Water Board,Utilities,70.13,Mobile Wallet,False
16,high_earner,2026-03-24,Fresh Foods,Groceries,38.78,Cash,False
16,high_earner,2026-03-25,Amazon,Shopping,1.0,Credit Card,False
16,high_earner,2026-03-25,AirBnB,Travel,49.48,Credit Card,False
16,high_earner,2026-03-26,McDonalds,Dining,3.18,Cash,False
16,high_earner,2026-03-26,Airline Co,Travel,108.39,Mobile Wallet,False
16,high_earner,2026-03-26,Cinema,Entertainment,16.07,Credit Card,False
16,high_earner,2026-03-27,Landlord Transfer,Rent,629.19,Cash,False
16,high_earner,2026-03-27,Landlord Transfer,Rent,788.32,Cash,False
16,high_earner,2026-03-29,Landlord Transfer,Rent,548.91,Cash,False
16,high_earner,2026-03-29,Daraz,Shopping,34.87,Credit Card,False
16,high_earner,2026-03-30,Landlord Transfer,Rent,604.44,Cash,False
16,high_earner,2026-03-30,Water Board,Utilities,128.58,Mobile Wallet,False
16,high_earner,2026-03-31,Hotel Booking,Travel,318.06,Mobile Wallet,False
16,high_earner,2026-03-31,Landlord Transfer,Rent,421.41,Credit Card,False
16,high_earner,2026-04-01,Hotel Booking,Travel,305.83,Mobile Wallet,False
16,high_earner,2026-04-01,Daraz,Shopping,65.24,Cash,False
16,high_earner,2026-04-02,Airline Co,Travel,593.8,Cash,False
16,high_earner,2026-04-03,McDonalds,Dining,16.31,Debit Card,False
16,high_earner,2026-04-03,Fresh Foods,Groceries,26.38,Cash,False
16,high_earner,2026-04-03,Zara,Shopping,38.11,Mobile Wallet,False
16,high_earner,2026-04-04,Landlord Transfer,Rent,561.26,Cash,False
16,high_earner,2026-04-04,Pizza Hut,Dining,17.17,Cash,False
16,high_earner,2026-04-04,Fresh Foods,Groceries,36.39,Debit Card,False
16,high_earner,2026-04-06,Hotel Booking,Travel,315.18,Mobile Wallet,False
16,high_earner,2026-04-08,Starbucks,Dining,9.71,Mobile Wallet,False
16,high_earner,2026-04-11,Netflix,Entertainment,15.22,Debit Card,False
16,high_earner,2026-04-11,Carrefour,Groceries,43.82,Credit Card,False
16,high_earner,2026-04-13,Carrefour,Groceries,24.77,Debit Card,False
16,high_earner,2026-04-13,Walmart,Groceries,23.78,Mobile Wallet,False
16,high_earner,2026-04-13,Pizza Hut,Dining,2.98,Debit Card,False
16,high_earner,2026-04-13,Dental Care,Healthcare,18.68,Mobile Wallet,False
16,high_earner,2026-04-13,Amazon,Shopping,88.03,Mobile Wallet,False
16,high_earner,2026-04-14,Netflix,Entertainment,9.12,Mobile Wallet,False
16,high_earner,2026-04-15,Landlord Transfer,Rent,590.8,Mobile Wallet,False
16,high_earner,2026-04-15,Steam,Entertainment,13.59,Mobile Wallet,False
16,high_earner,2026-04-15,Amazon,Shopping,20.74,Debit Card,False
16,high_earner,2026-04-16,Airline Co,Travel,208.31,Cash,False
16,high_earner,2026-04-16,Amazon,Shopping,72.4,Debit Card,False
16,high_earner,2026-04-16,Hotel Booking,Travel,350.5,Debit Card,False
16,high_earner,2026-04-17,Daraz,Shopping,105.62,Cash,False
16,high_earner,2026-04-17,AirBnB,Travel,405.96,Debit Card,False
16,high_earner,2026-04-18,Landlord Transfer,Rent,391.37,Debit Card,False
16,high_earner,2026-04-19,Local Cafe,Dining,1.0,Credit Card,False
16,high_earner,2026-04-19,Clinic,Healthcare,13.92,Mobile Wallet,False
16,high_earner,2026-04-19,Walmart,Groceries,47.6,Cash,False
16,high_earner,2026-04-20,Amazon,Shopping,25.84,Cash,False
16,high_earner,2026-04-20,Landlord Transfer,Rent,349.25,Mobile Wallet,False
16,high_earner,2026-04-23,Zara,Shopping,94.67,Credit Card,False
16,high_earner,2026-04-24,Hotel Booking,Travel,1.0,Debit Card,False
16,high_earner,2026-04-24,Landlord Transfer,Rent,490.97,Credit Card,False
16,high_earner,2026-04-26,Steam,Entertainment,2.55,Mobile Wallet,False
16,high_earner,2026-04-26,Landlord Transfer,Rent,489.38,Cash,False
16,high_earner,2026-04-27,Landlord Transfer,Rent,535.63,Cash,False
16,high_earner,2026-04-27,Walmart,Groceries,69.14,Mobile Wallet,False
16,high_earner,2026-04-27,Zara,Shopping,79.99,Debit Card,False
16,high_earner,2026-04-29,Water Board,Utilities,79.18,Credit Card,False
16,high_earner,2026-04-30,Hospital,Healthcare,153.96,Credit Card,True
16,high_earner,2026-04-30,Amazon,Shopping,86.42,Mobile Wallet,False
16,high_earner,2026-05-01,Airline Co,Travel,67.25,Mobile Wallet,False
16,high_earner,2026-05-01,Zara,Shopping,59.2,Debit Card,False
16,high_earner,2026-05-02,Landlord Transfer,Rent,571.63,Mobile Wallet,False
16,high_earner,2026-05-02,Landlord Transfer,Rent,532.87,Credit Card,False
16,high_earner,2026-05-03,Water Board,Utilities,67.36,Debit Card,False
16,high_earner,2026-05-04,IKEA,Shopping,62.39,Mobile Wallet,False
16,high_earner,2026-05-05,Local Mart,Groceries,26.34,Debit Card,False
16,high_earner,2026-05-06,Landlord Transfer,Rent,599.36,Cash,False
16,high_earner,2026-05-07,Hotel Booking,Travel,1.0,Mobile Wallet,False
16,high_earner,2026-05-07,AirBnB,Travel,99.14,Cash,False
16,high_earner,2026-05-07,Starbucks,Dining,20.91,Cash,False
16,high_earner,2026-05-09,Netflix,Entertainment,41.17,Cash,False
16,high_earner,2026-05-10,Spotify,Entertainment,15.14,Mobile Wallet,False
16,high_earner,2026-05-10,Hotel Booking,Travel,124.23,Mobile Wallet,False
16,high_earner,2026-05-11,IKEA,Shopping,83.17,Cash,False
16,high_earner,2026-05-12,Dental Care,Healthcare,44.3,Credit Card,False
16,high_earner,2026-05-12,Landlord Transfer,Rent,575.36,Cash,False
16,high_earner,2026-05-13,Daraz,Shopping,1.0,Mobile Wallet,False
16,high_earner,2026-05-14,Gas Company,Utilities,102.21,Credit Card,False
16,high_earner,2026-05-15,Airline Co,Travel,106.28,Cash,False
16,high_earner,2026-05-15,Local Cafe,Dining,19.4,Debit Card,False
16,high_earner,2026-05-15,Landlord Transfer,Rent,505.53,Mobile Wallet,False
16,high_earner,2026-05-15,Walmart,Groceries,29.31,Cash,False
16,high_earner,2026-05-16,Local Cafe,Dining,6.47,Mobile Wallet,False
16,high_earner,2026-05-16,Walmart,Groceries,43.47,Mobile Wallet,False
16,high_earner,2026-05-16,Local Mart,Groceries,46.21,Debit Card,False
16,high_earner,2026-05-17,Airline Co,Travel,164.34,Cash,False
16,high_earner,2026-05-17,Daraz,Shopping,36.08,Mobile Wallet,False
16,high_earner,2026-05-18,Landlord Transfer,Rent,769.03,Credit Card,False
16,high_earner,2026-05-19,Landlord Transfer,Rent,443.06,Credit Card,False
16,high_earner,2026-05-21,Pharmacy,Healthcare,37.51,Mobile Wallet,False
16,high_earner,2026-05-22,Steam,Entertainment,20.97,Credit Card,False
16,high_earner,2026-05-22,Fresh Foods,Groceries,26.71,Cash,False
16,high_earner,2026-05-22,Pizza Hut,Dining,25.76,Cash,False
16,high_earner,2026-05-22,AirBnB,Travel,103.42,Credit Card,False
16,high_earner,2026-05-23,AirBnB,Travel,366.67,Credit Card,False
16,high_earner,2026-05-23,Netflix,Entertainment,15.11,Mobile Wallet,False
16,high_earner,2026-05-24,Airline Co,Travel,204.76,Debit Card,False
16,high_earner,2026-05-28,Landlord Transfer,Rent,442.16,Credit Card,False
16,high_earner,2026-05-28,Amazon,Shopping,140.4,Mobile Wallet,False
16,high_earner,2026-05-29,Zara,Shopping,78.98,Cash,False
16,high_earner,2026-05-29,AirBnB,Travel,70.92,Mobile Wallet,False
16,high_earner,2026-05-30,AirBnB,Travel,215.68,Mobile Wallet,False
16,high_earner,2026-05-31,Pizza Hut,Dining,16.55,Cash,False
16,high_earner,2026-05-31,Airline Co,Travel,452.89,Debit Card,False
16,high_earner,2026-06-01,Spotify,Entertainment,12.76,Credit Card,False
16,high_earner,2026-06-02,Pizza Hut,Dining,21.15,Credit Card,False
16,high_earner,2026-06-04,Dental Care,Healthcare,65.04,Credit Card,False
16,high_earner,2026-06-04,Netflix,Entertainment,16.22,Mobile Wallet,False
16,high_earner,2026-06-05,Landlord Transfer,Rent,642.79,Credit Card,False
16,high_earner,2026-06-05,Carrefour,Groceries,33.15,Mobile Wallet,False
16,high_earner,2026-06-06,Hotel Booking,Travel,1.0,Mobile Wallet,False
16,high_earner,2026-06-08,Landlord Transfer,Rent,536.19,Cash,False
16,high_earner,2026-06-08,Zara,Shopping,6.11,Mobile Wallet,False
16,high_earner,2026-06-09,Hospital,Healthcare,52.96,Credit Card,False
16,high_earner,2026-06-10,Airline Co,Travel,310.78,Debit Card,False
16,high_earner,2026-06-13,Airline Co,Travel,374.49,Debit Card,False
16,high_earner,2026-06-14,Airline Co,Travel,196.29,Credit Card,False
16,high_earner,2026-06-15,Daraz,Shopping,1.0,Credit Card,False
16,high_earner,2026-06-16,Airline Co,Travel,4.32,Mobile Wallet,False
16,high_earner,2026-06-18,Landlord Transfer,Rent,547.3,Debit Card,False
16,high_earner,2026-06-18,Steam,Entertainment,11.83,Debit Card,False
16,high_earner,2026-06-19,Airline Co,Travel,1912.91,Mobile Wallet,True
16,high_earner,2026-06-19,Daraz,Shopping,34.38,Mobile Wallet,False
16,high_earner,2026-06-19,Steam,Entertainment,15.33,Credit Card,False
16,high_earner,2026-06-20,Landlord Transfer,Rent,653.56,Debit Card,False
16,high_earner,2026-06-20,Airline Co,Travel,200.66,Mobile Wallet,False
16,high_earner,2026-06-21,Landlord Transfer,Rent,450.46,Mobile Wallet,False
16,high_earner,2026-06-22,Electric Co,Utilities,78.15,Mobile Wallet,False
16,high_earner,2026-06-22,Daraz,Shopping,98.61,Debit Card,False
16,high_earner,2026-06-23,Local Mart,Groceries,27.22,Mobile Wallet,False
16,high_earner,2026-06-24,Amazon,Shopping,66.85,Cash,False
16,high_earner,2026-06-24,Amazon,Shopping,81.76,Credit Card,False
16,high_earner,2026-06-25,Gas Company,Utilities,48.07,Mobile Wallet,False
16,high_earner,2026-06-26,IKEA,Shopping,9.18,Cash,False
16,high_earner,2026-06-26,Airline Co,Travel,334.97,Mobile Wallet,False
16,high_earner,2026-06-26,Dental Care,Healthcare,59.29,Mobile Wallet,False
16,high_earner,2026-06-26,IKEA,Shopping,17.26,Debit Card,False
16,high_earner,2026-06-26,AirBnB,Travel,288.58,Credit Card,False
16,high_earner,2026-06-27,Landlord Transfer,Rent,631.09,Mobile Wallet,False
16,high_earner,2026-06-28,Hospital,Healthcare,80.34,Credit Card,False
16,high_earner,2026-06-28,Hospital,Healthcare,1.0,Mobile Wallet,False
16,high_earner,2026-06-29,Landlord Transfer,Rent,569.84,Credit Card,False
16,high_earner,2026-06-30,Hotel Booking,Travel,367.55,Cash,False
16,high_earner,2026-07-01,IKEA,Shopping,1.0,Mobile Wallet,False
16,high_earner,2026-07-02,Amazon,Shopping,83.01,Debit Card,False
16,high_earner,2026-07-02,Hotel Booking,Travel,256.68,Debit Card,False
16,high_earner,2026-07-03,Local Cafe,Dining,16.03,Cash,False
16,high_earner,2026-07-04,Hotel Booking,Travel,208.9,Debit Card,False
16,high_earner,2026-07-05,Daraz,Shopping,84.64,Cash,False
16,high_earner,2026-07-07,AirBnB,Travel,61.55,Mobile Wallet,False
16,high_earner,2026-07-08,Starbucks,Dining,18.94,Cash,False
16,high_earner,2026-07-08,Local Cafe,Dining,23.83,Mobile Wallet,False
16,high_earner,2026-07-09,AirBnB,Travel,1.0,Cash,False
16,high_earner,2026-07-10,IKEA,Shopping,1.0,Debit Card,False
16,high_earner,2026-07-10,Starbucks,Dining,12.69,Cash,False
16,high_earner,2026-07-11,Netflix,Entertainment,18.24,Mobile Wallet,False
16,high_earner,2026-07-11,Landlord Transfer,Rent,563.54,Debit Card,False
16,high_earner,2026-07-12,Landlord Transfer,Rent,222.72,Debit Card,False
16,high_earner,2026-07-13,IKEA,Shopping,137.81,Credit Card,False
16,high_earner,2026-07-13,Local Cafe,Dining,33.86,Mobile Wallet,False
16,high_earner,2026-07-14,Landlord Transfer,Rent,595.59,Debit Card,False
16,high_earner,2026-07-15,Airline Co,Travel,266.29,Credit Card,False
16,high_earner,2026-07-16,Netflix,Entertainment,16.7,Cash,False
16,high_earner,2026-07-16,Hotel Booking,Travel,142.76,Cash,False
16,high_earner,2026-07-17,Spotify,Entertainment,19.1,Debit Card,False
16,high_earner,2026-07-17,AirBnB,Travel,245.08,Credit Card,False
16,high_earner,2026-07-17,Netflix,Entertainment,1.0,Cash,False
16,high_earner,2026-07-18,Hotel Booking,Travel,222.05,Credit Card,False
16,high_earner,2026-07-18,Starbucks,Dining,29.37,Credit Card,False
16,high_earner,2026-07-19,AirBnB,Travel,270.26,Debit Card,False
16,high_earner,2026-07-19,Steam,Entertainment,6.5,Cash,False
16,high_earner,2026-07-20,Local Mart,Groceries,64.88,Cash,False
16,high_earner,2026-07-21,Airline Co,Travel,357.21,Cash,False
16,high_earner,2026-07-21,Starbucks,Dining,18.09,Credit Card,False
16,high_earner,2026-07-21,McDonalds,Dining,35.57,Mobile Wallet,False
16,high_earner,2026-07-21,IKEA,Shopping,88.19,Credit Card,False
16,high_earner,2026-07-21,Airline Co,Travel,8.25,Credit Card,False
16,high_earner,2026-07-23,Amazon,Shopping,83.24,Credit Card,False
16,high_earner,2026-07-25,Carrefour,Groceries,54.39,Credit Card,False
16,high_earner,2026-07-25,Airline Co,Travel,192.36,Cash,False
16,high_earner,2026-07-26,Airline Co,Travel,166.07,Cash,False
16,high_earner,2026-07-27,AirBnB,Travel,71.08,Mobile Wallet,False
16,high_earner,2026-07-28,Local Cafe,Dining,32.17,Credit Card,False
16,high_earner,2026-07-28,Water Board,Utilities,59.82,Cash,False
16,high_earner,2026-07-29,Landlord Transfer,Rent,528.44,Debit Card,False
16,high_earner,2026-07-29,Airline Co,Travel,522.24,Debit Card,False
16,high_earner,2026-07-30,IKEA,Shopping,31.53,Mobile Wallet,False
16,high_earner,2026-07-31,Airline Co,Travel,87.02,Debit Card,False
16,high_earner,2026-08-01,Fresh Foods,Groceries,35.57,Cash,False
16,high_earner,2026-08-02,Zara,Shopping,103.33,Debit Card,False
16,high_earner,2026-08-03,Electric Co,Utilities,64.9,Cash,False
16,high_earner,2026-08-04,Hospital,Healthcare,35.54,Mobile Wallet,False
16,high_earner,2026-08-04,Hotel Booking,Travel,37.57,Debit Card,False
16,high_earner,2026-08-06,Spotify,Entertainment,33.18,Mobile Wallet,False
16,high_earner,2026-08-06,Spotify,Entertainment,21.81,Debit Card,False
16,high_earner,2026-08-07,Local Cafe,Dining,22.17,Mobile Wallet,False
16,high_earner,2026-08-07,Landlord Transfer,Rent,508.11,Mobile Wallet,False
16,high_earner,2026-08-08,Zara,Shopping,44.83,Credit Card,False
16,high_earner,2026-08-09,Landlord Transfer,Rent,573.68,Debit Card,False
16,high_earner,2026-08-10,Airline Co,Travel,135.51,Credit Card,False
16,high_earner,2026-08-10,Walmart,Groceries,61.42,Cash,False
16,high_earner,2026-08-11,Pizza Hut,Dining,24.34,Mobile Wallet,False
16,high_earner,2026-08-13,Daraz,Shopping,71.3,Mobile Wallet,False
16,high_earner,2026-08-14,Amazon,Shopping,74.93,Mobile Wallet,False
16,high_earner,2026-08-14,Amazon,Shopping,82.91,Debit Card,False
16,high_earner,2026-08-15,Netflix,Entertainment,14.15,Cash,False
16,high_earner,2026-08-15,Hotel Booking,Travel,1.0,Mobile Wallet,False
16,high_earner,2026-08-16,Zara,Shopping,41.35,Cash,False
16,high_earner,2026-08-17,Pizza Hut,Dining,17.36,Credit Card,False
16,high_earner,2026-08-20,Zara,Shopping,1.0,Debit Card,False
16,high_earner,2026-08-21,Steam,Entertainment,31.17,Mobile Wallet,False
16,high_earner,2026-08-23,Spotify,Entertainment,9.78,Mobile Wallet,False
16,high_earner,2026-08-23,Landlord Transfer,Rent,408.88,Mobile Wallet,False
16,high_earner,2026-08-24,Daraz,Shopping,106.75,Cash,False
16,high_earner,2026-08-24,Netflix,Entertainment,7.25,Credit Card,False
16,high_earner,2026-08-24,Pizza Hut,Dining,10.17,Mobile Wallet,False
16,high_earner,2026-08-25,Daraz,Shopping,16.58,Cash,False
16,high_earner,2026-08-26,Carrefour,Groceries,72.25,Credit Card,False
16,high_earner,2026-08-27,Zara,Shopping,14.81,Cash,False
16,high_earner,2026-08-27,AirBnB,Travel,300.48,Debit Card,False
16,high_earner,2026-08-27,Amazon,Shopping,17.24,Credit Card,False
16,high_earner,2026-08-31,AirBnB,Travel,353.76,Cash,False
16,high_earner,2026-09-01,Carrefour,Groceries,45.61,Cash,False
17,high_earner,2026-03-06,Amazon,Shopping,109.91,Credit Card,False
17,high_earner,2026-03-09,Zara,Shopping,4.25,Cash,False
17,high_earner,2026-03-10,Landlord Transfer,Rent,480.91,Credit Card,False
17,high_earner,2026-03-10,Airline Co,Travel,1.0,Credit Card,False
17,high_earner,2026-03-11,Local Cafe,Dining,18.08,Cash,False
17,high_earner,2026-03-11,AirBnB,Travel,211.73,Credit Card,False
17,high_earner,2026-03-11,Gas Company,Utilities,49.62,Cash,False
17,high_earner,2026-03-12,Starbucks,Dining,9.66,Debit Card,False
17,high_earner,2026-03-13,Pizza Hut,Dining,27.68,Cash,False
17,high_earner,2026-03-16,Zara,Shopping,18.11,Debit Card,False
17,high_earner,2026-03-17,AirBnB,Travel,243.08,Mobile Wallet,False
17,high_earner,2026-03-17,Landlord Transfer,Rent,302.07,Credit Card,False
17,high_earner,2026-03-18,Local Mart,Groceries,4.12,Debit Card,False
17,high_earner,2026-03-18,Hotel Booking,Travel,252.04,Mobile Wallet,False
17,high_earner,2026-03-18,McDonalds,Dining,25.64,Debit Card,False
17,high_earner,2026-03-19,AirBnB,Travel,193.26,Mobile Wallet,False
17,high_earner,2026-03-21,IKEA,Shopping,101.69,Credit Card,False
17,high_earner,2026-03-21,Landlord Transfer,Rent,450.94,Credit Card,False
17,high_earner,2026-03-22,Landlord Transfer,Rent,605.81,Debit Card,False
17,high_earner,2026-03-22,Hotel Booking,Travel,153.11,Debit Card,False
17,high_earner,2026-03-22,Local Cafe,Dining,22.38,Credit Card,False
17,high_earner,2026-03-23,Hotel Booking,Travel,278.0,Mobile Wallet,False
17,high_earner,2026-03-23,Steam,Entertainment,1.0,Cash,False
17,high_earner,2026-03-23,Steam,Entertainment,6.31,Mobile Wallet,False
17,high_earner,2026-03-25,Hotel Booking,Travel,246.71,Mobile Wallet,False
17,high_earner,2026-03-25,Gas Company,Utilities,69.39,Debit Card,False
17,high_earner,2026-03-26,Starbucks,Dining,1.0,Debit Card,False
17,high_earner,2026-03-27,Hotel Booking,Travel,62.36,Mobile Wallet,False
17,high_earner,2026-03-27,Starbucks,Dining,12.36,Credit Card,False
17,high_earner,2026-03-28,AirBnB,Travel,227.45,Debit Card,False
17,high_earner,2026-03-29,Local Cafe,Dining,9.68,Mobile Wallet,False
17,high_earner,2026-03-29,Airline Co,Travel,289.18,Debit Card,False
17,high_earner,2026-03-30,Zara,Shopping,123.71,Credit Card,False
17,high_earner,2026-03-30,Landlord Transfer,Rent,534.12,Credit Card,False
17,high_earner,2026-03-31,Airline Co,Travel,297.61,Cash,False
17,high_earner,2026-03-31,Zara,Shopping,69.99,Credit Card,False
17,high_earner,2026-03-31,Spotify,Entertainment,20.2,Credit Card,False
17,high_earner,2026-04-01,Landlord Transfer,Rent,398.04,Cash,False
17,high_earner,2026-04-01,Landlord Transfer,Rent,453.51,Cash,False
17,high_earner,2026-04-03,Landlord Transfer,Rent,481.93,Mobile Wallet,False
17,high_earner,2026-04-03,Walmart,Groceries,75.14,Debit Card,False
17,high_earner,2026-04-03,Daraz,Shopping,60.79,Mobile Wallet,False
17,high_earner,2026-04-03,Pharmacy,Healthcare,90.97,Cash,False
17,high_earner,2026-04-04,Pizza Hut,Dining,14.77,Debit Card,False
17,high_earner,2026-04-04,Carrefour,Groceries,45.01,Mobile Wallet,False
17,high_earner,2026-04-04,Walmart,Groceries,34.3,Credit Card,False
17,high_earner,2026-04-05,AirBnB,Travel,77.27,Cash,False
17,high_earner,2026-04-05,Landlord Transfer,Rent,488.81,Credit Card,False
17,high_earner,2026-04-06,Fresh Foods,Groceries,51.06,Mobile Wallet,False
17,high_earner,2026-04-06,Internet ISP,Utilities,65.5,Mobile Wallet,False
17,high_earner,2026-04-07,Landlord Transfer,Rent,341.57,Mobile Wallet,False
17,high_earner,2026-04-08,Hotel Booking,Travel,413.64,Debit Card,False
17,high_earner,2026-04-09,Daraz,Shopping,21.0,Mobile Wallet,False
17,high_earner,2026-04-09,Steam,Entertainment,12.21,Mobile Wallet,False
17,high_earner,2026-04-09,Airline Co,Travel,452.9,Cash,False
17,high_earner,2026-04-10,McDonalds,Dining,42.12,Mobile Wallet,False
17,high_earner,2026-04-11,Local Cafe,Dining,32.75,Debit Card,False
17,high_earner,2026-04-12,IKEA,Shopping,1.0,Cash,False
17,high_earner,2026-04-15,McDonalds,Dining,26.1,Mobile Wallet,False
17,high_earner,2026-04-16,Zara,Shopping,49.06,Credit Card,False
17,high_earner,2026-04-16,Clinic,Healthcare,87.9,Credit Card,False
17,high_earner,2026-04-16,AirBnB,Travel,161.4,Cash,False
17,high_earner,2026-04-16,AirBnB,Travel,400.09,Credit Card,False
17,high_earner,2026-04-16,Landlord Transfer,Rent,428.63,Debit Card,False
17,high_earner,2026-04-17,Walmart,Groceries,35.69,Debit Card,False
17,high_earner,2026-04-17,Fresh Foods,Groceries,38.12,Credit Card,False
17,high_earner,2026-04-18,Airline Co,Travel,124.86,Debit Card,False
17,high_earner,2026-04-18,Walmart,Groceries,26.16,Cash,False
17,high_earner,2026-04-18,Daraz,Shopping,82.08,Debit Card,False
17,high_earner,2026-04-19,Dental Care,Healthcare,68.27,Credit Card,False
17,high_earner,2026-04-19,Zara,Shopping,96.13,Mobile Wallet,False
17,high_earner,2026-04-19,Amazon,Shopping,10.97,Mobile Wallet,False
17,high_earner,2026-04-20,Airline Co,Travel,9.51,Cash,False
17,high_earner,2026-04-20,Local Cafe,Dining,29.96,Debit Card,False
17,high_earner,2026-04-25,Gas Company,Utilities,89.01,Credit Card,False
17,high_earner,2026-04-27,Landlord Transfer,Rent,387.78,Mobile Wallet,False
17,high_earner,2026-04-27,Hotel Booking,Travel,240.15,Credit Card,False
17,high_earner,2026-04-28,Amazon,Shopping,89.12,Credit Card,False
17,high_earner,2026-04-29,Daraz,Shopping,59.12,Cash,False
17,high_earner,2026-04-29,Daraz,Shopping,29.94,Debit Card,False
17,high_earner,2026-04-29,Pizza Hut,Dining,20.96,Credit Card,False
17,high_earner,2026-04-30,Airline Co,Travel,111.78,Cash,False
17,high_earner,2026-04-30,Landlord Transfer,Rent,432.44,Debit Card,False
17,high_earner,2026-04-30,Netflix,Entertainment,22.07,Cash,False
17,high_earner,2026-05-01,Carrefour,Groceries,27.12,Credit Card,False
17,high_earner,2026-05-02,AirBnB,Travel,122.69,Credit Card,False
17,high_earner,2026-05-05,Cinema,Entertainment,12.38,Mobile Wallet,False
17,high_earner,2026-05-07,McDonalds,Dining,14.55,Cash,False
17,high_earner,2026-05-07,Daraz,Shopping,24.5,Mobile Wallet,False
17,high_earner,2026-05-08,Internet ISP,Utilities,80.88,Cash,False
17,high_earner,2026-05-09,Local Cafe,Dining,8.0,Credit Card,False
17,high_earner,2026-05-09,Netflix,Entertainment,19.14,Debit Card,False
17,high_earner,2026-05-10,Daraz,Shopping,52.93,Debit Card,False
17,high_earner,2026-05-10,Steam,Entertainment,6.27,Mobile Wallet,False
17,high_earner,2026-05-11,Electric Co,Utilities,17.56,Cash,False
17,high_earner,2026-05-11,Landlord Transfer,Rent,418.31,Cash,False
17,high_earner,2026-05-13,Fresh Foods,Groceries,22.97,Mobile Wallet,False
17,high_earner,2026-05-14,Airline Co,Travel,274.17,Mobile Wallet,False
17,high_earner,2026-05-14,Airline Co,Travel,66.05,Mobile Wallet,False
17,high_earner,2026-05-15,Water Board,Utilities,32.2,Credit Card,False
17,high_earner,2026-05-17,Zara,Shopping,96.0,Credit Card,False
17,high_earner,2026-05-17,Daraz,Shopping,83.2,Debit Card,False
17,high_earner,2026-05-18,Pizza Hut,Dining,28.8,Mobile Wallet,False
17,high_earner,2026-05-19,Hotel Booking,Travel,303.77,Credit Card,False
17,high_earner,2026-05-20,AirBnB,Travel,532.72,Debit Card,False
17,high_earner,2026-05-21,Landlord Transfer,Rent,586.41,Cash,False
17,high_earner,2026-05-21,Clinic,Healthcare,7.66,Debit Card,False
17,high_earner,2026-05-21,Landlord Transfer,Rent,408.42,Mobile Wallet,False
17,high_earner,2026-05-23,Airline Co,Travel,81.41,Credit Card,False
17,high_earner,2026-05-25,Landlord Transfer,Rent,471.77,Cash,False
17,high_earner,2026-05-25,Carrefour,Groceries,47.56,Credit Card,False
17,high_earner,2026-05-26,McDonalds,Dining,19.54,Mobile Wallet,False
17,high_earner,2026-05-26,Hospital,Healthcare,1.0,Cash,False
17,high_earner,2026-05-26,AirBnB,Travel,295.64,Mobile Wallet,False
17,high_earner,2026-05-26,Local Mart,Groceries,28.85,Debit Card,False
17,high_earner,2026-05-28,Cinema,Entertainment,20.16,Credit Card,False
17,high_earner,2026-05-29,Starbucks,Dining,21.26,Credit Card,False
17,high_earner,2026-05-30,Pizza Hut,Dining,31.61,Credit Card,False
17,high_earner,2026-05-31,Steam,Entertainment,20.2,Credit Card,False
17,high_earner,2026-06-01,Landlord Transfer,Rent,498.84,Cash,False
17,high_earner,2026-06-01,Dental Care,Healthcare,10.46,Debit Card,False
17,high_earner,2026-06-01,Local Mart,Groceries,42.11,Cash,False
17,high_earner,2026-06-02,AirBnB,Travel,56.74,Cash,False
17,high_earner,2026-06-03,Landlord Transfer,Rent,467.45,Cash,False
17,high_earner,2026-06-05,Airline Co,Travel,142.26,Cash,False
17,high_earner,2026-06-06,Local Mart,Groceries,61.53,Debit Card,False
17,high_earner,2026-06-07,IKEA,Shopping,7.06,Cash,False
17,high_earner,2026-06-08,Landlord Transfer,Rent,482.51,Debit Card,False
17,high_earner,2026-06-10,McDonalds,Dining,22.65,Mobile Wallet,False
17,high_earner,2026-06-10,Airline Co,Travel,382.32,Credit Card,False
17,high_earner,2026-06-11,AirBnB,Travel,216.53,Debit Card,False
17,high_earner,2026-06-12,Gas Company,Utilities,27.53,Mobile Wallet,False
17,high_earner,2026-06-13,Steam,Entertainment,1.0,Credit Card,False
17,high_earner,2026-06-14,Amazon,Shopping,110.34,Credit Card,False
17,high_earner,2026-06-14,Landlord Transfer,Rent,601.48,Credit Card,False
17,high_earner,2026-06-14,Hotel Booking,Travel,181.58,Mobile Wallet,False
17,high_earner,2026-06-15,Pizza Hut,Dining,21.88,Mobile Wallet,False
17,high_earner,2026-06-15,Carrefour,Groceries,28.12,Credit Card,False
17,high_earner,2026-06-15,Netflix,Entertainment,17.73,Mobile Wallet,False
17,high_earner,2026-06-17,Hotel Booking,Travel,428.95,Debit Card,False
17,high_earner,2026-06-18,Fresh Foods,Groceries,19.2,Credit Card,False
17,high_earner,2026-06-18,Starbucks,Dining,12.57,Credit Card,False
17,high_earner,2026-06-19,Internet ISP,Utilities,46.7,Cash,False
17,high_earner,2026-06-19,Carrefour,Groceries,31.25,Credit Card,False
17,high_earner,2026-06-21,Local Mart,Groceries,21.37,Debit Card,False
17,high_earner,2026-06-23,Spotify,Entertainment,15.41,Mobile Wallet,False
17,high_earner,2026-06-23,Local Mart,Groceries,4.03,Credit Card,False
17,high_earner,2026-06-23,Pizza Hut,Dining,3.92,Mobile Wallet,False
17,high_earner,2026-06-24,AirBnB,Travel,455.21,Debit Card,False
17,high_earner,2026-06-24,Landlord Transfer,Rent,584.49,Debit Card,False
17,high_earner,2026-06-26,Landlord Transfer,Rent,582.78,Credit Card,False
17,high_earner,2026-06-27,Zara,Shopping,87.09,Mobile Wallet,False
17,high_earner,2026-06-28,Carrefour,Groceries,34.0,Debit Card,False
17,high_earner,2026-06-29,Carrefour,Groceries,68.36,Credit Card,False
17,high_earner,2026-06-30,Carrefour,Groceries,57.74,Credit Card,False
17,high_earner,2026-06-30,Daraz,Shopping,87.13,Cash,False
17,high_earner,2026-07-01,Carrefour,Groceries,26.11,Cash,False
17,high_earner,2026-07-03,Spotify,Entertainment,2.68,Credit Card,False
17,high_earner,2026-07-05,Cinema,Entertainment,28.9,Mobile Wallet,False
17,high_earner,2026-07-05,Airline Co,Travel,126.9,Mobile Wallet,False
17,high_earner,2026-07-05,AirBnB,Travel,277.18,Credit Card,False
17,high_earner,2026-07-06,Hospital,Healthcare,1.0,Mobile Wallet,False
17,high_earner,2026-07-09,Fresh Foods,Groceries,24.99,Cash,False
17,high_earner,2026-07-09,Netflix,Entertainment,25.43,Mobile Wallet,False
17,high_earner,2026-07-09,Landlord Transfer,Rent,526.61,Cash,False
17,high_earner,2026-07-10,Landlord Transfer,Rent,525.27,Debit Card,False
17,high_earner,2026-07-12,Walmart,Groceries,21.75,Cash,False
17,high_earner,2026-07-13,Steam,Entertainment,6.66,Mobile Wallet,False
17,high_earner,2026-07-13,Zara,Shopping,49.62,Credit Card,False
17,high_earner,2026-07-13,Local Cafe,Dining,24.05,Debit Card,False
17,high_earner,2026-07-13,Cinema,Entertainment,14.14,Credit Card,False
17,high_earner,2026-07-14,AirBnB,Travel,239.68,Credit Card,False
17,high_earner,2026-07-14,Water Board,Utilities,80.34,Mobile Wallet,False
17,high_earner,2026-07-15,McDonalds,Dining,24.27,Debit Card,False
17,high_earner,2026-07-15,Carrefour,Groceries,38.46,Debit Card,False
17,high_earner,2026-07-16,Hotel Booking,Travel,28.56,Cash,False
17,high_earner,2026-07-16,Airline Co,Travel,139.82,Credit Card,False
17,high_earner,2026-07-17,Landlord Transfer,Rent,585.84,Mobile Wallet,False
17,high_earner,2026-07-18,Hotel Booking,Travel,358.4,Credit Card,False
17,high_earner,2026-07-19,Hospital,Healthcare,19.32,Cash,False
17,high_earner,2026-07-19,Starbucks,Dining,21.01,Credit Card,False
17,high_earner,2026-07-21,IKEA,Shopping,127.25,Debit Card,False
17,high_earner,2026-07-21,Pizza Hut,Dining,18.19,Credit Card,False
17,high_earner,2026-07-21,Landlord Transfer,Rent,348.27,Debit Card,False
17,high_earner,2026-07-21,Electric Co,Utilities,80.04,Mobile Wallet,False
17,high_earner,2026-07-21,Amazon,Shopping,55.01,Mobile Wallet,False
17,high_earner,2026-07-22,Amazon,Shopping,75.55,Credit Card,False
17,high_earner,2026-07-23,McDonalds,Dining,11.39,Credit Card,False
17,high_earner,2026-07-27,IKEA,Shopping,1.0,Cash,False
17,high_earner,2026-07-27,Landlord Transfer,Rent,423.52,Debit Card,False
17,high_earner,2026-07-28,Landlord Transfer,Rent,635.67,Mobile Wallet,False
17,high_earner,2026-07-29,Walmart,Groceries,46.78,Cash,False
17,high_earner,2026-07-30,IKEA,Shopping,65.61,Credit Card,False
17,high_earner,2026-07-30,Walmart,Groceries,33.46,Credit Card,False
17,high_earner,2026-07-30,Electric Co,Utilities,59.39,Cash,False
17,high_earner,2026-07-31,Steam,Entertainment,17.25,Mobile Wallet,False
17,high_earner,2026-07-31,Landlord Transfer,Rent,628.37,Mobile Wallet,False
17,high_earner,2026-07-31,Airline Co,Travel,207.03,Credit Card,False
17,high_earner,2026-08-01,Local Cafe,Dining,22.46,Mobile Wallet,False
17,high_earner,2026-08-01,IKEA,Shopping,101.84,Mobile Wallet,False
17,high_earner,2026-08-02,Amazon,Shopping,42.16,Cash,False
17,high_earner,2026-08-03,AirBnB,Travel,134.72,Credit Card,False
17,high_earner,2026-08-04,Landlord Transfer,Rent,532.68,Cash,False
17,high_earner,2026-08-04,AirBnB,Travel,329.8,Debit Card,False
17,high_earner,2026-08-05,Airline Co,Travel,224.9,Credit Card,False
17,high_earner,2026-08-05,Landlord Transfer,Rent,599.65,Credit Card,False
17,high_earner,2026-08-05,Spotify,Entertainment,13.5,Debit Card,False
17,high_earner,2026-08-06,Hospital,Healthcare,1.54,Cash,False
17,high_earner,2026-08-07,Steam,Entertainment,7.5,Mobile Wallet,False
17,high_earner,2026-08-08,AirBnB,Travel,288.24,Mobile Wallet,False
17,high_earner,2026-08-09,Starbucks,Dining,86.99,Credit Card,True
17,high_earner,2026-08-10,Amazon,Shopping,45.23,Debit Card,False
17,high_earner,2026-08-11,Local Mart,Groceries,34.62,Mobile Wallet,False
17,high_earner,2026-08-12,Local Mart,Groceries,11.58,Cash,False
17,high_earner,2026-08-13,AirBnB,Travel,179.18,Debit Card,False
17,high_earner,2026-08-14,Airline Co,Travel,1.0,Mobile Wallet,False
17,high_earner,2026-08-15,Hotel Booking,Travel,405.26,Cash,False
17,high_earner,2026-08-15,Hotel Booking,Travel,352.34,Cash,False
17,high_earner,2026-08-16,McDonalds,Dining,15.2,Debit Card,False
17,high_earner,2026-08-16,Airline Co,Travel,216.91,Debit Card,False
17,high_earner,2026-08-17,Netflix,Entertainment,22.54,Mobile Wallet,False
17,high_earner,2026-08-18,Landlord Transfer,Rent,484.17,Debit Card,False
17,high_earner,2026-08-19,Airline Co,Travel,104.3,Debit Card,False
17,high_earner,2026-08-20,Walmart,Groceries,44.24,Cash,False
17,high_earner,2026-08-20,Airline Co,Travel,246.75,Mobile Wallet,False
17,high_earner,2026-08-20,Gas Company,Utilities,72.91,Cash,False
17,high_earner,2026-08-21,Cinema,Entertainment,18.86,Cash,False
17,high_earner,2026-08-21,Hotel Booking,Travel,61.2,Cash,False
17,high_earner,2026-08-24,Airline Co,Travel,321.49,Credit Card,False
17,high_earner,2026-08-25,Fresh Foods,Groceries,23.44,Credit Card,False
17,high_earner,2026-08-25,Local Cafe,Dining,20.12,Debit Card,False
17,high_earner,2026-08-26,Walmart,Groceries,43.61,Debit Card,False
17,high_earner,2026-08-28,AirBnB,Travel,378.03,Debit Card,False
17,high_earner,2026-08-31,IKEA,Shopping,58.67,Debit Card,False
17,high_earner,2026-08-31,Starbucks,Dining,14.7,Mobile Wallet,False
17,high_earner,2026-09-01,Pizza Hut,Dining,33.55,Mobile Wallet,False
18,young_professional,2026-03-05,Fresh Foods,Groceries,25.15,Debit Card,False
18,young_professional,2026-03-06,Netflix,Entertainment,12.9,Cash,False
18,young_professional,2026-03-06,Amazon,Shopping,58.77,Credit Card,False
18,young_professional,2026-03-06,Pizza Hut,Dining,25.4,Credit Card,False
18,young_professional,2026-03-07,Amazon,Shopping,15.16,Debit Card,False
18,young_professional,2026-03-08,Local Mart,Groceries,58.33,Mobile Wallet,False
18,young_professional,2026-03-09,Starbucks,Dining,19.94,Cash,False
18,young_professional,2026-03-12,Walmart,Groceries,39.9,Credit Card,False
18,young_professional,2026-03-12,Carrefour,Groceries,34.54,Debit Card,False
18,young_professional,2026-03-12,Pizza Hut,Dining,5.33,Debit Card,False
18,young_professional,2026-03-12,Starbucks,Dining,1.0,Cash,False
18,young_professional,2026-03-13,Carrefour,Groceries,23.01,Cash,False
18,young_professional,2026-03-14,Water Board,Utilities,64.16,Debit Card,False
18,young_professional,2026-03-14,Landlord Transfer,Rent,565.05,Credit Card,False
18,young_professional,2026-03-15,Water Board,Utilities,52.63,Cash,False
18,young_professional,2026-03-17,Netflix,Entertainment,10.2,Credit Card,False
18,young_professional,2026-03-17,Starbucks,Dining,1.03,Mobile Wallet,False
18,young_professional,2026-03-19,Pharmacy,Healthcare,66.25,Cash,False
18,young_professional,2026-03-20,Daraz,Shopping,1.0,Cash,False
18,young_professional,2026-03-23,Fresh Foods,Groceries,20.52,Debit Card,False
18,young_professional,2026-03-23,Hotel Booking,Travel,251.67,Cash,False
18,young_professional,2026-03-24,Starbucks,Dining,29.81,Mobile Wallet,False
18,young_professional,2026-03-24,Uber,Transport,1.0,Credit Card,False
18,young_professional,2026-03-27,Carrefour,Groceries,54.28,Debit Card,False
18,young_professional,2026-03-27,Starbucks,Dining,18.44,Debit Card,False
18,young_professional,2026-03-27,Fresh Foods,Groceries,52.21,Cash,False
18,young_professional,2026-03-27,Hotel Booking,Travel,63.84,Mobile Wallet,False
18,young_professional,2026-03-27,Carrefour,Groceries,24.35,Credit Card,False
18,young_professional,2026-03-28,Daraz,Shopping,64.12,Cash,False
18,young_professional,2026-03-30,Water Board,Utilities,54.3,Cash,False
18,young_professional,2026-03-31,Careem,Transport,8.26,Credit Card,False
18,young_professional,2026-04-02,Landlord Transfer,Rent,385.34,Debit Card,False
18,young_professional,2026-04-02,Landlord Transfer,Rent,563.2,Debit Card,False
18,young_professional,2026-04-02,McDonalds,Dining,23.62,Mobile Wallet,False
18,young_professional,2026-04-03,Netflix,Entertainment,19.74,Debit Card,False
18,young_professional,2026-04-03,Fresh Foods,Groceries,10.44,Cash,False
18,young_professional,2026-04-03,Landlord Transfer,Rent,491.35,Mobile Wallet,False
18,young_professional,2026-04-04,Spotify,Entertainment,9.45,Cash,False
18,young_professional,2026-04-04,Pizza Hut,Dining,7.05,Mobile Wallet,False
18,young_professional,2026-04-04,Metro Card,Transport,12.17,Mobile Wallet,False
18,young_professional,2026-04-04,Pizza Hut,Dining,9.6,Mobile Wallet,False
18,young_professional,2026-04-05,Netflix,Entertainment,9.89,Debit Card,False
18,young_professional,2026-04-07,Spotify,Entertainment,42.17,Debit Card,False
18,young_professional,2026-04-08,IKEA,Shopping,1.0,Debit Card,False
18,young_professional,2026-04-08,Dental Care,Healthcare,72.37,Debit Card,False
18,young_professional,2026-04-08,Pizza Hut,Dining,22.66,Mobile Wallet,False
18,young_professional,2026-04-10,Local Cafe,Dining,15.47,Debit Card,False
18,young_professional,2026-04-10,Pizza Hut,Dining,8.21,Cash,False
18,young_professional,2026-04-11,Electric Co,Utilities,83.95,Debit Card,False
18,young_professional,2026-04-11,Pharmacy,Healthcare,55.86,Cash,False
18,young_professional,2026-04-13,Landlord Transfer,Rent,441.88,Cash,False
18,young_professional,2026-04-14,Daraz,Shopping,58.07,Credit Card,False
18,young_professional,2026-04-14,Gas Company,Utilities,34.2,Cash,False
18,young_professional,2026-04-15,Metro Card,Transport,17.3,Mobile Wallet,False
18,young_professional,2026-04-15,Local Cafe,Dining,22.79,Mobile Wallet,False
18,young_professional,2026-04-15,Dental Care,Healthcare,53.57,Cash,False
18,young_professional,2026-04-15,Steam,Entertainment,1.0,Cash,False
18,young_professional,2026-04-15,Landlord Transfer,Rent,551.59,Mobile Wallet,False
18,young_professional,2026-04-15,Electric Co,Utilities,30.27,Debit Card,False
18,young_professional,2026-04-16,Dental Care,Healthcare,42.22,Debit Card,False
18,young_professional,2026-04-16,Hospital,Healthcare,51.29,Credit Card,False
18,young_professional,2026-04-19,Zara,Shopping,53.9,Credit Card,False
18,young_professional,2026-04-22,Zara,Shopping,32.97,Credit Card,False
18,young_professional,2026-04-22,Zara,Shopping,161.83,Debit Card,False
18,young_professional,2026-04-22,Electric Co,Utilities,70.71,Credit Card,False
18,young_professional,2026-04-22,Amazon,Shopping,10.92,Cash,False
18,young_professional,2026-04-22,Pharmacy,Healthcare,29.77,Debit Card,False
18,young_professional,2026-04-23,Local Mart,Groceries,29.12,Debit Card,False
18,young_professional,2026-04-23,Landlord Transfer,Rent,592.04,Cash,False
18,young_professional,2026-04-23,Shell Gas,Transport,20.54,Cash,False
18,young_professional,2026-04-25,Carrefour,Groceries,27.57,Debit Card,False
18,young_professional,2026-04-26,Zara,Shopping,102.57,Credit Card,False
18,young_professional,2026-04-26,Cinema,Entertainment,13.1,Cash,False
18,young_professional,2026-04-27,Zara,Shopping,56.39,Mobile Wallet,False
18,young_professional,2026-04-27,Metro Card,Transport,13.4,Credit Card,False
18,young_professional,2026-04-27,IKEA,Shopping,64.62,Debit Card,False
18,young_professional,2026-04-28,Metro Card,Transport,12.0,Debit Card,False
18,young_professional,2026-04-28,Spotify,Entertainment,32.92,Debit Card,False
18,young_professional,2026-04-28,Local Cafe,Dining,13.48,Debit Card,False
18,young_professional,2026-04-29,Fresh Foods,Groceries,28.49,Mobile Wallet,False
18,young_professional,2026-04-30,Shell Gas,Transport,16.18,Credit Card,False
18,young_professional,2026-05-01,Local Mart,Groceries,35.82,Debit Card,False
18,young_professional,2026-05-01,Metro Card,Transport,11.82,Mobile Wallet,False
18,young_professional,2026-05-01,Spotify,Entertainment,13.04,Mobile Wallet,False
18,young_professional,2026-05-03,Metro Card,Transport,9.55,Credit Card,False
18,young_professional,2026-05-04,Pizza Hut,Dining,32.89,Debit Card,False
18,young_professional,2026-05-04,Starbucks,Dining,25.45,Cash,False
18,young_professional,2026-05-04,McDonalds,Dining,16.8,Mobile Wallet,False
18,young_professional,2026-05-05,Shell Gas,Transport,21.7,Cash,False
18,young_professional,2026-05-10,Spotify,Entertainment,1.0,Mobile Wallet,False
18,young_professional,2026-05-11,Landlord Transfer,Rent,342.36,Mobile Wallet,False
18,young_professional,2026-05-13,Pizza Hut,Dining,1.97,Cash,False
18,young_professional,2026-05-18,Walmart,Groceries,28.46,Credit Card,False
18,young_professional,2026-05-20,Airline Co,Travel,59.9,Debit Card,False
18,young_professional,2026-05-21,Shell Gas,Transport,15.43,Mobile Wallet,False
18,young_professional,2026-05-22,Local Cafe,Dining,15.17,Debit Card,False
18,young_professional,2026-05-23,Metro Card,Transport,15.11,Credit Card,False
18,young_professional,2026-05-24,Landlord Transfer,Rent,4262.56,Credit Card,True
18,young_professional,2026-05-24,Pizza Hut,Dining,25.25,Mobile Wallet,False
18,young_professional,2026-05-24,Shell Gas,Transport,14.43,Credit Card,False
18,young_professional,2026-05-25,Landlord Transfer,Rent,642.97,Credit Card,False
18,young_professional,2026-05-25,Starbucks,Dining,20.55,Credit Card,False
18,young_professional,2026-05-25,Fresh Foods,Groceries,1.0,Credit Card,False
18,young_professional,2026-05-28,Starbucks,Dining,37.73,Debit Card,False
18,young_professional,2026-05-28,McDonalds,Dining,4.64,Mobile Wallet,False
18,young_professional,2026-05-29,Landlord Transfer,Rent,684.77,Debit Card,False
18,young_professional,2026-05-29,Airline Co,Travel,491.61,Cash,False
18,young_professional,2026-05-30,Uber,Transport,11.64,Mobile Wallet,False
18,young_professional,2026-06-02,Uber,Transport,8.73,Cash,False
18,young_professional,2026-06-03,Electric Co,Utilities,64.4,Debit Card,False
18,young_professional,2026-06-03,Zara,Shopping,46.42,Mobile Wallet,False
18,young_professional,2026-06-03,Steam,Entertainment,9.0,Debit Card,False
18,young_professional,2026-06-04,Netflix,Entertainment,30.39,Debit Card,False
18,young_professional,2026-06-04,Local Cafe,Dining,22.37,Mobile Wallet,False
18,young_professional,2026-06-06,Pharmacy,Healthcare,84.65,Mobile Wallet,False
18,young_professional,2026-06-09,Landlord Transfer,Rent,449.52,Debit Card,False
18,young_professional,2026-06-09,Spotify,Entertainment,9.19,Cash,False
18,young_professional,2026-06-09,Fresh Foods,Groceries,41.91,Mobile Wallet,False
18,young_professional,2026-06-10,Daraz,Shopping,91.67,Cash,False
18,young_professional,2026-06-11,Water Board,Utilities,46.96,Mobile Wallet,False
18,young_professional,2026-06-11,Pizza Hut,Dining,23.51,Debit Card,False
18,young_professional,2026-06-12,Walmart,Groceries,25.0,Debit Card,False
18,young_professional,2026-06-13,IKEA,Shopping,42.27,Credit Card,False
18,young_professional,2026-06-16,Steam,Entertainment,12.34,Debit Card,False
18,young_professional,2026-06-16,Local Mart,Groceries,44.48,Mobile Wallet,False
18,young_professional,2026-06-18,IKEA,Shopping,102.45,Mobile Wallet,False
18,young_professional,2026-06-18,Uber,Transport,15.7,Credit Card,False
18,young_professional,2026-06-20,Zara,Shopping,53.85,Mobile Wallet,False
18,young_professional,2026-06-23,Pizza Hut,Dining,35.56,Cash,False
18,young_professional,2026-06-23,Fresh Foods,Groceries,30.35,Debit Card,False
18,young_professional,2026-06-23,Landlord Transfer,Rent,569.43,Debit Card,False
18,young_professional,2026-06-23,Carrefour,Groceries,18.59,Mobile Wallet,False
18,young_professional,2026-06-24,Landlord Transfer,Rent,438.96,Mobile Wallet,False
18,young_professional,2026-06-26,Starbucks,Dining,16.33,Credit Card,False
18,young_professional,2026-06-27,IKEA,Shopping,40.93,Credit Card,False
18,young_professional,2026-06-28,Careem,Transport,27.58,Debit Card,False
18,young_professional,2026-06-28,Local Mart,Groceries,10.99,Cash,False
18,young_professional,2026-06-29,Uber,Transport,16.8,Debit Card,False
18,young_professional,2026-07-01,IKEA,Shopping,52.92,Mobile Wallet,False
18,young_professional,2026-07-01,McDonalds,Dining,1.0,Cash,False
18,young_professional,2026-07-04,Uber,Transport,1.0,Credit Card,False
18,young_professional,2026-07-04,Shell Gas,Transport,11.05,Mobile Wallet,False
18,young_professional,2026-07-05,Metro Card,Transport,17.14,Debit Card,False
18,young_professional,2026-07-05,Landlord Transfer,Rent,277.95,Debit Card,False
18,young_professional,2026-07-06,Walmart,Groceries,44.22,Mobile Wallet,False
18,young_professional,2026-07-06,McDonalds,Dining,18.46,Credit Card,False
18,young_professional,2026-07-06,IKEA,Shopping,100.7,Mobile Wallet,False
18,young_professional,2026-07-06,Landlord Transfer,Rent,401.69,Mobile Wallet,False
18,young_professional,2026-07-06,Starbucks,Dining,4.68,Mobile Wallet,False
18,young_professional,2026-07-07,Landlord Transfer,Rent,337.76,Credit Card,False
18,young_professional,2026-07-09,Zara,Shopping,97.24,Credit Card,False
18,young_professional,2026-07-09,Daraz,Shopping,1.0,Cash,False
18,young_professional,2026-07-09,Fresh Foods,Groceries,72.14,Mobile Wallet,False
18,young_professional,2026-07-11,IKEA,Shopping,112.58,Credit Card,False
18,young_professional,2026-07-11,Walmart,Groceries,58.52,Debit Card,False
18,young_professional,2026-07-13,AirBnB,Travel,264.18,Mobile Wallet,False
18,young_professional,2026-07-14,Starbucks,Dining,24.06,Mobile Wallet,False
18,young_professional,2026-07-15,Pizza Hut,Dining,30.97,Debit Card,False
18,young_professional,2026-07-16,Daraz,Shopping,97.76,Credit Card,False
18,young_professional,2026-07-17,Uber,Transport,6.3,Debit Card,False
18,young_professional,2026-07-18,Cinema,Entertainment,6.44,Credit Card,False
18,young_professional,2026-07-18,Steam,Entertainment,3.33,Debit Card,False
18,young_professional,2026-07-20,McDonalds,Dining,1.0,Credit Card,False
18,young_professional,2026-07-20,Landlord Transfer,Rent,523.58,Debit Card,False
18,young_professional,2026-07-21,Fresh Foods,Groceries,18.94,Cash,False
18,young_professional,2026-07-21,Daraz,Shopping,31.65,Debit Card,False
18,young_professional,2026-07-21,Electric Co,Utilities,64.33,Debit Card,False
18,young_professional,2026-07-22,IKEA,Shopping,59.66,Credit Card,False
18,young_professional,2026-07-22,Amazon,Shopping,35.72,Mobile Wallet,False
18,young_professional,2026-07-22,Shell Gas,Transport,13.89,Mobile Wallet,False
18,young_professional,2026-07-25,Walmart,Groceries,28.45,Credit Card,False
18,young_professional,2026-07-26,Landlord Transfer,Rent,554.35,Mobile Wallet,False
18,young_professional,2026-07-26,Carrefour,Groceries,30.7,Debit Card,False
18,young_professional,2026-07-26,Cinema,Entertainment,17.94,Debit Card,False
18,young_professional,2026-07-27,Starbucks,Dining,1.0,Credit Card,False
18,young_professional,2026-07-27,Landlord Transfer,Rent,430.49,Mobile Wallet,False
18,young_professional,2026-07-28,Netflix,Entertainment,8.0,Credit Card,False
18,young_professional,2026-07-29,Landlord Transfer,Rent,476.83,Debit Card,False
18,young_professional,2026-07-30,Amazon,Shopping,48.15,Debit Card,False
18,young_professional,2026-07-31,Landlord Transfer,Rent,509.15,Debit Card,False
18,young_professional,2026-08-02,Spotify,Entertainment,8.55,Credit Card,False
18,young_professional,2026-08-03,Local Cafe,Dining,25.58,Credit Card,False
18,young_professional,2026-08-04,Zara,Shopping,23.85,Cash,False
18,young_professional,2026-08-04,Careem,Transport,7.92,Debit Card,False
18,young_professional,2026-08-04,AirBnB,Travel,435.97,Mobile Wallet,False
18,young_professional,2026-08-05,IKEA,Shopping,116.81,Credit Card,False
18,young_professional,2026-08-05,Starbucks,Dining,24.16,Debit Card,False
18,young_professional,2026-08-05,Walmart,Groceries,44.35,Cash,False
18,young_professional,2026-08-07,Internet ISP,Utilities,81.52,Debit Card,False
18,young_professional,2026-08-07,Landlord Transfer,Rent,514.58,Mobile Wallet,False
18,young_professional,2026-08-10,Landlord Transfer,Rent,382.04,Credit Card,False
18,young_professional,2026-08-10,Metro Card,Transport,1.83,Debit Card,False
18,young_professional,2026-08-12,Metro Card,Transport,11.29,Debit Card,False
18,young_professional,2026-08-12,McDonalds,Dining,15.96,Cash,False
18,young_professional,2026-08-12,Pizza Hut,Dining,31.06,Credit Card,False
18,young_professional,2026-08-13,Netflix,Entertainment,2.73,Debit Card,False
18,young_professional,2026-08-13,Metro Card,Transport,2.96,Cash,False
18,young_professional,2026-08-14,Local Cafe,Dining,5.1,Credit Card,False
18,young_professional,2026-08-14,Starbucks,Dining,21.59,Cash,False
18,young_professional,2026-08-14,Walmart,Groceries,70.21,Cash,False
18,young_professional,2026-08-17,Steam,Entertainment,8.2,Debit Card,False
18,young_professional,2026-08-18,Landlord Transfer,Rent,481.77,Debit Card,False
18,young_professional,2026-08-20,Local Mart,Groceries,33.59,Mobile Wallet,False
18,young_professional,2026-08-20,Amazon,Shopping,87.84,Cash,False
18,young_professional,2026-08-22,Netflix,Entertainment,8.03,Mobile Wallet,False
18,young_professional,2026-08-22,Steam,Entertainment,33.98,Debit Card,False
18,young_professional,2026-08-23,Amazon,Shopping,124.99,Debit Card,False
18,young_professional,2026-08-23,McDonalds,Dining,2.41,Credit Card,False
18,young_professional,2026-08-24,Pizza Hut,Dining,31.76,Debit Card,False
18,young_professional,2026-08-24,Steam,Entertainment,10.9,Debit Card,False
18,young_professional,2026-08-26,Amazon,Shopping,28.26,Credit Card,False
18,young_professional,2026-08-27,Daraz,Shopping,234.16,Cash,False
18,young_professional,2026-08-27,Metro Card,Transport,16.65,Cash,False
18,young_professional,2026-08-28,Starbucks,Dining,19.26,Debit Card,False
18,young_professional,2026-08-29,Landlord Transfer,Rent,547.73,Debit Card,False
18,young_professional,2026-08-30,Amazon,Shopping,96.25,Debit Card,False
18,young_professional,2026-08-30,Local Cafe,Dining,9.89,Cash,False
18,young_professional,2026-08-30,Spotify,Entertainment,14.27,Cash,False
18,young_professional,2026-08-31,Cinema,Entertainment,13.2,Credit Card,False
18,young_professional,2026-08-31,Local Cafe,Dining,14.42,Cash,False
18,young_professional,2026-08-31,Landlord Transfer,Rent,459.56,Debit Card,False
19,family,2026-03-06,Landlord Transfer,Rent,482.45,Debit Card,False
19,family,2026-03-07,Daraz,Shopping,96.09,Credit Card,False
19,family,2026-03-07,Carrefour,Groceries,39.75,Debit Card,False
19,family,2026-03-08,Fresh Foods,Groceries,73.61,Cash,False
19,family,2026-03-10,Carrefour,Groceries,27.81,Mobile Wallet,False
19,family,2026-03-10,Landlord Transfer,Rent,618.76,Credit Card,False
19,family,2026-03-10,Fresh Foods,Groceries,37.75,Credit Card,False
19,family,2026-03-10,Carrefour,Groceries,25.49,Credit Card,False
19,family,2026-03-12,Careem,Transport,9.57,Debit Card,False
19,family,2026-03-13,Carrefour,Groceries,50.91,Credit Card,False
19,family,2026-03-13,Carrefour,Groceries,25.5,Debit Card,False
19,family,2026-03-13,Daraz,Shopping,9.24,Credit Card,False
19,family,2026-03-14,Landlord Transfer,Rent,647.58,Mobile Wallet,False
19,family,2026-03-16,Local Mart,Groceries,33.94,Debit Card,False
19,family,2026-03-17,Carrefour,Groceries,50.33,Debit Card,False
19,family,2026-03-17,Fresh Foods,Groceries,55.12,Debit Card,False
19,family,2026-03-18,Careem,Transport,8.26,Cash,False
19,family,2026-03-18,Pizza Hut,Dining,29.6,Mobile Wallet,False
19,family,2026-03-19,Carrefour,Groceries,46.68,Cash,False
19,family,2026-03-20,Landlord Transfer,Rent,423.65,Credit Card,False
19,family,2026-03-20,Local Mart,Groceries,54.11,Mobile Wallet,False
19,family,2026-03-21,Fresh Foods,Groceries,47.62,Debit Card,False
19,family,2026-03-22,Landlord Transfer,Rent,634.38,Mobile Wallet,False
19,family,2026-03-23,Gas Company,Utilities,101.21,Mobile Wallet,False
19,family,2026-03-23,Careem,Transport,3.46,Mobile Wallet,False
19,family,2026-03-24,McDonalds,Dining,1.0,Mobile Wallet,False
19,family,2026-03-24,Gas Company,Utilities,82.65,Credit Card,False
19,family,2026-03-24,Landlord Transfer,Rent,430.63,Debit Card,False
19,family,2026-03-25,Carrefour,Groceries,53.19,Cash,False
19,family,2026-03-26,Fresh Foods,Groceries,32.4,Mobile Wallet,False
19,family,2026-03-26,Landlord Transfer,Rent,344.64,Mobile Wallet,False
19,family,2026-03-27,Local Mart,Groceries,45.14,Mobile Wallet,False
19,family,2026-03-27,Fresh Foods,Groceries,67.28,Credit Card,False
19,family,2026-03-29,Zara,Shopping,20.94,Debit Card,False
19,family,2026-03-30,Fresh Foods,Groceries,61.14,Debit Card,False
19,family,2026-03-30,Careem,Transport,17.63,Debit Card,False
19,family,2026-03-31,Electric Co,Utilities,79.89,Credit Card,False
19,family,2026-03-31,Local Mart,Groceries,30.19,Mobile Wallet,False
19,family,2026-04-01,IKEA,Shopping,40.16,Mobile Wallet,False
19,family,2026-04-01,Gas Company,Utilities,48.74,Cash,False
19,family,2026-04-03,Gas Company,Utilities,82.44,Mobile Wallet,False
19,family,2026-04-03,Pizza Hut,Dining,1.0,Credit Card,False
19,family,2026-04-03,Metro Card,Transport,21.41,Credit Card,False
19,family,2026-04-05,Amazon,Shopping,106.4,Mobile Wallet,False
19,family,2026-04-07,Water Board,Utilities,56.88,Debit Card,False
19,family,2026-04-09,Gas Company,Utilities,55.96,Cash,False
19,family,2026-04-09,Internet ISP,Utilities,41.26,Mobile Wallet,False
19,family,2026-04-09,Zara,Shopping,98.64,Credit Card,False
19,family,2026-04-10,Fresh Foods,Groceries,43.75,Mobile Wallet,False
19,family,2026-04-10,Daraz,Shopping,57.79,Debit Card,False
19,family,2026-04-11,Gas Company,Utilities,59.11,Credit Card,False
19,family,2026-04-13,Internet ISP,Utilities,55.79,Credit Card,False
19,family,2026-04-14,Careem,Transport,4.26,Cash,False
19,family,2026-04-14,Gas Company,Utilities,75.87,Debit Card,False
19,family,2026-04-15,Local Mart,Groceries,37.91,Debit Card,False
19,family,2026-04-16,Carrefour,Groceries,35.16,Credit Card,False
19,family,2026-04-16,Landlord Transfer,Rent,570.69,Credit Card,False
19,family,2026-04-17,Dental Care,Healthcare,10.05,Mobile Wallet,False
19,family,2026-04-17,Amazon,Shopping,1.0,Debit Card,False
19,family,2026-04-19,Fresh Foods,Groceries,30.82,Debit Card,False
19,family,2026-04-20,IKEA,Shopping,22.5,Cash,False
19,family,2026-04-22,Zara,Shopping,112.4,Mobile Wallet,False
19,family,2026-04-22,Hospital,Healthcare,78.82,Mobile Wallet,False
19,family,2026-04-22,Electric Co,Utilities,38.33,Credit Card,False
19,family,2026-04-22,Local Mart,Groceries,41.03,Debit Card,False
19,family,2026-04-25,Internet ISP,Utilities,56.05,Debit Card,False
19,family,2026-04-25,Gas Company,Utilities,54.94,Cash,False
19,family,2026-04-26,Electric Co,Utilities,58.95,Debit Card,False
19,family,2026-04-26,Gas Company,Utilities,83.07,Credit Card,False
19,family,2026-04-27,Uber,Transport,24.51,Credit Card,False
19,family,2026-04-27,Gas Company,Utilities,73.41,Mobile Wallet,False
19,family,2026-04-28,Internet ISP,Utilities,45.16,Mobile Wallet,False
19,family,2026-04-29,Carrefour,Groceries,39.71,Debit Card,False
19,family,2026-04-29,Local Mart,Groceries,47.64,Debit Card,False
19,family,2026-04-30,Water Board,Utilities,39.19,Debit Card,False
19,family,2026-04-30,Metro Card,Transport,1.0,Debit Card,False
19,family,2026-05-02,Uber,Transport,11.77,Mobile Wallet,False
19,family,2026-05-02,Careem,Transport,1.0,Debit Card,False
19,family,2026-05-03,Water Board,Utilities,59.49,Credit Card,False
19,family,2026-05-05,Landlord Transfer,Rent,444.6,Debit Card,False
19,family,2026-05-07,Pizza Hut,Dining,19.78,Mobile Wallet,False
19,family,2026-05-07,IKEA,Shopping,30.59,Credit Card,False
19,family,2026-05-07,Water Board,Utilities,59.52,Credit Card,False
19,family,2026-05-08,Local Mart,Groceries,40.82,Credit Card,False
19,family,2026-05-09,Gas Company,Utilities,47.96,Credit Card,False
19,family,2026-05-09,Internet ISP,Utilities,43.93,Credit Card,False
19,family,2026-05-10,Zara,Shopping,75.15,Credit Card,False
19,family,2026-05-10,Landlord Transfer,Rent,447.89,Mobile Wallet,False
19,family,2026-05-10,Fresh Foods,Groceries,49.2,Credit Card,False
19,family,2026-05-11,McDonalds,Dining,47.36,Credit Card,False
19,family,2026-05-11,Hospital,Healthcare,73.2,Credit Card,False
19,family,2026-05-14,Uber,Transport,12.55,Credit Card,False
19,family,2026-05-15,Carrefour,Groceries,39.59,Credit Card,False
19,family,2026-05-16,Dental Care,Healthcare,42.42,Cash,False
19,family,2026-05-16,Fresh Foods,Groceries,51.42,Mobile Wallet,False
19,family,2026-05-17,Hospital,Healthcare,42.49,Mobile Wallet,False
19,family,2026-05-17,Internet ISP,Utilities,78.45,Cash,False
19,family,2026-05-18,Local Mart,Groceries,45.32,Cash,False
19,family,2026-05-18,Starbucks,Dining,17.18,Cash,False
19,family,2026-05-18,Gas Company,Utilities,50.98,Mobile Wallet,False
19,family,2026-05-18,Walmart,Groceries,37.75,Cash,False
19,family,2026-05-18,Local Mart,Groceries,53.86,Credit Card,False
19,family,2026-05-18,Electric Co,Utilities,90.05,Mobile Wallet,False
19,family,2026-05-18,Landlord Transfer,Rent,467.01,Debit Card,False
19,family,2026-05-21,Electric Co,Utilities,65.68,Credit Card,False
19,family,2026-05-21,Landlord Transfer,Rent,489.14,Debit Card,False
19,family,2026-05-22,Internet ISP,Utilities,80.63,Mobile Wallet,False
19,family,2026-05-24,Gas Company,Utilities,55.02,Mobile Wallet,False
19,family,2026-05-26,Clinic,Healthcare,5.56,Credit Card,False
19,family,2026-05-27,Internet ISP,Utilities,63.49,Credit Card,False
19,family,2026-05-28,Local Mart,Groceries,58.92,Credit Card,False
19,family,2026-05-28,Bookstore,Education,52.15,Mobile Wallet,False
19,family,2026-05-28,Water Board,Utilities,65.88,Mobile Wallet,False
19,family,2026-05-28,Landlord Transfer,Rent,650.39,Credit Card,False
19,family,2026-05-29,Internet ISP,Utilities,10.16,Mobile Wallet,False
19,family,2026-05-31,Gas Company,Utilities,57.04,Credit Card,False
19,family,2026-06-01,Fresh Foods,Groceries,60.88,Cash,False
19,family,2026-06-01,Landlord Transfer,Rent,564.18,Debit Card,False
19,family,2026-06-02,Electric Co,Utilities,60.06,Debit Card,False
19,family,2026-06-03,Fresh Foods,Groceries,46.26,Credit Card,False
19,family,2026-06-04,Local Mart,Groceries,35.11,Mobile Wallet,False
19,family,2026-06-04,Clinic,Healthcare,39.25,Mobile Wallet,False
19,family,2026-06-04,Landlord Transfer,Rent,593.47,Mobile Wallet,False
19,family,2026-06-04,Carrefour,Groceries,52.44,Debit Card,False
19,family,2026-06-05,Carrefour,Groceries,42.32,Debit Card,False
19,family,2026-06-06,Walmart,Groceries,25.93,Credit Card,False
19,family,2026-06-08,Landlord Transfer,Rent,535.72,Credit Card,False
19,family,2026-06-09,Landlord Transfer,Rent,580.44,Cash,False
19,family,2026-06-10,Local Cafe,Dining,28.84,Cash,False
19,family,2026-06-10,Landlord Transfer,Rent,345.64,Cash,False
19,family,2026-06-11,IKEA,Shopping,93.7,Credit Card,False
19,family,2026-06-11,Clinic,Healthcare,44.37,Mobile Wallet,False
19,family,2026-06-12,Landlord Transfer,Rent,322.12,Cash,False
19,family,2026-06-12,Daraz,Shopping,71.77,Credit Card,False
19,family,2026-06-13,Local Mart,Groceries,28.02,Mobile Wallet,False
19,family,2026-06-15,Gas Company,Utilities,61.96,Mobile Wallet,False
19,family,2026-06-15,Landlord Transfer,Rent,602.88,Debit Card,False
19,family,2026-06-16,Internet ISP,Utilities,69.56,Credit Card,False
19,family,2026-06-17,Bookstore,Education,66.92,Credit Card,False
19,family,2026-06-18,Pharmacy,Healthcare,12.95,Credit Card,False
19,family,2026-06-18,Local Mart,Groceries,27.35,Debit Card,False
19,family,2026-06-19,Pharmacy,Healthcare,45.61,Cash,False
19,family,2026-06-19,Water Board,Utilities,74.33,Cash,False
19,family,2026-06-20,Fresh Foods,Groceries,40.48,Credit Card,False
19,family,2026-06-21,Zara,Shopping,98.5,Credit Card,False
19,family,2026-06-22,Careem,Transport,5.43,Mobile Wallet,False
19,family,2026-06-22,Landlord Transfer,Rent,389.39,Cash,False
19,family,2026-06-23,Pizza Hut,Dining,20.26,Debit Card,False
19,family,2026-06-24,Starbucks,Dining,16.22,Credit Card,False
19,family,2026-06-24,Fresh Foods,Groceries,40.3,Credit Card,False
19,family,2026-06-26,IKEA,Shopping,1.0,Cash,False
19,family,2026-06-26,Carrefour,Groceries,76.38,Cash,False
19,family,2026-06-26,Landlord Transfer,Rent,492.09,Mobile Wallet,False
19,family,2026-06-26,Fresh Foods,Groceries,42.2,Debit Card,False
19,family,2026-06-27,Pizza Hut,Dining,21.3,Debit Card,False
19,family,2026-07-01,Landlord Transfer,Rent,399.57,Cash,False
19,family,2026-07-01,Zara,Shopping,38.64,Credit Card,False
19,family,2026-07-02,Local Mart,Groceries,29.57,Mobile Wallet,False
19,family,2026-07-02,Coursera,Education,6.48,Mobile Wallet,False
19,family,2026-07-02,Zara,Shopping,74.52,Mobile Wallet,False
19,family,2026-07-03,Electric Co,Utilities,60.42,Cash,False
19,family,2026-07-05,Landlord Transfer,Rent,731.39,Debit Card,False
19,family,2026-07-05,Careem,Transport,9.5,Credit Card,False
19,family,2026-07-05,Carrefour,Groceries,36.04,Mobile Wallet,False
19,family,2026-07-07,Fresh Foods,Groceries,47.89,Cash,False
19,family,2026-07-08,Landlord Transfer,Rent,518.69,Credit Card,False
19,family,2026-07-09,Landlord Transfer,Rent,628.2,Cash,False
19,family,2026-07-09,Dental Care,Healthcare,44.06,Mobile Wallet,False
19,family,2026-07-10,Landlord Transfer,Rent,467.43,Mobile Wallet,False
19,family,2026-07-11,Fresh Foods,Groceries,49.67,Credit Card,False
19,family,2026-07-14,Landlord Transfer,Rent,507.43,Cash,False
19,family,2026-07-17,Careem,Transport,22.19,Mobile Wallet,False
19,family,2026-07-17,Walmart,Groceries,25.75,Debit Card,False
19,family,2026-07-18,Local Mart,Groceries,23.26,Credit Card,False
19,family,2026-07-18,Local Mart,Groceries,56.64,Mobile Wallet,False
19,family,2026-07-21,Landlord Transfer,Rent,580.19,Debit Card,False
19,family,2026-07-22,Landlord Transfer,Rent,399.8,Mobile Wallet,False
19,family,2026-07-22,Local Mart,Groceries,17.68,Debit Card,False
19,family,2026-07-22,Clinic,Healthcare,41.0,Debit Card,False
19,family,2026-07-22,Daraz,Shopping,57.5,Credit Card,False
19,family,2026-07-23,Hospital,Healthcare,51.52,Credit Card,False
19,family,2026-07-24,Daraz,Shopping,1.0,Mobile Wallet,False
19,family,2026-07-25,Fresh Foods,Groceries,59.38,Debit Card,False
19,family,2026-07-30,Electric Co,Utilities,69.47,Credit Card,False
19,family,2026-08-01,Zara,Shopping,46.33,Mobile Wallet,False
19,family,2026-08-01,Carrefour,Groceries,616.9,Credit Card,True
19,family,2026-08-01,Landlord Transfer,Rent,493.54,Mobile Wallet,False
19,family,2026-08-02,Carrefour,Groceries,65.95,Mobile Wallet,False
19,family,2026-08-02,Carrefour,Groceries,14.8,Credit Card,False
19,family,2026-08-03,Pharmacy,Healthcare,109.98,Mobile Wallet,True
19,family,2026-08-05,Zara,Shopping,63.28,Debit Card,False
19,family,2026-08-05,Fresh Foods,Groceries,61.57,Credit Card,False
19,family,2026-08-06,Landlord Transfer,Rent,506.89,Mobile Wallet,False
19,family,2026-08-07,Internet ISP,Utilities,86.86,Mobile Wallet,False
19,family,2026-08-07,Shell Gas,Transport,19.87,Credit Card,False
19,family,2026-08-10,Walmart,Groceries,68.4,Credit Card,False
19,family,2026-08-11,Walmart,Groceries,60.53,Credit Card,False
19,family,2026-08-11,Local Cafe,Dining,29.28,Debit Card,False
19,family,2026-08-12,Landlord Transfer,Rent,616.02,Mobile Wallet,False
19,family,2026-08-16,Zara,Shopping,35.9,Credit Card,False
19,family,2026-08-17,Carrefour,Groceries,10.57,Mobile Wallet,False
19,family,2026-08-17,Tuition Center,Education,12.16,Mobile Wallet,False
19,family,2026-08-17,Local Mart,Groceries,64.83,Debit Card,False
19,family,2026-08-20,Pharmacy,Healthcare,29.36,Cash,False
19,family,2026-08-21,Landlord Transfer,Rent,543.0,Debit Card,False
19,family,2026-08-22,Fresh Foods,Groceries,55.57,Credit Card,False
19,family,2026-08-22,Fresh Foods,Groceries,44.03,Mobile Wallet,False
19,family,2026-08-22,Amazon,Shopping,22.93,Credit Card,False
19,family,2026-08-23,Landlord Transfer,Rent,554.3,Credit Card,False
19,family,2026-08-24,Daraz,Shopping,39.42,Debit Card,False
19,family,2026-08-25,Uber,Transport,17.86,Mobile Wallet,False
19,family,2026-08-25,Local Mart,Groceries,44.51,Credit Card,False
19,family,2026-08-27,Amazon,Shopping,23.15,Debit Card,False
19,family,2026-08-27,Water Board,Utilities,82.85,Debit Card,False
19,family,2026-08-27,Walmart,Groceries,34.83,Cash,False
19,family,2026-08-28,Walmart,Groceries,261.49,Credit Card,True
19,family,2026-08-28,Local Mart,Groceries,32.13,Cash,False
19,family,2026-08-28,Carrefour,Groceries,36.24,Mobile Wallet,False
19,family,2026-08-29,Electric Co,Utilities,45.43,Debit Card,False
19,family,2026-08-29,Pizza Hut,Dining,33.77,Credit Card,False
19,family,2026-08-30,Local Mart,Groceries,27.43,Mobile Wallet,False
19,family,2026-08-30,Daraz,Shopping,49.8,Mobile Wallet,False
19,family,2026-08-30,Zara,Shopping,56.67,Cash,False
20,young_professional,2026-03-05,Landlord Transfer,Rent,437.02,Credit Card,False
20,young_professional,2026-03-05,Starbucks,Dining,32.62,Credit Card,False
20,young_professional,2026-03-05,Starbucks,Dining,7.69,Debit Card,False
20,young_professional,2026-03-07,Shell Gas,Transport,7.48,Debit Card,False
20,young_professional,2026-03-08,Carrefour,Groceries,35.72,Debit Card,False
20,young_professional,2026-03-08,AirBnB,Travel,233.78,Cash,False
20,young_professional,2026-03-08,Zara,Shopping,116.31,Debit Card,False
20,young_professional,2026-03-11,Fresh Foods,Groceries,62.53,Credit Card,False
20,young_professional,2026-03-12,Zara,Shopping,91.52,Cash,False
20,young_professional,2026-03-12,Local Cafe,Dining,18.27,Debit Card,False
20,young_professional,2026-03-13,Steam,Entertainment,1.28,Mobile Wallet,False
20,young_professional,2026-03-13,Amazon,Shopping,60.8,Cash,False
20,young_professional,2026-03-14,Gas Company,Utilities,32.99,Debit Card,False
20,young_professional,2026-03-15,Starbucks,Dining,20.53,Credit Card,False
20,young_professional,2026-03-16,Local Mart,Groceries,42.4,Debit Card,False
20,young_professional,2026-03-17,Shell Gas,Transport,20.31,Debit Card,False
20,young_professional,2026-03-18,Local Cafe,Dining,30.31,Debit Card,False
20,young_professional,2026-03-18,Local Mart,Groceries,41.56,Mobile Wallet,False
20,young_professional,2026-03-19,Steam,Entertainment,21.27,Credit Card,False
20,young_professional,2026-03-20,Daraz,Shopping,63.67,Credit Card,False
20,young_professional,2026-03-21,Zara,Shopping,83.23,Credit Card,False
20,young_professional,2026-03-21,Landlord Transfer,Rent,418.03,Mobile Wallet,False
20,young_professional,2026-03-22,Amazon,Shopping,64.89,Cash,False
20,young_professional,2026-03-24,AirBnB,Travel,465.39,Credit Card,False
20,young_professional,2026-03-25,Landlord Transfer,Rent,617.64,Cash,False
20,young_professional,2026-03-25,Local Mart,Groceries,26.75,Debit Card,False
20,young_professional,2026-03-27,Daraz,Shopping,30.52,Cash,False
20,young_professional,2026-03-28,Electric Co,Utilities,71.9,Credit Card,False
20,young_professional,2026-03-30,Landlord Transfer,Rent,495.42,Debit Card,False
20,young_professional,2026-03-31,IKEA,Shopping,96.78,Credit Card,False
20,young_professional,2026-04-01,Uber,Transport,13.51,Debit Card,False
20,young_professional,2026-04-02,Landlord Transfer,Rent,459.51,Mobile Wallet,False
20,young_professional,2026-04-03,Netflix,Entertainment,18.45,Cash,False
20,young_professional,2026-04-03,Cinema,Entertainment,5.68,Cash,False
20,young_professional,2026-04-04,McDonalds,Dining,31.77,Credit Card,False
20,young_professional,2026-04-04,Carrefour,Groceries,27.96,Cash,False
20,young_professional,2026-04-05,Local Cafe,Dining,14.17,Debit Card,False
20,young_professional,2026-04-05,Local Mart,Groceries,14.4,Mobile Wallet,False
20,young_professional,2026-04-05,Landlord Transfer,Rent,516.49,Debit Card,False
20,young_professional,2026-04-06,Cinema,Entertainment,21.1,Credit Card,False
20,young_professional,2026-04-07,Landlord Transfer,Rent,422.77,Debit Card,False
20,young_professional,2026-04-07,Carrefour,Groceries,34.13,Mobile Wallet,False
20,young_professional,2026-04-07,Pizza Hut,Dining,21.47,Credit Card,False
20,young_professional,2026-04-07,Shell Gas,Transport,17.57,Debit Card,False
20,young_professional,2026-04-08,Metro Card,Transport,8.49,Mobile Wallet,False
20,young_professional,2026-04-11,Airline Co,Travel,572.56,Mobile Wallet,False
20,young_professional,2026-04-13,Zara,Shopping,37.13,Mobile Wallet,False
20,young_professional,2026-04-15,Landlord Transfer,Rent,626.96,Cash,False
20,young_professional,2026-04-17,Metro Card,Transport,19.01,Debit Card,False
20,young_professional,2026-04-17,Cinema,Entertainment,20.74,Credit Card,False
20,young_professional,2026-04-18,Pizza Hut,Dining,1.0,Mobile Wallet,False
20,young_professional,2026-04-19,Shell Gas,Transport,8.27,Credit Card,False
20,young_professional,2026-04-21,Walmart,Groceries,61.67,Credit Card,False
20,young_professional,2026-04-22,Carrefour,Groceries,63.68,Credit Card,False
20,young_professional,2026-04-22,Carrefour,Groceries,40.83,Credit Card,False
20,young_professional,2026-04-23,Walmart,Groceries,43.64,Cash,False
20,young_professional,2026-04-24,IKEA,Shopping,112.88,Credit Card,False
20,young_professional,2026-04-26,IKEA,Shopping,105.88,Debit Card,False
20,young_professional,2026-04-27,Fresh Foods,Groceries,60.4,Mobile Wallet,False
20,young_professional,2026-04-27,Uber,Transport,11.64,Mobile Wallet,False
20,young_professional,2026-04-27,Landlord Transfer,Rent,435.41,Debit Card,False
20,young_professional,2026-04-27,Walmart,Groceries,55.39,Mobile Wallet,False
20,young_professional,2026-04-27,Shell Gas,Transport,13.89,Debit Card,False
20,young_professional,2026-04-27,McDonalds,Dining,29.52,Mobile Wallet,False
20,young_professional,2026-04-27,Landlord Transfer,Rent,587.18,Debit Card,False
20,young_professional,2026-04-27,Spotify,Entertainment,15.49,Credit Card,False
20,young_professional,2026-05-03,Hotel Booking,Travel,1.0,Debit Card,False
20,young_professional,2026-05-05,AirBnB,Travel,279.28,Cash,False
20,young_professional,2026-05-05,Walmart,Groceries,57.48,Mobile Wallet,False
20,young_professional,2026-05-06,Metro Card,Transport,174.73,Cash,True
20,young_professional,2026-05-07,McDonalds,Dining,22.74,Cash,False
20,young_professional,2026-05-07,Landlord Transfer,Rent,439.69,Credit Card,False
20,young_professional,2026-05-08,Shell Gas,Transport,31.41,Cash,False
20,young_professional,2026-05-09,Landlord Transfer,Rent,447.22,Cash,False
20,young_professional,2026-05-10,Cinema,Entertainment,20.2,Debit Card,False
20,young_professional,2026-05-10,McDonalds,Dining,28.33,Mobile Wallet,False
20,young_professional,2026-05-12,Landlord Transfer,Rent,411.79,Cash,False
20,young_professional,2026-05-12,McDonalds,Dining,27.85,Mobile Wallet,False
20,young_professional,2026-05-13,Landlord Transfer,Rent,476.32,Credit Card,False
20,young_professional,2026-05-13,Internet ISP,Utilities,74.27,Credit Card,False
20,young_professional,2026-05-14,Landlord Transfer,Rent,448.65,Cash,False
20,young_professional,2026-05-16,Pizza Hut,Dining,31.43,Cash,False
20,young_professional,2026-05-17,Amazon,Shopping,15.31,Credit Card,False
20,young_professional,2026-05-18,Zara,Shopping,34.41,Debit Card,False
20,young_professional,2026-05-19,Landlord Transfer,Rent,498.41,Cash,False
20,young_professional,2026-05-20,McDonalds,Dining,20.82,Credit Card,False
20,young_professional,2026-05-25,Local Cafe,Dining,8.71,Mobile Wallet,False
20,young_professional,2026-05-27,Careem,Transport,10.89,Credit Card,False
20,young_professional,2026-05-27,Landlord Transfer,Rent,543.5,Mobile Wallet,False
20,young_professional,2026-05-28,Amazon,Shopping,49.84,Mobile Wallet,False
20,young_professional,2026-05-29,Uber,Transport,9.8,Debit Card,False
20,young_professional,2026-05-29,Hospital,Healthcare,34.14,Debit Card,False
20,young_professional,2026-05-29,Local Cafe,Dining,17.82,Mobile Wallet,False
20,young_professional,2026-05-30,Zara,Shopping,52.59,Cash,False
20,young_professional,2026-05-30,Shell Gas,Transport,5.67,Mobile Wallet,False
20,young_professional,2026-05-30,Landlord Transfer,Rent,535.36,Cash,False
20,young_professional,2026-05-30,Amazon,Shopping,26.59,Mobile Wallet,False
20,young_professional,2026-05-31,Landlord Transfer,Rent,666.94,Debit Card,False
20,young_professional,2026-06-03,Starbucks,Dining,16.64,Cash,False
20,young_professional,2026-06-04,IKEA,Shopping,53.06,Credit Card,False
20,young_professional,2026-06-05,Internet ISP,Utilities,49.09,Debit Card,False
20,young_professional,2026-06-06,Netflix,Entertainment,13.17,Debit Card,False
20,young_professional,2026-06-08,Shell Gas,Transport,1.0,Credit Card,False
20,young_professional,2026-06-09,Starbucks,Dining,3.58,Mobile Wallet,False
20,young_professional,2026-06-09,Landlord Transfer,Rent,679.84,Cash,False
20,young_professional,2026-06-10,Walmart,Groceries,27.21,Debit Card,False
20,young_professional,2026-06-11,Landlord Transfer,Rent,542.68,Mobile Wallet,False
20,young_professional,2026-06-13,Landlord Transfer,Rent,431.45,Credit Card,False
20,young_professional,2026-06-13,Dental Care,Healthcare,4.22,Mobile Wallet,False
20,young_professional,2026-06-15,Fresh Foods,Groceries,40.37,Debit Card,False
20,young_professional,2026-06-15,Local Mart,Groceries,55.62,Mobile Wallet,False
20,young_professional,2026-06-17,IKEA,Shopping,81.12,Debit Card,False
20,young_professional,2026-06-17,Uber,Transport,22.45,Credit Card,False
20,young_professional,2026-06-19,Pharmacy,Healthcare,65.27,Debit Card,False
20,young_professional,2026-06-20,Carrefour,Groceries,18.05,Cash,False
20,young_professional,2026-06-20,Uber,Transport,13.95,Debit Card,False
20,young_professional,2026-06-21,McDonalds,Dining,29.14,Cash,False
20,young_professional,2026-06-23,Steam,Entertainment,9.08,Credit Card,False
20,young_professional,2026-06-24,Local Cafe,Dining,16.23,Mobile Wallet,False
20,young_professional,2026-06-24,Cinema,Entertainment,28.77,Cash,False
20,young_professional,2026-06-24,Fresh Foods,Groceries,39.42,Credit Card,False
20,young_professional,2026-06-25,Steam,Entertainment,24.27,Debit Card,False
20,young_professional,2026-06-25,Starbucks,Dining,9.14,Debit Card,False
20,young_professional,2026-06-26,Water Board,Utilities,59.55,Cash,False
20,young_professional,2026-06-27,Walmart,Groceries,41.3,Cash,False
20,young_professional,2026-06-28,Landlord Transfer,Rent,574.3,Mobile Wallet,False
20,young_professional,2026-06-28,Starbucks,Dining,20.56,Mobile Wallet,False
20,young_professional,2026-06-28,Pharmacy,Healthcare,52.51,Debit Card,False
20,young_professional,2026-06-29,Daraz,Shopping,113.35,Debit Card,False
20,young_professional,2026-06-30,Daraz,Shopping,45.74,Credit Card,False
20,young_professional,2026-07-01,Starbucks,Dining,14.66,Mobile Wallet,False
20,young_professional,2026-07-01,Amazon,Shopping,3.05,Cash,False
20,young_professional,2026-07-01,Landlord Transfer,Rent,480.29,Debit Card,False
20,young_professional,2026-07-02,Metro Card,Transport,18.06,Credit Card,False
20,young_professional,2026-07-02,Starbucks,Dining,37.14,Credit Card,False
20,young_professional,2026-07-03,Electric Co,Utilities,393.93,Cash,True
20,young_professional,2026-07-04,Careem,Transport,17.77,Debit Card,False
20,young_professional,2026-07-04,Internet ISP,Utilities,65.13,Mobile Wallet,False
20,young_professional,2026-07-05,Metro Card,Transport,23.01,Credit Card,False
20,young_professional,2026-07-05,AirBnB,Travel,245.46,Mobile Wallet,False
20,young_professional,2026-07-06,Electric Co,Utilities,48.63,Cash,False
20,young_professional,2026-07-06,Amazon,Shopping,43.51,Cash,False
20,young_professional,2026-07-07,Zara,Shopping,59.68,Cash,False
20,young_professional,2026-07-09,Cinema,Entertainment,17.44,Mobile Wallet,False
20,young_professional,2026-07-10,Carrefour,Groceries,35.4,Cash,False
20,young_professional,2026-07-10,Walmart,Groceries,35.4,Debit Card,False
20,young_professional,2026-07-12,McDonalds,Dining,22.22,Credit Card,False
20,young_professional,2026-07-12,Amazon,Shopping,46.33,Cash,False
20,young_professional,2026-07-13,Spotify,Entertainment,5.19,Cash,False
20,young_professional,2026-07-14,Local Cafe,Dining,27.51,Cash,False
20,young_professional,2026-07-14,McDonalds,Dining,9.39,Mobile Wallet,False
20,young_professional,2026-07-15,Landlord Transfer,Rent,325.18,Cash,False
20,young_professional,2026-07-16,Local Cafe,Dining,8.99,Cash,False
20,young_professional,2026-07-17,Shell Gas,Transport,28.83,Cash,False
20,young_professional,2026-07-18,Landlord Transfer,Rent,657.98,Credit Card,False
20,young_professional,2026-07-19,Walmart,Groceries,65.07,Debit Card,False
20,young_professional,2026-07-21,Shell Gas,Transport,12.3,Cash,False
20,young_professional,2026-07-23,Internet ISP,Utilities,45.41,Cash,False
20,young_professional,2026-07-23,Airline Co,Travel,154.58,Cash,False
20,young_professional,2026-07-24,Airline Co,Travel,299.07,Mobile Wallet,False
20,young_professional,2026-07-24,Electric Co,Utilities,58.23,Credit Card,False
20,young_professional,2026-07-25,Landlord Transfer,Rent,486.14,Credit Card,False
20,young_professional,2026-07-26,McDonalds,Dining,7.96,Debit Card,False
20,young_professional,2026-07-27,Starbucks,Dining,11.34,Mobile Wallet,False
20,young_professional,2026-07-27,Landlord Transfer,Rent,493.91,Credit Card,False
20,young_professional,2026-07-28,Zara,Shopping,62.61,Cash,False
20,young_professional,2026-07-28,AirBnB,Travel,426.26,Mobile Wallet,False
20,young_professional,2026-07-29,Carrefour,Groceries,29.07,Debit Card,False
20,young_professional,2026-07-29,Amazon,Shopping,36.18,Debit Card,False
20,young_professional,2026-07-30,Careem,Transport,1.0,Mobile Wallet,False
20,young_professional,2026-08-01,Local Mart,Groceries,37.55,Cash,False
20,young_professional,2026-08-01,Shell Gas,Transport,13.45,Mobile Wallet,False
20,young_professional,2026-08-02,Uber,Transport,18.25,Mobile Wallet,False
20,young_professional,2026-08-02,McDonalds,Dining,16.76,Mobile Wallet,False
20,young_professional,2026-08-06,Metro Card,Transport,1.0,Credit Card,False
20,young_professional,2026-08-09,Careem,Transport,18.96,Cash,False
20,young_professional,2026-08-09,Daraz,Shopping,1.0,Cash,False
20,young_professional,2026-08-11,Netflix,Entertainment,40.9,Credit Card,False
20,young_professional,2026-08-11,AirBnB,Travel,327.43,Debit Card,False
20,young_professional,2026-08-11,IKEA,Shopping,20.33,Mobile Wallet,False
20,young_professional,2026-08-12,Amazon,Shopping,46.6,Debit Card,False
20,young_professional,2026-08-12,Local Cafe,Dining,8.33,Mobile Wallet,False
20,young_professional,2026-08-14,Gas Company,Utilities,67.53,Mobile Wallet,False
20,young_professional,2026-08-14,Internet ISP,Utilities,56.02,Debit Card,False
20,young_professional,2026-08-14,Daraz,Shopping,65.92,Credit Card,False
20,young_professional,2026-08-14,Airline Co,Travel,236.37,Debit Card,False
20,young_professional,2026-08-15,Walmart,Groceries,32.15,Mobile Wallet,False
20,young_professional,2026-08-15,Internet ISP,Utilities,85.86,Cash,False
20,young_professional,2026-08-16,Carrefour,Groceries,46.83,Cash,False
20,young_professional,2026-08-17,AirBnB,Travel,473.36,Cash,False
20,young_professional,2026-08-17,Amazon,Shopping,1.0,Debit Card,False
20,young_professional,2026-08-18,Daraz,Shopping,79.67,Credit Card,False
20,young_professional,2026-08-19,Water Board,Utilities,74.28,Cash,False
20,young_professional,2026-08-19,Walmart,Groceries,46.71,Debit Card,False
20,young_professional,2026-08-19,Shell Gas,Transport,15.87,Debit Card,False
20,young_professional,2026-08-21,Internet ISP,Utilities,46.85,Credit Card,False
20,young_professional,2026-08-22,Starbucks,Dining,18.44,Debit Card,False
20,young_professional,2026-08-23,Amazon,Shopping,60.59,Credit Card,False
20,young_professional,2026-08-25,Pizza Hut,Dining,21.93,Cash,False
20,young_professional,2026-08-25,Zara,Shopping,54.03,Credit Card,False
20,young_professional,2026-08-26,Local Mart,Groceries,35.16,Debit Card,False
20,young_professional,2026-08-26,Dental Care,Healthcare,1.0,Cash,False
20,young_professional,2026-08-27,Landlord Transfer,Rent,470.45,Credit Card,False
20,young_professional,2026-08-28,Walmart,Groceries,53.63,Cash,False
20,young_professional,2026-08-28,Careem,Transport,19.59,Cash,False
20,young_professional,2026-08-29,Careem,Transport,5.75,Cash,False
20,young_professional,2026-08-29,Pharmacy,Healthcare,62.04,Credit Card,False
20,young_professional,2026-08-29,Landlord Transfer,Rent,323.63,Cash,False
20,young_professional,2026-08-29,Spotify,Entertainment,38.37,Mobile Wallet,False
20,young_professional,2026-08-30,Landlord Transfer,Rent,424.58,Cash,False
20,young_professional,2026-08-30,Landlord Transfer,Rent,529.07,Debit Card,False
20,young_professional,2026-09-01,Local Cafe,Dining,21.29,Debit Card,False
20,young_professional,2026-09-01,Local Cafe,Dining,23.55,Debit Card,False
20,young_professional,2026-09-01,AirBnB,Travel,40.0,Mobile Wallet,False
21,family,2026-03-06,Carrefour,Groceries,1.0,Mobile Wallet,False
21,family,2026-03-08,Walmart,Groceries,37.56,Mobile Wallet,False
21,family,2026-03-08,Carrefour,Groceries,24.38,Mobile Wallet,False
21,family,2026-03-09,Clinic,Healthcare,10.63,Debit Card,False
21,family,2026-03-11,Coursera,Education,52.66,Mobile Wallet,False
21,family,2026-03-11,Carrefour,Groceries,69.06,Cash,False
21,family,2026-03-11,Amazon,Shopping,60.3,Cash,False
21,family,2026-03-12,Clinic,Healthcare,18.69,Debit Card,False
21,family,2026-03-16,Local Cafe,Dining,7.91,Debit Card,False
21,family,2026-03-16,Landlord Transfer,Rent,721.87,Debit Card,False
21,family,2026-03-16,Walmart,Groceries,48.16,Mobile Wallet,False
21,family,2026-03-17,Water Board,Utilities,42.01,Mobile Wallet,False
21,family,2026-03-18,Metro Card,Transport,13.55,Credit Card,False
21,family,2026-03-18,Landlord Transfer,Rent,506.32,Credit Card,False
21,family,2026-03-18,Electric Co,Utilities,84.61,Mobile Wallet,False
21,family,2026-03-19,Fresh Foods,Groceries,19.93,Credit Card,False
21,family,2026-03-19,Amazon,Shopping,77.81,Credit Card,False
21,family,2026-03-19,Landlord Transfer,Rent,401.13,Debit Card,False
21,family,2026-03-19,Daraz,Shopping,75.19,Credit Card,False
21,family,2026-03-20,Pizza Hut,Dining,19.72,Debit Card,False
21,family,2026-03-20,Electric Co,Utilities,74.13,Credit Card,False
21,family,2026-03-20,Uber,Transport,15.24,Cash,False
21,family,2026-03-21,Walmart,Groceries,35.35,Debit Card,False
21,family,2026-03-22,Water Board,Utilities,77.06,Mobile Wallet,False
21,family,2026-03-22,Gas Company,Utilities,80.94,Debit Card,False
21,family,2026-03-23,Landlord Transfer,Rent,494.39,Cash,False
21,family,2026-03-26,IKEA,Shopping,91.96,Debit Card,False
21,family,2026-03-26,Carrefour,Groceries,59.45,Credit Card,False
21,family,2026-03-27,Internet ISP,Utilities,70.13,Credit Card,False
21,family,2026-03-27,McDonalds,Dining,20.44,Credit Card,False
21,family,2026-03-27,Pharmacy,Healthcare,43.49,Cash,False
21,family,2026-03-28,Electric Co,Utilities,66.16,Mobile Wallet,False
21,family,2026-03-28,Water Board,Utilities,60.2,Credit Card,False
21,family,2026-03-29,Daraz,Shopping,122.94,Credit Card,False
21,family,2026-03-30,Starbucks,Dining,22.38,Mobile Wallet,False
21,family,2026-03-30,Fresh Foods,Groceries,66.43,Debit Card,False
21,family,2026-04-01,Bookstore,Education,80.56,Cash,False
21,family,2026-04-02,Daraz,Shopping,76.06,Mobile Wallet,False
21,family,2026-04-03,Walmart,Groceries,45.02,Mobile Wallet,False
21,family,2026-04-03,Water Board,Utilities,89.33,Credit Card,False
21,family,2026-04-05,Carrefour,Groceries,31.39,Credit Card,False
21,family,2026-04-05,Landlord Transfer,Rent,500.93,Cash,False
21,family,2026-04-05,Amazon,Shopping,91.36,Cash,False
21,family,2026-04-06,Pharmacy,Healthcare,13.36,Cash,False
21,family,2026-04-06,Landlord Transfer,Rent,500.06,Credit Card,False
21,family,2026-04-06,Starbucks,Dining,17.38,Debit Card,False
21,family,2026-04-06,IKEA,Shopping,22.61,Cash,False
21,family,2026-04-10,Daraz,Shopping,2.18,Mobile Wallet,False
21,family,2026-04-10,Starbucks,Dining,16.18,Cash,False
21,family,2026-04-11,Internet ISP,Utilities,71.03,Cash,False
21,family,2026-04-12,Walmart,Groceries,50.06,Cash,False
21,family,2026-04-14,Local Cafe,Dining,6.61,Cash,False
21,family,2026-04-17,Hospital,Healthcare,35.32,Credit Card,False
21,family,2026-04-18,Landlord Transfer,Rent,535.44,Debit Card,False
21,family,2026-04-18,Carrefour,Groceries,43.02,Cash,False
21,family,2026-04-20,Clinic,Healthcare,33.03,Mobile Wallet,False
21,family,2026-04-22,Landlord Transfer,Rent,453.47,Mobile Wallet,False
21,family,2026-04-22,Pharmacy,Healthcare,1.0,Credit Card,False
21,family,2026-04-22,Fresh Foods,Groceries,63.84,Cash,False
21,family,2026-04-23,Starbucks,Dining,16.37,Credit Card,False
21,family,2026-04-23,Pizza Hut,Dining,20.02,Debit Card,False
21,family,2026-04-23,Coursera,Education,20.06,Mobile Wallet,False
21,family,2026-04-23,Internet ISP,Utilities,19.12,Cash,False
21,family,2026-04-26,Fresh Foods,Groceries,53.15,Mobile Wallet,False
21,family,2026-04-26,Fresh Foods,Groceries,36.68,Mobile Wallet,False
21,family,2026-04-26,Zara,Shopping,22.83,Debit Card,False
21,family,2026-04-27,Landlord Transfer,Rent,434.19,Mobile Wallet,False
21,family,2026-04-29,Dental Care,Healthcare,27.68,Mobile Wallet,False
21,family,2026-04-30,IKEA,Shopping,70.28,Debit Card,False
21,family,2026-05-01,Gas Company,Utilities,76.45,Credit Card,False
21,family,2026-05-01,Fresh Foods,Groceries,15.24,Debit Card,False
21,family,2026-05-02,Amazon,Shopping,15.72,Debit Card,False
21,family,2026-05-02,Pizza Hut,Dining,93.17,Credit Card,True
21,family,2026-05-02,Local Mart,Groceries,49.97,Mobile Wallet,False
21,family,2026-05-02,Water Board,Utilities,15.91,Credit Card,False
21,family,2026-05-02,Electric Co,Utilities,38.42,Cash,False
21,family,2026-05-02,Pizza Hut,Dining,1.0,Debit Card,False
21,family,2026-05-02,Landlord Transfer,Rent,497.19,Mobile Wallet,False
21,family,2026-05-08,Water Board,Utilities,77.97,Mobile Wallet,False
21,family,2026-05-08,Clinic,Healthcare,138.31,Debit Card,True
21,family,2026-05-08,Landlord Transfer,Rent,508.0,Debit Card,False
21,family,2026-05-08,McDonalds,Dining,32.02,Debit Card,False
21,family,2026-05-08,Dental Care,Healthcare,4.45,Credit Card,False
21,family,2026-05-09,Fresh Foods,Groceries,23.58,Cash,False
21,family,2026-05-10,Walmart,Groceries,53.62,Credit Card,False
21,family,2026-05-10,Amazon,Shopping,55.7,Mobile Wallet,False
21,family,2026-05-11,Careem,Transport,20.38,Credit Card,False
21,family,2026-05-12,Water Board,Utilities,67.3,Cash,False
21,family,2026-05-12,Carrefour,Groceries,48.39,Credit Card,False
21,family,2026-05-13,Landlord Transfer,Rent,394.59,Credit Card,False
21,family,2026-05-13,Electric Co,Utilities,94.81,Mobile Wallet,False
21,family,2026-05-13,Carrefour,Groceries,47.11,Debit Card,False
21,family,2026-05-13,Gas Company,Utilities,73.17,Debit Card,False
21,family,2026-05-13,Local Mart,Groceries,57.91,Mobile Wallet,False
21,family,2026-05-14,Gas Company,Utilities,47.06,Cash,False
21,family,2026-05-15,Gas Company,Utilities,53.5,Credit Card,False
21,family,2026-05-15,Zara,Shopping,98.28,Credit Card,False
21,family,2026-05-15,Carrefour,Groceries,53.88,Credit Card,False
21,family,2026-05-16,McDonalds,Dining,10.84,Debit Card,False
21,family,2026-05-16,Landlord Transfer,Rent,519.14,Credit Card,False
21,family,2026-05-16,Fresh Foods,Groceries,20.37,Mobile Wallet,False
21,family,2026-05-16,Fresh Foods,Groceries,54.77,Cash,False
21,family,2026-05-19,Zara,Shopping,82.65,Debit Card,False
21,family,2026-05-20,Gas Company,Utilities,48.19,Debit Card,False
21,family,2026-05-20,Landlord Transfer,Rent,669.74,Credit Card,False
21,family,2026-05-21,Landlord Transfer,Rent,417.5,Debit Card,False
21,family,2026-05-21,Carrefour,Groceries,24.04,Mobile Wallet,False
21,family,2026-05-21,Walmart,Groceries,22.43,Debit Card,False
21,family,2026-05-22,Fresh Foods,Groceries,53.6,Debit Card,False
21,family,2026-05-22,Landlord Transfer,Rent,528.03,Mobile Wallet,False
21,family,2026-05-23,IKEA,Shopping,93.84,Cash,False
21,family,2026-05-24,Gas Company,Utilities,31.93,Mobile Wallet,False
21,family,2026-05-24,Water Board,Utilities,102.3,Credit Card,False
21,family,2026-05-26,Local Mart,Groceries,47.63,Mobile Wallet,False
21,family,2026-05-27,Careem,Transport,22.88,Cash,False
21,family,2026-05-29,Electric Co,Utilities,68.49,Credit Card,False
21,family,2026-05-29,Landlord Transfer,Rent,513.94,Cash,False
21,family,2026-05-30,Landlord Transfer,Rent,436.67,Credit Card,False
21,family,2026-05-30,Landlord Transfer,Rent,434.85,Cash,False
21,family,2026-05-31,Daraz,Shopping,757.69,Credit Card,True
21,family,2026-05-31,Carrefour,Groceries,30.11,Credit Card,False
21,family,2026-06-01,Hospital,Healthcare,27.92,Debit Card,False
21,family,2026-06-01,Carrefour,Groceries,65.97,Credit Card,False
21,family,2026-06-03,Carrefour,Groceries,41.77,Cash,False
21,family,2026-06-03,Walmart,Groceries,51.99,Credit Card,False
21,family,2026-06-03,Fresh Foods,Groceries,29.57,Credit Card,False
21,family,2026-06-03,Landlord Transfer,Rent,462.24,Cash,False
21,family,2026-06-04,Landlord Transfer,Rent,436.52,Cash,False
21,family,2026-06-10,Landlord Transfer,Rent,536.06,Cash,False
21,family,2026-06-11,Landlord Transfer,Rent,639.69,Mobile Wallet,False
21,family,2026-06-11,Clinic,Healthcare,27.65,Cash,False
21,family,2026-06-12,Fresh Foods,Groceries,9.73,Cash,False
21,family,2026-06-12,Daraz,Shopping,40.15,Credit Card,False
21,family,2026-06-13,Local Mart,Groceries,25.85,Mobile Wallet,False
21,family,2026-06-14,Amazon,Shopping,26.71,Debit Card,False
21,family,2026-06-16,Electric Co,Utilities,61.49,Mobile Wallet,False
21,family,2026-06-17,IKEA,Shopping,78.05,Credit Card,False
21,family,2026-06-17,Landlord Transfer,Rent,639.99,Debit Card,False
21,family,2026-06-18,Carrefour,Groceries,23.36,Mobile Wallet,False
21,family,2026-06-19,Pharmacy,Healthcare,1.0,Credit Card,False
21,family,2026-06-19,Carrefour,Groceries,39.01,Debit Card,False
21,family,2026-06-20,Daraz,Shopping,36.41,Debit Card,False
21,family,2026-06-21,Internet ISP,Utilities,80.4,Mobile Wallet,False
21,family,2026-06-22,Carrefour,Groceries,47.27,Cash,False
21,family,2026-06-23,Hospital,Healthcare,74.89,Cash,False
21,family,2026-06-23,Landlord Transfer,Rent,593.85,Credit Card,False
21,family,2026-06-23,Fresh Foods,Groceries,29.47,Debit Card,False
21,family,2026-06-24,Carrefour,Groceries,36.14,Credit Card,False
21,family,2026-06-24,Careem,Transport,1.49,Mobile Wallet,False
21,family,2026-06-24,Electric Co,Utilities,64.1,Credit Card,False
21,family,2026-06-26,Starbucks,Dining,20.11,Cash,False
21,family,2026-06-27,Landlord Transfer,Rent,604.58,Mobile Wallet,False
21,family,2026-06-27,Pharmacy,Healthcare,87.02,Mobile Wallet,False
21,family,2026-06-28,Internet ISP,Utilities,47.86,Debit Card,False
21,family,2026-06-29,Landlord Transfer,Rent,591.37,Debit Card,False
21,family,2026-06-30,Amazon,Shopping,82.06,Cash,False
21,family,2026-06-30,Local Mart,Groceries,52.56,Cash,False
21,family,2026-07-01,Electric Co,Utilities,74.48,Credit Card,False
21,family,2026-07-02,Water Board,Utilities,52.77,Mobile Wallet,False
21,family,2026-07-03,Local Mart,Groceries,34.31,Mobile Wallet,False
21,family,2026-07-03,Landlord Transfer,Rent,451.0,Mobile Wallet,False
21,family,2026-07-04,Water Board,Utilities,45.31,Credit Card,False
21,family,2026-07-05,IKEA,Shopping,84.77,Credit Card,False
21,family,2026-07-06,Pizza Hut,Dining,17.61,Cash,False
21,family,2026-07-06,IKEA,Shopping,37.33,Mobile Wallet,False
21,family,2026-07-07,Water Board,Utilities,47.08,Mobile Wallet,False
21,family,2026-07-08,Zara,Shopping,1.0,Cash,False
21,family,2026-07-11,Local Mart,Groceries,26.48,Credit Card,False
21,family,2026-07-11,IKEA,Shopping,54.75,Mobile Wallet,False
21,family,2026-07-12,Hospital,Healthcare,1.0,Credit Card,False
21,family,2026-07-13,Electric Co,Utilities,70.42,Debit Card,False
21,family,2026-07-13,McDonalds,Dining,18.04,Debit Card,False
21,family,2026-07-14,Uber,Transport,5.83,Cash,False
21,family,2026-07-14,Fresh Foods,Groceries,38.51,Debit Card,False
21,family,2026-07-16,Dental Care,Healthcare,52.01,Credit Card,False
21,family,2026-07-16,Carrefour,Groceries,28.92,Mobile Wallet,False
21,family,2026-07-17,Fresh Foods,Groceries,60.68,Credit Card,False
21,family,2026-07-17,Local Mart,Groceries,44.41,Mobile Wallet,False
21,family,2026-07-18,Fresh Foods,Groceries,42.78,Mobile Wallet,False
21,family,2026-07-18,McDonalds,Dining,17.33,Credit Card,False
21,family,2026-07-20,Starbucks,Dining,22.61,Credit Card,False
21,family,2026-07-20,Local Cafe,Dining,2.18,Mobile Wallet,False
21,family,2026-07-21,Carrefour,Groceries,32.68,Mobile Wallet,False
21,family,2026-07-22,Internet ISP,Utilities,54.68,Credit Card,False
21,family,2026-07-22,Local Mart,Groceries,72.58,Cash,False
21,family,2026-07-23,Fresh Foods,Groceries,34.69,Debit Card,False
21,family,2026-07-24,Fresh Foods,Groceries,20.4,Credit Card,False
21,family,2026-07-24,Zara,Shopping,125.33,Mobile Wallet,False
21,family,2026-07-24,Walmart,Groceries,47.88,Debit Card,False
21,family,2026-07-25,IKEA,Shopping,96.68,Debit Card,False
21,family,2026-07-26,Landlord Transfer,Rent,581.43,Cash,False
21,family,2026-07-26,Amazon,Shopping,174.89,Mobile Wallet,False
21,family,2026-07-26,Landlord Transfer,Rent,447.55,Cash,False
21,family,2026-07-28,Gas Company,Utilities,68.83,Mobile Wallet,False
21,family,2026-07-29,Carrefour,Groceries,17.28,Credit Card,False
21,family,2026-07-31,Coursera,Education,39.61,Credit Card,False
21,family,2026-08-01,Dental Care,Healthcare,37.48,Cash,False
21,family,2026-08-03,Local Mart,Groceries,38.05,Debit Card,False
21,family,2026-08-03,Pharmacy,Healthcare,58.0,Debit Card,False
21,family,2026-08-03,Landlord Transfer,Rent,425.57,Cash,False
21,family,2026-08-03,Landlord Transfer,Rent,432.84,Credit Card,False
21,family,2026-08-03,Hospital,Healthcare,1.0,Mobile Wallet,False
21,family,2026-08-04,Dental Care,Healthcare,37.17,Debit Card,False
21,family,2026-08-05,Zara,Shopping,108.3,Debit Card,False
21,family,2026-08-05,Electric Co,Utilities,94.35,Credit Card,False
21,family,2026-08-06,Gas Company,Utilities,72.79,Cash,False
21,family,2026-08-06,Internet ISP,Utilities,71.99,Debit Card,False
21,family,2026-08-08,Carrefour,Groceries,48.57,Cash,False
21,family,2026-08-09,Gas Company,Utilities,43.5,Mobile Wallet,False
21,family,2026-08-09,Fresh Foods,Groceries,45.88,Debit Card,False
21,family,2026-08-10,Gas Company,Utilities,50.8,Cash,False
21,family,2026-08-10,Metro Card,Transport,168.73,Debit Card,True
21,family,2026-08-10,Uber,Transport,4.83,Debit Card,False
21,family,2026-08-10,Landlord Transfer,Rent,619.63,Cash,False
21,family,2026-08-10,Landlord Transfer,Rent,438.04,Debit Card,False
21,family,2026-08-10,Fresh Foods,Groceries,51.29,Debit Card,False
21,family,2026-08-12,Local Cafe,Dining,14.93,Cash,False
21,family,2026-08-13,McDonalds,Dining,1.74,Mobile Wallet,False
21,family,2026-08-13,Local Mart,Groceries,61.72,Credit Card,False
21,family,2026-08-14,Fresh Foods,Groceries,35.81,Debit Card,False
21,family,2026-08-14,Gas Company,Utilities,75.88,Credit Card,False
21,family,2026-08-14,Landlord Transfer,Rent,632.38,Debit Card,False
21,family,2026-08-15,Landlord Transfer,Rent,633.44,Mobile Wallet,False
21,family,2026-08-15,Landlord Transfer,Rent,514.32,Mobile Wallet,False
21,family,2026-08-16,Carrefour,Groceries,9.83,Cash,False
21,family,2026-08-16,Water Board,Utilities,78.58,Debit Card,False
21,family,2026-08-19,Walmart,Groceries,53.08,Cash,False
21,family,2026-08-20,Local Mart,Groceries,42.85,Credit Card,False
21,family,2026-08-20,Zara,Shopping,1.0,Cash,False
21,family,2026-08-22,McDonalds,Dining,10.25,Mobile Wallet,False
21,family,2026-08-25,IKEA,Shopping,70.25,Mobile Wallet,False
21,family,2026-08-26,Metro Card,Transport,18.55,Cash,False
21,family,2026-08-26,Internet ISP,Utilities,50.63,Mobile Wallet,False
21,family,2026-08-26,Local Mart,Groceries,52.32,Credit Card,False
21,family,2026-08-27,Water Board,Utilities,53.4,Mobile Wallet,False
21,family,2026-08-27,Gas Company,Utilities,80.84,Cash,False
21,family,2026-08-28,Carrefour,Groceries,47.66,Debit Card,False
21,family,2026-08-28,Dental Care,Healthcare,1.0,Mobile Wallet,False
21,family,2026-08-29,Internet ISP,Utilities,65.57,Mobile Wallet,False
21,family,2026-08-30,Local Mart,Groceries,73.17,Credit Card,False
21,family,2026-08-30,Uber,Transport,9.62,Credit Card,False
21,family,2026-08-30,Amazon,Shopping,84.05,Credit Card,False
21,family,2026-09-01,Fresh Foods,Groceries,31.08,Credit Card,False
21,family,2026-09-01,Fresh Foods,Groceries,22.82,Credit Card,False
22,high_earner,2026-03-05,AirBnB,Travel,219.94,Credit Card,False
22,high_earner,2026-03-06,Cinema,Entertainment,19.81,Mobile Wallet,False
22,high_earner,2026-03-08,Airline Co,Travel,403.6,Debit Card,False
22,high_earner,2026-03-08,Landlord Transfer,Rent,483.01,Mobile Wallet,False
22,high_earner,2026-03-10,Walmart,Groceries,39.23,Debit Card,False
22,high_earner,2026-03-11,Hotel Booking,Travel,277.63,Credit Card,False
22,high_earner,2026-03-12,Zara,Shopping,40.63,Mobile Wallet,False
22,high_earner,2026-03-12,Local Cafe,Dining,14.91,Mobile Wallet,False
22,high_earner,2026-03-12,Pharmacy,Healthcare,69.64,Cash,False
22,high_earner,2026-03-13,Landlord Transfer,Rent,575.62,Cash,False
22,high_earner,2026-03-14,Hotel Booking,Travel,124.06,Cash,False
22,high_earner,2026-03-15,Pizza Hut,Dining,24.23,Mobile Wallet,False
22,high_earner,2026-03-15,Clinic,Healthcare,65.31,Credit Card,False
22,high_earner,2026-03-18,Fresh Foods,Groceries,45.11,Credit Card,False
22,high_earner,2026-03-18,Airline Co,Travel,1.0,Credit Card,False
22,high_earner,2026-03-19,Clinic,Healthcare,17.69,Cash,False
22,high_earner,2026-03-20,Zara,Shopping,27.31,Cash,False
22,high_earner,2026-03-21,Airline Co,Travel,194.16,Mobile Wallet,False
22,high_earner,2026-03-22,Carrefour,Groceries,37.51,Mobile Wallet,False
22,high_earner,2026-03-22,Daraz,Shopping,63.81,Mobile Wallet,False
22,high_earner,2026-03-24,Pharmacy,Healthcare,39.82,Mobile Wallet,False
22,high_earner,2026-03-24,Spotify,Entertainment,14.82,Mobile Wallet,False
22,high_earner,2026-03-25,Daraz,Shopping,65.7,Mobile Wallet,False
22,high_earner,2026-03-25,Zara,Shopping,25.2,Debit Card,False
22,high_earner,2026-03-26,Hotel Booking,Travel,169.38,Debit Card,False
22,high_earner,2026-03-27,Airline Co,Travel,104.89,Debit Card,False
22,high_earner,2026-03-28,Landlord Transfer,Rent,320.15,Mobile Wallet,False
22,high_earner,2026-03-28,Zara,Shopping,57.81,Debit Card,False
22,high_earner,2026-03-28,Zara,Shopping,60.66,Debit Card,False
22,high_earner,2026-03-28,Amazon,Shopping,83.13,Credit Card,False
22,high_earner,2026-03-29,McDonalds,Dining,16.11,Mobile Wallet,False
22,high_earner,2026-04-02,Amazon,Shopping,51.84,Debit Card,False
22,high_earner,2026-04-03,Amazon,Shopping,31.36,Credit Card,False
22,high_earner,2026-04-03,AirBnB,Travel,42.33,Mobile Wallet,False
22,high_earner,2026-04-05,Airline Co,Travel,478.07,Debit Card,False
22,high_earner,2026-04-06,Dental Care,Healthcare,52.24,Cash,False
22,high_earner,2026-04-06,Airline Co,Travel,217.71,Debit Card,False
22,high_earner,2026-04-07,Carrefour,Groceries,21.75,Cash,False
22,high_earner,2026-04-08,Airline Co,Travel,289.73,Debit Card,False
22,high_earner,2026-04-09,Steam,Entertainment,27.99,Cash,False
22,high_earner,2026-04-10,Amazon,Shopping,34.01,Cash,False
22,high_earner,2026-04-10,Airline Co,Travel,1.0,Debit Card,False
22,high_earner,2026-04-12,Walmart,Groceries,32.82,Credit Card,False
22,high_earner,2026-04-12,Landlord Transfer,Rent,620.32,Mobile Wallet,False
22,high_earner,2026-04-14,McDonalds,Dining,11.9,Credit Card,False
22,high_earner,2026-04-14,Spotify,Entertainment,14.47,Cash,False
22,high_earner,2026-04-14,Local Mart,Groceries,35.39,Debit Card,False
22,high_earner,2026-04-14,McDonalds,Dining,30.44,Credit Card,False
22,high_earner,2026-04-14,Landlord Transfer,Rent,381.94,Cash,False
22,high_earner,2026-04-15,Spotify,Entertainment,4.56,Mobile Wallet,False
22,high_earner,2026-04-15,Airline Co,Travel,328.29,Mobile Wallet,False
22,high_earner,2026-04-16,McDonalds,Dining,31.34,Mobile Wallet,False
22,high_earner,2026-04-19,Airline Co,Travel,276.24,Mobile Wallet,False
22,high_earner,2026-04-19,Walmart,Groceries,64.94,Debit Card,False
22,high_earner,2026-04-20,AirBnB,Travel,150.79,Mobile Wallet,False
22,high_earner,2026-04-20,Steam,Entertainment,22.98,Cash,False
22,high_earner,2026-04-21,IKEA,Shopping,35.2,Debit Card,False
22,high_earner,2026-04-21,Carrefour,Groceries,20.73,Cash,False
22,high_earner,2026-04-22,McDonalds,Dining,10.08,Debit Card,False
22,high_earner,2026-04-22,AirBnB,Travel,138.19,Credit Card,False
22,high_earner,2026-04-22,Walmart,Groceries,34.93,Cash,False
22,high_earner,2026-04-24,Local Mart,Groceries,28.03,Mobile Wallet,False
22,high_earner,2026-04-24,McDonalds,Dining,26.93,Debit Card,False
22,high_earner,2026-04-25,Zara,Shopping,45.46,Credit Card,False
22,high_earner,2026-04-26,Daraz,Shopping,53.63,Credit Card,False
22,high_earner,2026-04-27,Amazon,Shopping,51.71,Debit Card,False
22,high_earner,2026-04-28,Starbucks,Dining,21.16,Cash,False
22,high_earner,2026-04-28,Walmart,Groceries,63.47,Debit Card,False
22,high_earner,2026-04-29,Airline Co,Travel,568.76,Cash,False
22,high_earner,2026-04-29,Carrefour,Groceries,40.69,Debit Card,False
22,high_earner,2026-04-29,Netflix,Entertainment,11.15,Debit Card,False
22,high_earner,2026-04-30,Pizza Hut,Dining,2.71,Cash,False
22,high_earner,2026-04-30,IKEA,Shopping,55.75,Debit Card,False
22,high_earner,2026-05-01,Landlord Transfer,Rent,527.28,Cash,False
22,high_earner,2026-05-02,Zara,Shopping,87.93,Mobile Wallet,False
22,high_earner,2026-05-02,AirBnB,Travel,389.14,Mobile Wallet,False
22,high_earner,2026-05-02,Steam,Entertainment,1.94,Mobile Wallet,False
22,high_earner,2026-05-03,Clinic,Healthcare,3.12,Cash,False
22,high_earner,2026-05-04,Daraz,Shopping,111.91,Debit Card,False
22,high_earner,2026-05-04,Pizza Hut,Dining,28.41,Mobile Wallet,False
22,high_earner,2026-05-05,Airline Co,Travel,118.81,Cash,False
22,high_earner,2026-05-05,Landlord Transfer,Rent,477.19,Debit Card,False
22,high_earner,2026-05-06,IKEA,Shopping,25.15,Mobile Wallet,False
22,high_earner,2026-05-06,Hotel Booking,Travel,324.46,Mobile Wallet,False
22,high_earner,2026-05-07,AirBnB,Travel,163.24,Cash,False
22,high_earner,2026-05-07,Local Mart,Groceries,23.47,Credit Card,False
22,high_earner,2026-05-09,AirBnB,Travel,200.87,Mobile Wallet,False
22,high_earner,2026-05-09,Hotel Booking,Travel,213.52,Debit Card,False
22,high_earner,2026-05-10,Zara,Shopping,35.46,Cash,False
22,high_earner,2026-05-13,Walmart,Groceries,26.82,Mobile Wallet,False
22,high_earner,2026-05-13,Carrefour,Groceries,51.38,Credit Card,False
22,high_earner,2026-05-15,Zara,Shopping,105.2,Mobile Wallet,False
22,high_earner,2026-05-16,Hotel Booking,Travel,225.79,Cash,False
22,high_earner,2026-05-16,IKEA,Shopping,31.88,Credit Card,False
22,high_earner,2026-05-17,Landlord Transfer,Rent,526.63,Debit Card,False
22,high_earner,2026-05-19,Local Mart,Groceries,39.13,Mobile Wallet,False
22,high_earner,2026-05-20,Airline Co,Travel,311.95,Cash,False
22,high_earner,2026-05-21,Daraz,Shopping,85.66,Credit Card,False
22,high_earner,2026-05-22,Spotify,Entertainment,28.69,Cash,False
22,high_earner,2026-05-23,Cinema,Entertainment,8.05,Debit Card,False
22,high_earner,2026-05-25,Zara,Shopping,66.58,Credit Card,False
22,high_earner,2026-05-25,Netflix,Entertainment,1.0,Cash,False
22,high_earner,2026-05-26,Amazon,Shopping,14.75,Cash,False
22,high_earner,2026-05-26,Airline Co,Travel,490.88,Mobile Wallet,False
22,high_earner,2026-05-27,Local Mart,Groceries,34.93,Debit Card,False
22,high_earner,2026-05-27,Netflix,Entertainment,9.24,Mobile Wallet,False
22,high_earner,2026-05-28,Zara,Shopping,41.6,Debit Card,False
22,high_earner,2026-05-28,Starbucks,Dining,6.67,Credit Card,False
22,high_earner,2026-05-28,Pizza Hut,Dining,3.14,Credit Card,False
22,high_earner,2026-05-29,Steam,Entertainment,19.93,Mobile Wallet,False
22,high_earner,2026-05-29,Internet ISP,Utilities,60.69,Cash,False
22,high_earner,2026-05-30,Airline Co,Travel,142.63,Debit Card,False
22,high_earner,2026-05-30,Airline Co,Travel,289.32,Mobile Wallet,False
22,high_earner,2026-05-30,Landlord Transfer,Rent,518.63,Credit Card,False
22,high_earner,2026-05-30,Hotel Booking,Travel,390.32,Mobile Wallet,False
22,high_earner,2026-06-01,Walmart,Groceries,19.2,Credit Card,False
22,high_earner,2026-06-01,Steam,Entertainment,32.23,Debit Card,False
22,high_earner,2026-06-03,AirBnB,Travel,286.84,Cash,False
22,high_earner,2026-06-03,Dental Care,Healthcare,21.15,Debit Card,False
22,high_earner,2026-06-04,McDonalds,Dining,21.85,Cash,False
22,high_earner,2026-06-04,McDonalds,Dining,39.42,Credit Card,False
22,high_earner,2026-06-05,Landlord Transfer,Rent,682.3,Cash,False
22,high_earner,2026-06-06,Landlord Transfer,Rent,484.8,Mobile Wallet,False
22,high_earner,2026-06-07,Walmart,Groceries,45.08,Credit Card,False
22,high_earner,2026-06-11,Zara,Shopping,72.86,Credit Card,False
22,high_earner,2026-06-12,Airline Co,Travel,184.25,Mobile Wallet,False
22,high_earner,2026-06-12,Airline Co,Travel,113.49,Mobile Wallet,False
22,high_earner,2026-06-13,Local Mart,Groceries,19.62,Cash,False
22,high_earner,2026-06-13,Hospital,Healthcare,59.53,Cash,False
22,high_earner,2026-06-14,Dental Care,Healthcare,27.99,Credit Card,False
22,high_earner,2026-06-14,Cinema,Entertainment,7.37,Mobile Wallet,False
22,high_earner,2026-06-15,Amazon,Shopping,1.0,Mobile Wallet,False
22,high_earner,2026-06-15,Local Mart,Groceries,39.57,Mobile Wallet,False
22,high_earner,2026-06-15,Hotel Booking,Travel,102.75,Credit Card,False
22,high_earner,2026-06-16,Zara,Shopping,30.28,Credit Card,False
22,high_earner,2026-06-17,Airline Co,Travel,171.47,Debit Card,False
22,high_earner,2026-06-18,Amazon,Shopping,108.42,Credit Card,False
22,high_earner,2026-06-19,Carrefour,Groceries,34.37,Credit Card,False
22,high_earner,2026-06-19,Hotel Booking,Travel,359.39,Mobile Wallet,False
22,high_earner,2026-06-20,Airline Co,Travel,288.41,Debit Card,False
22,high_earner,2026-06-20,McDonalds,Dining,34.57,Debit Card,False
22,high_earner,2026-06-21,Zara,Shopping,63.58,Credit Card,False
22,high_earner,2026-06-21,Amazon,Shopping,21.87,Cash,False
22,high_earner,2026-06-22,Amazon,Shopping,67.61,Credit Card,False
22,high_earner,2026-06-22,Landlord Transfer,Rent,533.24,Cash,False
22,high_earner,2026-06-23,Amazon,Shopping,80.57,Cash,False
22,high_earner,2026-06-24,Zara,Shopping,137.36,Mobile Wallet,False
22,high_earner,2026-06-24,Landlord Transfer,Rent,414.47,Debit Card,False
22,high_earner,2026-06-24,Landlord Transfer,Rent,690.52,Mobile Wallet,False
22,high_earner,2026-06-25,Walmart,Groceries,29.95,Debit Card,False
22,high_earner,2026-06-28,Zara,Shopping,76.79,Debit Card,False
22,high_earner,2026-06-29,Steam,Entertainment,1.0,Mobile Wallet,False
22,high_earner,2026-06-29,McDonalds,Dining,29.65,Debit Card,False
22,high_earner,2026-06-29,Local Cafe,Dining,20.73,Mobile Wallet,False
22,high_earner,2026-06-30,Pizza Hut,Dining,7.63,Cash,False
22,high_earner,2026-06-30,AirBnB,Travel,312.54,Mobile Wallet,False
22,high_earner,2026-06-30,Landlord Transfer,Rent,562.08,Credit Card,False
22,high_earner,2026-07-01,Zara,Shopping,1074.06,Credit Card,True
22,high_earner,2026-07-01,Pizza Hut,Dining,6.64,Debit Card,False
22,high_earner,2026-07-01,Landlord Transfer,Rent,480.47,Credit Card,False
22,high_earner,2026-07-01,Amazon,Shopping,74.69,Mobile Wallet,False
22,high_earner,2026-07-01,Pharmacy,Healthcare,50.55,Debit Card,False
22,high_earner,2026-07-02,Landlord Transfer,Rent,593.32,Debit Card,False
22,high_earner,2026-07-03,Hotel Booking,Travel,108.3,Mobile Wallet,False
22,high_earner,2026-07-04,Water Board,Utilities,72.5,Mobile Wallet,False
22,high_earner,2026-07-05,Amazon,Shopping,88.02,Cash,False
22,high_earner,2026-07-06,Spotify,Entertainment,2.97,Cash,False
22,high_earner,2026-07-09,Pizza Hut,Dining,16.15,Mobile Wallet,False
22,high_earner,2026-07-15,Starbucks,Dining,27.49,Credit Card,False
22,high_earner,2026-07-15,Daraz,Shopping,29.27,Debit Card,False
22,high_earner,2026-07-16,Cinema,Entertainment,26.98,Mobile Wallet,False
22,high_earner,2026-07-17,Hotel Booking,Travel,347.17,Debit Card,False
22,high_earner,2026-07-18,Steam,Entertainment,4.92,Debit Card,False
22,high_earner,2026-07-19,Electric Co,Utilities,89.2,Cash,False
22,high_earner,2026-07-20,Hotel Booking,Travel,183.67,Debit Card,False
22,high_earner,2026-07-20,AirBnB,Travel,225.2,Cash,False
22,high_earner,2026-07-21,Landlord Transfer,Rent,557.47,Debit Card,False
22,high_earner,2026-07-22,Landlord Transfer,Rent,432.91,Credit Card,False
22,high_earner,2026-07-22,Landlord Transfer,Rent,523.86,Debit Card,False
22,high_earner,2026-07-22,Walmart,Groceries,55.64,Mobile Wallet,False
22,high_earner,2026-07-24,Airline Co,Travel,366.2,Cash,False
22,high_earner,2026-07-25,McDonalds,Dining,12.84,Mobile Wallet,False
22,high_earner,2026-07-25,Dental Care,Healthcare,69.63,Cash,False
22,high_earner,2026-07-26,Zara,Shopping,50.07,Credit Card,False
22,high_earner,2026-07-27,Landlord Transfer,Rent,611.96,Cash,False
22,high_earner,2026-07-28,Landlord Transfer,Rent,452.18,Debit Card,False
22,high_earner,2026-07-29,Starbucks,Dining,24.64,Mobile Wallet,False
22,high_earner,2026-07-29,AirBnB,Travel,384.0,Mobile Wallet,False
22,high_earner,2026-07-31,Cinema,Entertainment,11.19,Credit Card,False
22,high_earner,2026-07-31,Landlord Transfer,Rent,574.44,Cash,False
22,high_earner,2026-08-01,Pizza Hut,Dining,11.23,Credit Card,False
22,high_earner,2026-08-01,Netflix,Entertainment,1.0,Mobile Wallet,False
22,high_earner,2026-08-01,IKEA,Shopping,55.21,Debit Card,False
22,high_earner,2026-08-02,Local Mart,Groceries,31.13,Debit Card,False
22,high_earner,2026-08-02,Local Cafe,Dining,30.26,Debit Card,False
22,high_earner,2026-08-03,Local Mart,Groceries,43.11,Mobile Wallet,False
22,high_earner,2026-08-03,Fresh Foods,Groceries,23.69,Credit Card,False
22,high_earner,2026-08-03,AirBnB,Travel,197.6,Credit Card,False
22,high_earner,2026-08-04,AirBnB,Travel,296.45,Debit Card,False
22,high_earner,2026-08-04,Amazon,Shopping,56.12,Debit Card,False
22,high_earner,2026-08-04,Netflix,Entertainment,26.0,Credit Card,False
22,high_earner,2026-08-06,McDonalds,Dining,36.04,Cash,False
22,high_earner,2026-08-07,Starbucks,Dining,4.26,Credit Card,False
22,high_earner,2026-08-07,McDonalds,Dining,17.22,Cash,False
22,high_earner,2026-08-08,Daraz,Shopping,1.0,Mobile Wallet,False
22,high_earner,2026-08-08,Landlord Transfer,Rent,499.14,Mobile Wallet,False
22,high_earner,2026-08-12,Landlord Transfer,Rent,445.7,Debit Card,False
22,high_earner,2026-08-17,Hospital,Healthcare,43.83,Mobile Wallet,False
22,high_earner,2026-08-17,Starbucks,Dining,20.17,Debit Card,False
22,high_earner,2026-08-18,Airline Co,Travel,52.93,Cash,False
22,high_earner,2026-08-18,Local Mart,Groceries,54.25,Cash,False
22,high_earner,2026-08-19,Netflix,Entertainment,11.54,Credit Card,False
22,high_earner,2026-08-20,Carrefour,Groceries,51.16,Mobile Wallet,False
22,high_earner,2026-08-21,Zara,Shopping,89.24,Debit Card,False
22,high_earner,2026-08-21,Airline Co,Travel,261.91,Cash,False
22,high_earner,2026-08-23,McDonalds,Dining,23.2,Debit Card,False
22,high_earner,2026-08-25,Landlord Transfer,Rent,577.52,Cash,False
22,high_earner,2026-08-25,Fresh Foods,Groceries,58.06,Debit Card,False
22,high_earner,2026-08-25,Netflix,Entertainment,12.57,Mobile Wallet,False
22,high_earner,2026-08-26,Hotel Booking,Travel,410.81,Cash,False
22,high_earner,2026-08-27,McDonalds,Dining,1.0,Debit Card,False
22,high_earner,2026-08-27,Hotel Booking,Travel,160.09,Credit Card,False
22,high_earner,2026-08-29,Airline Co,Travel,199.84,Credit Card,False
22,high_earner,2026-08-29,Landlord Transfer,Rent,439.6,Mobile Wallet,False
22,high_earner,2026-08-29,AirBnB,Travel,271.78,Credit Card,False
23,high_earner,2026-03-05,Landlord Transfer,Rent,502.14,Mobile Wallet,False
23,high_earner,2026-03-05,Pharmacy,Healthcare,1.0,Credit Card,False
23,high_earner,2026-03-05,Amazon,Shopping,84.9,Cash,False
23,high_earner,2026-03-06,Daraz,Shopping,27.03,Debit Card,False
23,high_earner,2026-03-07,Landlord Transfer,Rent,380.21,Credit Card,False
23,high_earner,2026-03-08,Pharmacy,Healthcare,1.0,Cash,False
23,high_earner,2026-03-09,Local Mart,Groceries,40.8,Mobile Wallet,False
23,high_earner,2026-03-09,Steam,Entertainment,31.9,Cash,False
23,high_earner,2026-03-11,Landlord Transfer,Rent,598.58,Mobile Wallet,False
23,high_earner,2026-03-15,Hotel Booking,Travel,327.33,Cash,False
23,high_earner,2026-03-15,Gas Company,Utilities,67.93,Credit Card,False
23,high_earner,2026-03-16,Zara,Shopping,86.36,Cash,False
23,high_earner,2026-03-16,Cinema,Entertainment,12.11,Mobile Wallet,False
23,high_earner,2026-03-16,Airline Co,Travel,1.0,Cash,False
23,high_earner,2026-03-17,McDonalds,Dining,24.69,Debit Card,False
23,high_earner,2026-03-18,IKEA,Shopping,30.13,Debit Card,False
23,high_earner,2026-03-19,AirBnB,Travel,185.66,Debit Card,False
23,high_earner,2026-03-20,Local Mart,Groceries,46.07,Mobile Wallet,False
23,high_earner,2026-03-20,Amazon,Shopping,114.51,Debit Card,False
23,high_earner,2026-03-21,AirBnB,Travel,617.89,Mobile Wallet,False
23,high_earner,2026-03-21,Zara,Shopping,94.27,Debit Card,False
23,high_earner,2026-03-23,AirBnB,Travel,434.77,Credit Card,False
23,high_earner,2026-03-23,Daraz,Shopping,75.01,Mobile Wallet,False
23,high_earner,2026-03-24,Pharmacy,Healthcare,59.96,Cash,False
23,high_earner,2026-03-27,Steam,Entertainment,243.82,Debit Card,True
23,high_earner,2026-03-27,Local Mart,Groceries,35.12,Cash,False
23,high_earner,2026-03-28,Zara,Shopping,343.3,Mobile Wallet,True
23,high_earner,2026-03-29,Pizza Hut,Dining,7.88,Cash,False
23,high_earner,2026-03-29,Spotify,Entertainment,17.61,Credit Card,False
23,high_earner,2026-03-29,Pizza Hut,Dining,14.04,Credit Card,False
23,high_earner,2026-03-30,Hotel Booking,Travel,232.09,Mobile Wallet,False
23,high_earner,2026-03-30,Cinema,Entertainment,17.06,Cash,False
23,high_earner,2026-03-30,Netflix,Entertainment,10.45,Credit Card,False
23,high_earner,2026-03-31,Local Cafe,Dining,1.0,Debit Card,False
23,high_earner,2026-03-31,Steam,Entertainment,19.88,Debit Card,False
23,high_earner,2026-03-31,Cinema,Entertainment,6.84,Debit Card,False
23,high_earner,2026-04-02,Pizza Hut,Dining,26.95,Mobile Wallet,False
23,high_earner,2026-04-02,Zara,Shopping,74.13,Credit Card,False
23,high_earner,2026-04-02,Hospital,Healthcare,36.01,Credit Card,False
23,high_earner,2026-04-03,Gas Company,Utilities,47.29,Credit Card,False
23,high_earner,2026-04-04,Clinic,Healthcare,6.1,Cash,False
23,high_earner,2026-04-05,Netflix,Entertainment,24.97,Credit Card,False
23,high_earner,2026-04-06,IKEA,Shopping,50.23,Cash,False
23,high_earner,2026-04-07,McDonalds,Dining,19.03,Mobile Wallet,False
23,high_earner,2026-04-08,Zara,Shopping,26.51,Credit Card,False
23,high_earner,2026-04-09,Landlord Transfer,Rent,429.79,Cash,False
23,high_earner,2026-04-10,Water Board,Utilities,90.05,Cash,False
23,high_earner,2026-04-10,Pizza Hut,Dining,29.93,Debit Card,False
23,high_earner,2026-04-11,McDonalds,Dining,8.93,Cash,False
23,high_earner,2026-04-11,Clinic,Healthcare,15.22,Debit Card,False
23,high_earner,2026-04-13,Gas Company,Utilities,60.08,Credit Card,False
23,high_earner,2026-04-14,Pizza Hut,Dining,27.38,Debit Card,False
23,high_earner,2026-04-15,Amazon,Shopping,63.38,Mobile Wallet,False
23,high_earner,2026-04-15,Hotel Booking,Travel,102.75,Debit Card,False
23,high_earner,2026-04-16,IKEA,Shopping,1.0,Mobile Wallet,False
23,high_earner,2026-04-17,IKEA,Shopping,129.32,Credit Card,False
23,high_earner,2026-04-17,Hospital,Healthcare,20.84,Cash,False
23,high_earner,2026-04-17,AirBnB,Travel,1.0,Cash,False
23,high_earner,2026-04-17,Airline Co,Travel,47.11,Mobile Wallet,False
23,high_earner,2026-04-18,Hospital,Healthcare,38.96,Debit Card,False
23,high_earner,2026-04-20,Spotify,Entertainment,1.0,Cash,False
23,high_earner,2026-04-20,Airline Co,Travel,1.0,Mobile Wallet,False
23,high_earner,2026-04-21,Landlord Transfer,Rent,509.8,Cash,False
23,high_earner,2026-04-22,Cinema,Entertainment,25.06,Credit Card,False
23,high_earner,2026-04-22,Landlord Transfer,Rent,581.89,Mobile Wallet,False
23,high_earner,2026-04-23,Spotify,Entertainment,12.02,Mobile Wallet,False
23,high_earner,2026-04-23,Hotel Booking,Travel,320.73,Credit Card,False
23,high_earner,2026-04-24,Landlord Transfer,Rent,459.69,Mobile Wallet,False
23,high_earner,2026-04-24,Hospital,Healthcare,37.63,Cash,False
23,high_earner,2026-04-25,Steam,Entertainment,1.0,Cash,False
23,high_earner,2026-04-25,Local Cafe,Dining,14.5,Mobile Wallet,False
23,high_earner,2026-04-27,Hotel Booking,Travel,334.02,Mobile Wallet,False
23,high_earner,2026-04-28,IKEA,Shopping,34.2,Credit Card,False
23,high_earner,2026-04-28,AirBnB,Travel,213.11,Credit Card,False
23,high_earner,2026-04-28,Local Cafe,Dining,24.4,Credit Card,False
23,high_earner,2026-04-28,Airline Co,Travel,178.87,Cash,False
23,high_earner,2026-04-30,Daraz,Shopping,73.27,Cash,False
23,high_earner,2026-04-30,Water Board,Utilities,99.65,Cash,False
23,high_earner,2026-04-30,Electric Co,Utilities,107.85,Mobile Wallet,False
23,high_earner,2026-05-01,Water Board,Utilities,41.95,Mobile Wallet,False
23,high_earner,2026-05-01,AirBnB,Travel,463.85,Credit Card,False
23,high_earner,2026-05-02,Dental Care,Healthcare,86.55,Mobile Wallet,False
23,high_earner,2026-05-02,Pharmacy,Healthcare,1.0,Credit Card,False
23,high_earner,2026-05-02,Airline Co,Travel,311.98,Cash,False
23,high_earner,2026-05-03,AirBnB,Travel,272.9,Credit Card,False
23,high_earner,2026-05-03,Local Mart,Groceries,54.27,Credit Card,False
23,high_earner,2026-05-04,Zara,Shopping,1.0,Mobile Wallet,False
23,high_earner,2026-05-05,Zara,Shopping,77.08,Credit Card,False
23,high_earner,2026-05-06,Amazon,Shopping,77.77,Credit Card,False
23,high_earner,2026-05-08,Carrefour,Groceries,175.29,Mobile Wallet,True
23,high_earner,2026-05-10,Starbucks,Dining,33.21,Debit Card,False
23,high_earner,2026-05-11,AirBnB,Travel,343.04,Debit Card,False
23,high_earner,2026-05-12,Hotel Booking,Travel,111.18,Cash,False
23,high_earner,2026-05-12,Amazon,Shopping,47.06,Mobile Wallet,False
23,high_earner,2026-05-12,AirBnB,Travel,49.62,Debit Card,False
23,high_earner,2026-05-13,Airline Co,Travel,152.19,Credit Card,False
23,high_earner,2026-05-15,Amazon,Shopping,7.74,Debit Card,False
23,high_earner,2026-05-16,Walmart,Groceries,43.4,Credit Card,False
23,high_earner,2026-05-16,Landlord Transfer,Rent,487.19,Debit Card,False
23,high_earner,2026-05-17,Amazon,Shopping,122.32,Mobile Wallet,False
23,high_earner,2026-05-17,Netflix,Entertainment,21.52,Mobile Wallet,False
23,high_earner,2026-05-19,Hotel Booking,Travel,406.59,Credit Card,False
23,high_earner,2026-05-20,Amazon,Shopping,3.01,Cash,False
23,high_earner,2026-05-20,Steam,Entertainment,11.64,Mobile Wallet,False
23,high_earner,2026-05-23,Airline Co,Travel,1.0,Debit Card,False
23,high_earner,2026-05-23,Zara,Shopping,75.38,Mobile Wallet,False
23,high_earner,2026-05-25,Amazon,Shopping,108.69,Mobile Wallet,False
23,high_earner,2026-05-26,Landlord Transfer,Rent,571.65,Credit Card,False
23,high_earner,2026-05-27,Carrefour,Groceries,27.52,Debit Card,False
23,high_earner,2026-05-27,Starbucks,Dining,22.65,Debit Card,False
23,high_earner,2026-06-01,Daraz,Shopping,64.12,Mobile Wallet,False
23,high_earner,2026-06-02,Fresh Foods,Groceries,38.25,Cash,False
23,high_earner,2026-06-03,Internet ISP,Utilities,46.66,Credit Card,False
23,high_earner,2026-06-04,Steam,Entertainment,13.77,Cash,False
23,high_earner,2026-06-04,AirBnB,Travel,303.66,Cash,False
23,high_earner,2026-06-07,IKEA,Shopping,98.2,Mobile Wallet,False
23,high_earner,2026-06-08,McDonalds,Dining,6.25,Mobile Wallet,False
23,high_earner,2026-06-08,IKEA,Shopping,47.73,Mobile Wallet,False
23,high_earner,2026-06-08,Airline Co,Travel,1.0,Credit Card,False
23,high_earner,2026-06-09,Cinema,Entertainment,17.46,Mobile Wallet,False
23,high_earner,2026-06-09,Airline Co,Travel,364.76,Mobile Wallet,False
23,high_earner,2026-06-09,McDonalds,Dining,21.98,Cash,False
23,high_earner,2026-06-11,Netflix,Entertainment,22.55,Mobile Wallet,False
23,high_earner,2026-06-11,Walmart,Groceries,68.79,Cash,False
23,high_earner,2026-06-13,Clinic,Healthcare,30.27,Mobile Wallet,False
23,high_earner,2026-06-14,AirBnB,Travel,531.99,Mobile Wallet,False
23,high_earner,2026-06-15,Zara,Shopping,63.2,Credit Card,False
23,high_earner,2026-06-15,Airline Co,Travel,162.32,Cash,False
23,high_earner,2026-06-16,Daraz,Shopping,58.31,Cash,False
23,high_earner,2026-06-16,Gas Company,Utilities,77.86,Credit Card,False
23,high_earner,2026-06-17,Water Board,Utilities,62.95,Debit Card,False
23,high_earner,2026-06-17,Pizza Hut,Dining,16.39,Cash,False
23,high_earner,2026-06-18,Hotel Booking,Travel,128.84,Debit Card,False
23,high_earner,2026-06-19,Zara,Shopping,20.71,Cash,False
23,high_earner,2026-06-20,Hotel Booking,Travel,40.1,Credit Card,False
23,high_earner,2026-06-21,Landlord Transfer,Rent,413.15,Mobile Wallet,False
23,high_earner,2026-06-24,Landlord Transfer,Rent,667.37,Debit Card,False
23,high_earner,2026-06-24,Zara,Shopping,1.0,Debit Card,False
23,high_earner,2026-06-25,Cinema,Entertainment,1.0,Cash,False
23,high_earner,2026-06-26,AirBnB,Travel,136.21,Mobile Wallet,False
23,high_earner,2026-06-27,Landlord Transfer,Rent,583.78,Credit Card,False
23,high_earner,2026-07-02,Electric Co,Utilities,2.12,Debit Card,False
23,high_earner,2026-07-03,Landlord Transfer,Rent,619.28,Credit Card,False
23,high_earner,2026-07-03,McDonalds,Dining,39.51,Mobile Wallet,False
23,high_earner,2026-07-04,Dental Care,Healthcare,47.86,Cash,False
23,high_earner,2026-07-04,Spotify,Entertainment,25.89,Debit Card,False
23,high_earner,2026-07-04,McDonalds,Dining,9.51,Debit Card,False
23,high_earner,2026-07-05,Steam,Entertainment,5.53,Mobile Wallet,False
23,high_earner,2026-07-06,Landlord Transfer,Rent,564.01,Credit Card,False
23,high_earner,2026-07-06,Zara,Shopping,36.7,Credit Card,False
23,high_earner,2026-07-09,Netflix,Entertainment,1.99,Credit Card,False
23,high_earner,2026-07-10,Local Cafe,Dining,35.42,Cash,False
23,high_earner,2026-07-11,Netflix,Entertainment,22.85,Debit Card,False
23,high_earner,2026-07-11,Local Mart,Groceries,22.98,Credit Card,False
23,high_earner,2026-07-13,Local Cafe,Dining,20.87,Mobile Wallet,False
23,high_earner,2026-07-13,Landlord Transfer,Rent,517.43,Debit Card,False
23,high_earner,2026-07-13,Daraz,Shopping,45.87,Cash,False
23,high_earner,2026-07-14,IKEA,Shopping,9.09,Mobile Wallet,False
23,high_earner,2026-07-14,Zara,Shopping,6.28,Debit Card,False
23,high_earner,2026-07-15,Spotify,Entertainment,3.52,Debit Card,False
23,high_earner,2026-07-20,Landlord Transfer,Rent,560.96,Debit Card,False
23,high_earner,2026-07-20,Walmart,Groceries,51.2,Credit Card,False
23,high_earner,2026-07-21,AirBnB,Travel,239.8,Credit Card,False
23,high_earner,2026-07-22,Landlord Transfer,Rent,383.65,Credit Card,False
23,high_earner,2026-07-22,Daraz,Shopping,48.28,Credit Card,False
23,high_earner,2026-07-24,Local Mart,Groceries,61.05,Mobile Wallet,False
23,high_earner,2026-07-24,Amazon,Shopping,72.06,Cash,False
23,high_earner,2026-07-25,Daraz,Shopping,15.79,Mobile Wallet,False
23,high_earner,2026-07-26,Airline Co,Travel,190.2,Debit Card,False
23,high_earner,2026-07-26,AirBnB,Travel,141.93,Mobile Wallet,False
23,high_earner,2026-07-27,Zara,Shopping,41.55,Cash,False
23,high_earner,2026-07-27,AirBnB,Travel,393.49,Debit Card,False
23,high_earner,2026-07-28,McDonalds,Dining,1.0,Mobile Wallet,False
23,high_earner,2026-07-28,IKEA,Shopping,135.47,Mobile Wallet,False
23,high_earner,2026-07-29,Landlord Transfer,Rent,417.71,Credit Card,False
23,high_earner,2026-07-29,Airline Co,Travel,180.05,Cash,False
23,high_earner,2026-07-30,Amazon,Shopping,58.73,Credit Card,False
23,high_earner,2026-07-30,Local Cafe,Dining,12.19,Debit Card,False
23,high_earner,2026-07-30,Walmart,Groceries,53.52,Cash,False
23,high_earner,2026-07-30,Airline Co,Travel,91.48,Debit Card,False
23,high_earner,2026-08-01,Landlord Transfer,Rent,180.07,Cash,False
23,high_earner,2026-08-01,Local Cafe,Dining,1.57,Cash,False
23,high_earner,2026-08-03,Walmart,Groceries,34.53,Debit Card,False
23,high_earner,2026-08-05,Hospital,Healthcare,1.0,Credit Card,False
23,high_earner,2026-08-05,Carrefour,Groceries,40.43,Cash,False
23,high_earner,2026-08-06,Landlord Transfer,Rent,266.6,Credit Card,False
23,high_earner,2026-08-06,Netflix,Entertainment,22.05,Mobile Wallet,False
23,high_earner,2026-08-06,Hotel Booking,Travel,18.22,Credit Card,False
23,high_earner,2026-08-09,Airline Co,Travel,1.0,Cash,False
23,high_earner,2026-08-09,Landlord Transfer,Rent,391.3,Cash,False
23,high_earner,2026-08-12,Daraz,Shopping,63.52,Cash,False
23,high_earner,2026-08-12,Amazon,Shopping,96.98,Debit Card,False
23,high_earner,2026-08-13,Landlord Transfer,Rent,367.65,Cash,False
23,high_earner,2026-08-13,Amazon,Shopping,99.54,Debit Card,False
23,high_earner,2026-08-14,Landlord Transfer,Rent,707.13,Credit Card,False
23,high_earner,2026-08-14,Electric Co,Utilities,69.9,Cash,False
23,high_earner,2026-08-15,Amazon,Shopping,33.03,Mobile Wallet,False
23,high_earner,2026-08-15,Netflix,Entertainment,6.82,Mobile Wallet,False
23,high_earner,2026-08-16,Water Board,Utilities,19.33,Cash,False
23,high_earner,2026-08-17,Landlord Transfer,Rent,559.45,Credit Card,False
23,high_earner,2026-08-19,Airline Co,Travel,15.69,Mobile Wallet,False
23,high_earner,2026-08-19,Daraz,Shopping,40.08,Cash,False
23,high_earner,2026-08-21,Fresh Foods,Groceries,22.83,Mobile Wallet,False
23,high_earner,2026-08-21,Zara,Shopping,19.03,Debit Card,False
23,high_earner,2026-08-22,Walmart,Groceries,56.56,Credit Card,False
23,high_earner,2026-08-22,Airline Co,Travel,340.21,Debit Card,False
23,high_earner,2026-08-22,Landlord Transfer,Rent,522.46,Credit Card,False
23,high_earner,2026-08-24,Local Cafe,Dining,21.04,Credit Card,False
23,high_earner,2026-08-24,Hotel Booking,Travel,437.93,Mobile Wallet,False
23,high_earner,2026-08-26,Landlord Transfer,Rent,391.81,Mobile Wallet,False
23,high_earner,2026-08-26,Fresh Foods,Groceries,25.71,Debit Card,False
23,high_earner,2026-08-28,Landlord Transfer,Rent,678.91,Mobile Wallet,False
23,high_earner,2026-08-29,Airline Co,Travel,132.21,Cash,False
23,high_earner,2026-08-29,Cinema,Entertainment,4.66,Debit Card,False
23,high_earner,2026-08-29,Hotel Booking,Travel,75.16,Mobile Wallet,False
23,high_earner,2026-08-30,Airline Co,Travel,314.81,Debit Card,False
23,high_earner,2026-08-31,Water Board,Utilities,56.1,Credit Card,False
24,student,2026-03-07,Careem,Transport,5.44,Mobile Wallet,False
24,student,2026-03-07,McDonalds,Dining,24.03,Credit Card,False
24,student,2026-03-07,Spotify,Entertainment,29.93,Credit Card,False
24,student,2026-03-09,McDonalds,Dining,25.21,Credit Card,False
24,student,2026-03-09,Starbucks,Dining,34.74,Mobile Wallet,False
24,student,2026-03-10,Carrefour,Groceries,43.25,Cash,False
24,student,2026-03-10,McDonalds,Dining,8.92,Cash,False
24,student,2026-03-10,Zara,Shopping,68.9,Debit Card,False
24,student,2026-03-12,Local Mart,Groceries,43.25,Debit Card,False
24,student,2026-03-13,Tuition Center,Education,52.72,Mobile Wallet,False
24,student,2026-03-13,Walmart,Groceries,28.59,Credit Card,False
24,student,2026-03-14,Pharmacy,Healthcare,42.57,Cash,False
24,student,2026-03-15,Spotify,Entertainment,13.61,Mobile Wallet,False
24,student,2026-03-16,Pizza Hut,Dining,35.65,Debit Card,False
24,student,2026-03-16,Dental Care,Healthcare,48.9,Cash,False
24,student,2026-03-17,Shell Gas,Transport,17.52,Cash,False
24,student,2026-03-17,Careem,Transport,7.99,Cash,False
24,student,2026-03-19,Bookstore,Education,4.48,Credit Card,False
24,student,2026-03-20,Walmart,Groceries,29.38,Cash,False
24,student,2026-03-20,Local Cafe,Dining,32.0,Mobile Wallet,False
24,student,2026-03-20,Pizza Hut,Dining,25.73,Credit Card,False
24,student,2026-03-21,Starbucks,Dining,1.75,Debit Card,False
24,student,2026-03-21,Water Board,Utilities,39.59,Cash,False
24,student,2026-03-21,Carrefour,Groceries,27.76,Credit Card,False
24,student,2026-03-21,Pizza Hut,Dining,29.98,Debit Card,False
24,student,2026-03-22,Amazon,Shopping,43.28,Debit Card,False
24,student,2026-03-22,Fresh Foods,Groceries,39.36,Mobile Wallet,False
24,student,2026-03-23,Netflix,Entertainment,5.15,Credit Card,True
24,student,2026-03-23,Local Mart,Groceries,57.09,Cash,False
24,student,2026-03-24,Metro Card,Transport,9.55,Cash,False
24,student,2026-03-24,Uber,Transport,15.13,Credit Card,False
24,student,2026-03-30,Bookstore,Education,3.8,Mobile Wallet,False
24,student,2026-03-31,Metro Card,Transport,8.21,Credit Card,False
24,student,2026-03-31,Local Cafe,Dining,22.99,Mobile Wallet,False
24,student,2026-04-01,Local Cafe,Dining,8.25,Credit Card,False
24,student,2026-04-02,Starbucks,Dining,33.57,Debit Card,False
24,student,2026-04-04,Fresh Foods,Groceries,27.65,Debit Card,False
24,student,2026-04-05,Metro Card,Transport,6.28,Credit Card,False
24,student,2026-04-05,Cinema,Entertainment,20.82,Credit Card,False
24,student,2026-04-06,Pizza Hut,Dining,4.62,Credit Card,False
24,student,2026-04-06,Pizza Hut,Dining,22.02,Cash,False
24,student,2026-04-09,Carrefour,Groceries,42.7,Credit Card,False
24,student,2026-04-09,Zara,Shopping,40.41,Mobile Wallet,False
24,student,2026-04-10,Steam,Entertainment,8.02,Credit Card,False
24,student,2026-04-10,Udemy,Education,1.0,Mobile Wallet,False
24,student,2026-04-11,Shell Gas,Transport,7.83,Mobile Wallet,False
24,student,2026-04-11,Fresh Foods,Groceries,50.99,Cash,False
24,student,2026-04-12,Carrefour,Groceries,17.03,Mobile Wallet,False
24,student,2026-04-12,Fresh Foods,Groceries,18.43,Debit Card,False
24,student,2026-04-12,Spotify,Entertainment,12.44,Credit Card,False
24,student,2026-04-13,Local Mart,Groceries,42.3,Cash,False
24,student,2026-04-14,Amazon,Shopping,32.09,Debit Card,False
24,student,2026-04-16,Cinema,Entertainment,13.95,Cash,False
24,student,2026-04-16,IKEA,Shopping,29.1,Credit Card,False
24,student,2026-04-21,Internet ISP,Utilities,32.88,Cash,False
24,student,2026-04-24,Hospital,Healthcare,20.38,Cash,False
24,student,2026-04-25,Netflix,Entertainment,1.0,Credit Card,False
24,student,2026-04-26,Pizza Hut,Dining,14.61,Cash,False
24,student,2026-04-30,Zara,Shopping,19.03,Debit Card,False
24,student,2026-05-01,Steam,Entertainment,21.1,Mobile Wallet,False
24,student,2026-05-01,Netflix,Entertainment,20.19,Mobile Wallet,False
24,student,2026-05-02,Amazon,Shopping,1.0,Mobile Wallet,False
24,student,2026-05-02,Netflix,Entertainment,15.62,Cash,False
24,student,2026-05-03,Local Cafe,Dining,17.39,Debit Card,False
24,student,2026-05-03,IKEA,Shopping,138.06,Credit Card,False
24,student,2026-05-04,Netflix,Entertainment,6.82,Cash,False
24,student,2026-05-04,Pizza Hut,Dining,11.85,Credit Card,False
24,student,2026-05-05,Steam,Entertainment,25.61,Debit Card,False
24,student,2026-05-06,Cinema,Entertainment,9.3,Cash,False
24,student,2026-05-07,Zara,Shopping,43.52,Mobile Wallet,False
24,student,2026-05-07,Daraz,Shopping,36.6,Debit Card,False
24,student,2026-05-09,Starbucks,Dining,25.35,Debit Card,False
24,student,2026-05-10,McDonalds,Dining,19.02,Debit Card,False
24,student,2026-05-11,McDonalds,Dining,15.32,Credit Card,False
24,student,2026-05-13,Daraz,Shopping,40.01,Mobile Wallet,False
24,student,2026-05-14,Pizza Hut,Dining,26.65,Credit Card,False
24,student,2026-05-16,Carrefour,Groceries,27.89,Credit Card,False
24,student,2026-05-17,Internet ISP,Utilities,53.33,Cash,False
24,student,2026-05-19,McDonalds,Dining,23.56,Cash,False
24,student,2026-05-19,Uber,Transport,9.53,Debit Card,False
24,student,2026-05-20,Cinema,Entertainment,20.41,Credit Card,False
24,student,2026-05-20,Uber,Transport,26.12,Mobile Wallet,False
24,student,2026-05-21,Udemy,Education,51.95,Credit Card,False
24,student,2026-05-21,Spotify,Entertainment,2.68,Debit Card,False
24,student,2026-05-23,Cinema,Entertainment,11.96,Cash,False
24,student,2026-05-23,Local Cafe,Dining,21.19,Credit Card,False
24,student,2026-05-23,Tuition Center,Education,1.0,Cash,False
24,student,2026-05-26,Starbucks,Dining,9.13,Credit Card,False
24,student,2026-05-27,Shell Gas,Transport,9.79,Cash,False
24,student,2026-05-27,Bookstore,Education,56.89,Mobile Wallet,False
24,student,2026-05-27,Pizza Hut,Dining,13.12,Mobile Wallet,False
24,student,2026-05-28,Shell Gas,Transport,7.89,Credit Card,False
24,student,2026-05-29,Coursera,Education,27.65,Cash,False
24,student,2026-05-30,Amazon,Shopping,42.09,Cash,False
24,student,2026-05-31,Daraz,Shopping,25.1,Credit Card,False
24,student,2026-06-02,Walmart,Groceries,23.83,Debit Card,False
24,student,2026-06-03,Internet ISP,Utilities,65.06,Cash,False
24,student,2026-06-03,Starbucks,Dining,33.98,Mobile Wallet,False
24,student,2026-06-04,Electric Co,Utilities,54.77,Debit Card,False
24,student,2026-06-05,Local Cafe,Dining,29.63,Credit Card,False
24,student,2026-06-06,McDonalds,Dining,1.0,Debit Card,False
24,student,2026-06-06,Tuition Center,Education,28.12,Credit Card,False
24,student,2026-06-07,Uber,Transport,11.26,Mobile Wallet,False
24,student,2026-06-07,Fresh Foods,Groceries,33.8,Cash,False
24,student,2026-06-08,Pizza Hut,Dining,24.55,Debit Card,False
24,student,2026-06-08,Shell Gas,Transport,1.0,Debit Card,False
24,student,2026-06-09,Shell Gas,Transport,5.14,Debit Card,False
24,student,2026-06-11,Shell Gas,Transport,10.44,Debit Card,False
24,student,2026-06-11,Tuition Center,Education,23.27,Cash,False
24,student,2026-06-11,Electric Co,Utilities,47.01,Debit Card,False
24,student,2026-06-12,Fresh Foods,Groceries,38.59,Mobile Wallet,False
24,student,2026-06-13,Cinema,Entertainment,21.36,Credit Card,False
24,student,2026-06-15,Cinema,Entertainment,13.27,Credit Card,False
24,student,2026-06-16,Pizza Hut,Dining,17.92,Mobile Wallet,False
24,student,2026-06-17,Starbucks,Dining,21.42,Mobile Wallet,False
24,student,2026-06-18,Steam,Entertainment,23.95,Debit Card,False
24,student,2026-06-18,Careem,Transport,6.88,Debit Card,False
24,student,2026-06-19,Gas Company,Utilities,66.13,Debit Card,False
24,student,2026-06-20,Pizza Hut,Dining,19.67,Cash,False
24,student,2026-06-20,Cinema,Entertainment,7.68,Cash,False
24,student,2026-06-22,Netflix,Entertainment,15.67,Credit Card,False
24,student,2026-06-22,Fresh Foods,Groceries,1.0,Mobile Wallet,False
24,student,2026-06-24,Carrefour,Groceries,16.15,Mobile Wallet,False
24,student,2026-06-26,Carrefour,Groceries,50.33,Debit Card,False
24,student,2026-06-26,Steam,Entertainment,23.15,Credit Card,False
24,student,2026-06-26,Carrefour,Groceries,42.52,Credit Card,False
24,student,2026-06-26,Fresh Foods,Groceries,64.44,Cash,False
24,student,2026-06-27,Local Cafe,Dining,16.02,Credit Card,False
24,student,2026-06-29,Spotify,Entertainment,12.92,Credit Card,False
24,student,2026-06-30,Fresh Foods,Groceries,51.49,Credit Card,False
24,student,2026-06-30,Starbucks,Dining,7.39,Credit Card,False
24,student,2026-06-30,Spotify,Entertainment,29.74,Mobile Wallet,False
24,student,2026-07-01,Local Cafe,Dining,27.31,Cash,False
24,student,2026-07-02,Careem,Transport,14.49,Mobile Wallet,False
24,student,2026-07-02,Carrefour,Groceries,43.87,Cash,False
24,student,2026-07-03,Udemy,Education,39.34,Cash,False
24,student,2026-07-04,Local Mart,Groceries,32.67,Credit Card,False
24,student,2026-07-04,McDonalds,Dining,15.18,Credit Card,False
24,student,2026-07-05,Bookstore,Education,45.8,Mobile Wallet,False
24,student,2026-07-05,Fresh Foods,Groceries,27.89,Mobile Wallet,False
24,student,2026-07-06,Tuition Center,Education,43.94,Cash,False
24,student,2026-07-07,Metro Card,Transport,10.57,Debit Card,False
24,student,2026-07-07,Starbucks,Dining,32.29,Credit Card,False
24,student,2026-07-07,Careem,Transport,18.24,Credit Card,False
24,student,2026-07-09,Zara,Shopping,103.08,Mobile Wallet,False
24,student,2026-07-09,IKEA,Shopping,66.03,Cash,False
24,student,2026-07-10,Tuition Center,Education,39.0,Debit Card,False
24,student,2026-07-11,Pizza Hut,Dining,8.15,Credit Card,False
24,student,2026-07-11,Careem,Transport,15.75,Cash,False
24,student,2026-07-11,Fresh Foods,Groceries,41.58,Cash,False
24,student,2026-07-12,Netflix,Entertainment,11.88,Mobile Wallet,False
24,student,2026-07-12,Bookstore,Education,80.76,Cash,False
24,student,2026-07-14,Dental Care,Healthcare,44.56,Cash,False
24,student,2026-07-14,Starbucks,Dining,7.04,Debit Card,False
24,student,2026-07-14,Udemy,Education,28.85,Debit Card,False
24,student,2026-07-17,Steam,Entertainment,37.23,Cash,False
24,student,2026-07-17,Zara,Shopping,23.26,Credit Card,False
24,student,2026-07-17,Pizza Hut,Dining,15.66,Cash,False
24,student,2026-07-18,Careem,Transport,14.71,Credit Card,False
24,student,2026-07-18,Zara,Shopping,107.75,Cash,False
24,student,2026-07-18,Fresh Foods,Groceries,15.94,Mobile Wallet,False
24,student,2026-07-19,Carrefour,Groceries,34.4,Debit Card,False
24,student,2026-07-20,Pizza Hut,Dining,28.72,Cash,False
24,student,2026-07-21,McDonalds,Dining,33.54,Debit Card,False
24,student,2026-07-23,Cinema,Entertainment,9.77,Debit Card,False
24,student,2026-07-24,Netflix,Entertainment,7.7,Debit Card,False
24,student,2026-07-25,Careem,Transport,15.56,Credit Card,False
24,student,2026-07-25,Electric Co,Utilities,84.35,Debit Card,False
24,student,2026-07-26,Netflix,Entertainment,14.78,Mobile Wallet,False
24,student,2026-07-27,Pharmacy,Healthcare,25.38,Cash,False
24,student,2026-07-27,Carrefour,Groceries,60.69,Cash,False
24,student,2026-07-29,Steam,Entertainment,1.0,Mobile Wallet,False
24,student,2026-07-30,Careem,Transport,20.53,Mobile Wallet,False
24,student,2026-07-31,Local Mart,Groceries,37.83,Credit Card,False
24,student,2026-08-01,Netflix,Entertainment,16.81,Mobile Wallet,False
24,student,2026-08-01,Metro Card,Transport,16.17,Mobile Wallet,False
24,student,2026-08-02,Shell Gas,Transport,26.39,Credit Card,False
24,student,2026-08-02,Careem,Transport,13.61,Cash,False
24,student,2026-08-03,Walmart,Groceries,56.69,Cash,False
24,student,2026-08-05,McDonalds,Dining,7.52,Debit Card,False
24,student,2026-08-07,Amazon,Shopping,96.0,Cash,False
24,student,2026-08-09,Spotify,Entertainment,13.05,Cash,False
24,student,2026-08-11,Zara,Shopping,56.3,Mobile Wallet,False
24,student,2026-08-13,Uber,Transport,11.21,Cash,False
24,student,2026-08-15,Walmart,Groceries,58.88,Mobile Wallet,False
24,student,2026-08-17,McDonalds,Dining,23.91,Cash,False
24,student,2026-08-17,Coursera,Education,22.99,Credit Card,False
24,student,2026-08-18,McDonalds,Dining,23.61,Debit Card,False
24,student,2026-08-20,Spotify,Entertainment,26.8,Mobile Wallet,False
24,student,2026-08-21,Carrefour,Groceries,21.28,Debit Card,False
24,student,2026-08-22,Shell Gas,Transport,8.76,Mobile Wallet,False
24,student,2026-08-22,Careem,Transport,21.42,Mobile Wallet,False
24,student,2026-08-24,Spotify,Entertainment,5.72,Mobile Wallet,False
24,student,2026-08-24,Cinema,Entertainment,18.3,Debit Card,False
24,student,2026-08-25,Careem,Transport,1.0,Credit Card,False
24,student,2026-08-25,Coursera,Education,36.01,Credit Card,False
24,student,2026-08-26,Fresh Foods,Groceries,21.87,Credit Card,False
24,student,2026-08-29,Metro Card,Transport,6.69,Debit Card,False
24,student,2026-08-30,Daraz,Shopping,63.19,Credit Card,False
24,student,2026-08-30,Metro Card,Transport,20.57,Cash,False
24,student,2026-08-31,IKEA,Shopping,82.15,Debit Card,False
25,family,2026-03-06,Gas Company,Utilities,71.04,Debit Card,False
25,family,2026-03-08,Zara,Shopping,96.39,Debit Card,False
25,family,2026-03-08,Hospital,Healthcare,62.02,Mobile Wallet,False
25,family,2026-03-12,Fresh Foods,Groceries,29.74,Mobile Wallet,False
25,family,2026-03-15,Local Mart,Groceries,42.99,Mobile Wallet,False
25,family,2026-03-15,Hospital,Healthcare,21.85,Credit Card,False
25,family,2026-03-16,Water Board,Utilities,96.84,Credit Card,False
25,family,2026-03-16,Local Mart,Groceries,31.63,Mobile Wallet,False
25,family,2026-03-18,Landlord Transfer,Rent,386.5,Cash,False
25,family,2026-03-18,Careem,Transport,18.67,Mobile Wallet,False
25,family,2026-03-21,Landlord Transfer,Rent,466.22,Debit Card,False
25,family,2026-03-23,Local Cafe,Dining,10.56,Cash,False
25,family,2026-03-23,Pharmacy,Healthcare,77.7,Cash,False
25,family,2026-03-23,Fresh Foods,Groceries,41.23,Debit Card,False
25,family,2026-03-24,Gas Company,Utilities,21.16,Mobile Wallet,False
25,family,2026-03-24,IKEA,Shopping,47.62,Debit Card,False
25,family,2026-03-24,Uber,Transport,17.42,Cash,False
25,family,2026-03-24,Pizza Hut,Dining,33.96,Debit Card,False
25,family,2026-03-25,Metro Card,Transport,7.64,Credit Card,False
25,family,2026-03-27,Internet ISP,Utilities,45.58,Cash,False
25,family,2026-03-27,Internet ISP,Utilities,66.22,Mobile Wallet,False
25,family,2026-03-27,Gas Company,Utilities,63.71,Mobile Wallet,False
25,family,2026-03-28,Gas Company,Utilities,30.6,Mobile Wallet,False
25,family,2026-03-28,Pizza Hut,Dining,12.31,Credit Card,False
25,family,2026-03-30,Local Mart,Groceries,41.95,Mobile Wallet,False
25,family,2026-03-31,Clinic,Healthcare,8.9,Cash,False
25,family,2026-04-01,Amazon,Shopping,111.76,Cash,False
25,family,2026-04-02,Dental Care,Healthcare,1.56,Mobile Wallet,False
25,family,2026-04-02,Daraz,Shopping,82.19,Debit Card,False
25,family,2026-04-02,Water Board,Utilities,68.36,Credit Card,False
25,family,2026-04-04,Local Mart,Groceries,41.33,Debit Card,False
25,family,2026-04-07,Pharmacy,Healthcare,1.0,Credit Card,False
25,family,2026-04-07,Dental Care,Healthcare,18.6,Credit Card,False
25,family,2026-04-07,Local Mart,Groceries,45.78,Cash,False
25,family,2026-04-07,Amazon,Shopping,44.2,Credit Card,False
25,family,2026-04-07,Daraz,Shopping,68.48,Cash,False
25,family,2026-04-08,Starbucks,Dining,33.79,Debit Card,False
25,family,2026-04-08,Local Cafe,Dining,14.67,Debit Card,False
25,family,2026-04-08,Internet ISP,Utilities,83.56,Debit Card,False
25,family,2026-04-08,Local Mart,Groceries,80.08,Cash,False
25,family,2026-04-09,Landlord Transfer,Rent,411.23,Debit Card,False
25,family,2026-04-09,Carrefour,Groceries,43.18,Credit Card,False
25,family,2026-04-09,Pharmacy,Healthcare,49.01,Credit Card,False
25,family,2026-04-10,Pharmacy,Healthcare,92.19,Mobile Wallet,False
25,family,2026-04-11,Fresh Foods,Groceries,6.71,Credit Card,False
25,family,2026-04-11,Daraz,Shopping,106.08,Cash,False
25,family,2026-04-11,Pizza Hut,Dining,13.54,Credit Card,False
25,family,2026-04-11,Carrefour,Groceries,64.5,Debit Card,False
25,family,2026-04-13,Pharmacy,Healthcare,3.76,Cash,False
25,family,2026-04-13,Pharmacy,Healthcare,58.85,Mobile Wallet,False
25,family,2026-04-13,Fresh Foods,Groceries,56.77,Debit Card,False
25,family,2026-04-13,Landlord Transfer,Rent,507.36,Credit Card,False
25,family,2026-04-14,Electric Co,Utilities,44.31,Credit Card,False
25,family,2026-04-14,Fresh Foods,Groceries,12.04,Credit Card,False
25,family,2026-04-14,Walmart,Groceries,59.69,Debit Card,False
25,family,2026-04-15,Walmart,Groceries,40.44,Mobile Wallet,False
25,family,2026-04-16,Daraz,Shopping,130.5,Cash,False
25,family,2026-04-16,Local Mart,Groceries,39.53,Mobile Wallet,False
25,family,2026-04-18,Pharmacy,Healthcare,22.52,Cash,False
25,family,2026-04-18,Local Mart,Groceries,75.37,Mobile Wallet,False
25,family,2026-04-21,Landlord Transfer,Rent,499.12,Credit Card,False
25,family,2026-04-23,Local Mart,Groceries,25.48,Mobile Wallet,False
25,family,2026-04-24,Fresh Foods,Groceries,111.28,Credit Card,True
25,family,2026-04-25,Careem,Transport,14.25,Mobile Wallet,False
25,family,2026-04-27,Zara,Shopping,15.42,Mobile Wallet,False
25,family,2026-04-27,Local Mart,Groceries,13.44,Debit Card,False
25,family,2026-04-29,Fresh Foods,Groceries,55.13,Credit Card,False
25,family,2026-04-29,Landlord Transfer,Rent,567.12,Mobile Wallet,False
25,family,2026-05-01,Internet ISP,Utilities,38.98,Credit Card,False
25,family,2026-05-02,Landlord Transfer,Rent,622.97,Debit Card,False
25,family,2026-05-04,Amazon,Shopping,38.49,Mobile Wallet,False
25,family,2026-05-06,Daraz,Shopping,96.55,Mobile Wallet,False
25,family,2026-05-06,Local Mart,Groceries,56.03,Mobile Wallet,False
25,family,2026-05-06,Amazon,Shopping,53.16,Cash,False
25,family,2026-05-06,Shell Gas,Transport,16.89,Debit Card,False
25,family,2026-05-07,Walmart,Groceries,21.13,Credit Card,False
25,family,2026-05-07,Clinic,Healthcare,67.89,Debit Card,False
25,family,2026-05-07,Local Cafe,Dining,30.7,Debit Card,False
25,family,2026-05-07,Pharmacy,Healthcare,4.08,Debit Card,False
25,family,2026-05-09,Dental Care,Healthcare,18.72,Mobile Wallet,False
25,family,2026-05-11,Carrefour,Groceries,33.87,Credit Card,False
25,family,2026-05-11,Local Cafe,Dining,32.69,Cash,False
25,family,2026-05-14,Dental Care,Healthcare,58.33,Cash,False
25,family,2026-05-15,Landlord Transfer,Rent,517.02,Debit Card,False
25,family,2026-05-19,Landlord Transfer,Rent,448.66,Cash,False
25,family,2026-05-19,IKEA,Shopping,43.59,Credit Card,False
25,family,2026-05-19,Local Mart,Groceries,24.03,Debit Card,False
25,family,2026-05-19,Gas Company,Utilities,52.45,Mobile Wallet,False
25,family,2026-05-20,Pizza Hut,Dining,28.61,Debit Card,False
25,family,2026-05-20,Zara,Shopping,14.95,Mobile Wallet,False
25,family,2026-05-21,Gas Company,Utilities,101.18,Credit Card,False
25,family,2026-05-21,Walmart,Groceries,37.54,Mobile Wallet,False
25,family,2026-05-21,McDonalds,Dining,22.26,Mobile Wallet,False
25,family,2026-05-22,Clinic,Healthcare,38.43,Credit Card,False
25,family,2026-05-24,Carrefour,Groceries,52.21,Credit Card,False
25,family,2026-05-25,Landlord Transfer,Rent,271.58,Debit Card,False
25,family,2026-05-25,Fresh Foods,Groceries,45.52,Credit Card,False
25,family,2026-05-26,Amazon,Shopping,65.35,Mobile Wallet,False
25,family,2026-05-27,Fresh Foods,Groceries,30.11,Debit Card,False
25,family,2026-05-29,Gas Company,Utilities,68.71,Debit Card,False
25,family,2026-05-30,IKEA,Shopping,77.01,Mobile Wallet,False
25,family,2026-05-30,McDonalds,Dining,16.33,Cash,False
25,family,2026-05-30,Landlord Transfer,Rent,486.99,Mobile Wallet,False
25,family,2026-05-30,Local Mart,Groceries,40.32,Cash,False
25,family,2026-05-31,Local Mart,Groceries,62.22,Cash,False
25,family,2026-05-31,Landlord Transfer,Rent,393.18,Debit Card,False
25,family,2026-06-01,Landlord Transfer,Rent,553.95,Debit Card,False
25,family,2026-06-01,Local Mart,Groceries,30.12,Cash,False
25,family,2026-06-02,Fresh Foods,Groceries,64.55,Mobile Wallet,False
25,family,2026-06-02,Daraz,Shopping,63.95,Cash,False
25,family,2026-06-03,Clinic,Healthcare,77.78,Debit Card,False
25,family,2026-06-03,Fresh Foods,Groceries,30.99,Credit Card,False
25,family,2026-06-04,Bookstore,Education,20.47,Mobile Wallet,False
25,family,2026-06-05,Starbucks,Dining,20.08,Debit Card,False
25,family,2026-06-06,Gas Company,Utilities,10.82,Credit Card,False
25,family,2026-06-06,McDonalds,Dining,17.25,Cash,False
25,family,2026-06-07,Water Board,Utilities,47.75,Debit Card,False
25,family,2026-06-08,Amazon,Shopping,124.36,Mobile Wallet,False
25,family,2026-06-09,Zara,Shopping,106.09,Credit Card,False
25,family,2026-06-10,Uber,Transport,2.19,Mobile Wallet,False
25,family,2026-06-10,Landlord Transfer,Rent,347.49,Credit Card,False
25,family,2026-06-11,Local Mart,Groceries,24.51,Debit Card,False
25,family,2026-06-12,Local Mart,Groceries,20.32,Credit Card,False
25,family,2026-06-12,Carrefour,Groceries,31.7,Cash,False
25,family,2026-06-13,Zara,Shopping,67.02,Mobile Wallet,False
25,family,2026-06-15,Local Mart,Groceries,75.04,Cash,False
25,family,2026-06-15,Local Cafe,Dining,21.58,Cash,False
25,family,2026-06-18,Careem,Transport,14.82,Credit Card,False
25,family,2026-06-18,Starbucks,Dining,1.0,Credit Card,False
25,family,2026-06-20,Daraz,Shopping,77.81,Cash,False
25,family,2026-06-21,Water Board,Utilities,75.1,Cash,False
25,family,2026-06-21,Landlord Transfer,Rent,421.09,Debit Card,False
25,family,2026-06-22,Fresh Foods,Groceries,40.96,Cash,False
25,family,2026-06-22,Zara,Shopping,128.35,Mobile Wallet,False
25,family,2026-06-23,Landlord Transfer,Rent,549.95,Debit Card,False
25,family,2026-06-23,Walmart,Groceries,32.43,Debit Card,False
25,family,2026-06-23,Carrefour,Groceries,23.22,Credit Card,False
25,family,2026-06-24,Carrefour,Groceries,12.77,Debit Card,False
25,family,2026-06-25,Carrefour,Groceries,50.44,Mobile Wallet,False
25,family,2026-06-27,Landlord Transfer,Rent,519.54,Cash,False
25,family,2026-06-27,Electric Co,Utilities,63.59,Credit Card,False
25,family,2026-07-01,Clinic,Healthcare,37.94,Mobile Wallet,False
25,family,2026-07-02,Fresh Foods,Groceries,65.63,Mobile Wallet,False
25,family,2026-07-02,Local Mart,Groceries,41.93,Cash,False
25,family,2026-07-03,Walmart,Groceries,50.32,Debit Card,False
25,family,2026-07-04,Fresh Foods,Groceries,30.89,Mobile Wallet,False
25,family,2026-07-05,Fresh Foods,Groceries,31.11,Mobile Wallet,False
25,family,2026-07-05,Internet ISP,Utilities,32.89,Cash,False
25,family,2026-07-05,Hospital,Healthcare,23.65,Credit Card,False
25,family,2026-07-05,Water Board,Utilities,40.03,Debit Card,False
25,family,2026-07-06,Internet ISP,Utilities,43.63,Debit Card,False
25,family,2026-07-06,Metro Card,Transport,10.15,Mobile Wallet,False
25,family,2026-07-06,Gas Company,Utilities,61.35,Cash,False
25,family,2026-07-07,Landlord Transfer,Rent,363.4,Mobile Wallet,False
25,family,2026-07-08,Zara,Shopping,52.48,Debit Card,False
25,family,2026-07-10,Walmart,Groceries,74.56,Cash,False
25,family,2026-07-12,Fresh Foods,Groceries,48.09,Cash,False
25,family,2026-07-14,Fresh Foods,Groceries,34.18,Debit Card,False
25,family,2026-07-15,Clinic,Healthcare,46.08,Mobile Wallet,False
25,family,2026-07-17,Local Mart,Groceries,43.57,Debit Card,False
25,family,2026-07-17,Pharmacy,Healthcare,27.35,Debit Card,False
25,family,2026-07-17,Fresh Foods,Groceries,38.74,Cash,False
25,family,2026-07-17,Clinic,Healthcare,34.09,Credit Card,False
25,family,2026-07-18,Local Mart,Groceries,51.17,Cash,False
25,family,2026-07-19,Walmart,Groceries,55.45,Cash,False
25,family,2026-07-20,Landlord Transfer,Rent,258.09,Credit Card,False
25,family,2026-07-21,Zara,Shopping,58.27,Credit Card,False
25,family,2026-07-21,Landlord Transfer,Rent,518.0,Mobile Wallet,False
25,family,2026-07-23,IKEA,Shopping,85.03,Credit Card,False
25,family,2026-07-23,Local Mart,Groceries,44.4,Cash,False
25,family,2026-07-24,Landlord Transfer,Rent,438.14,Credit Card,False
25,family,2026-07-24,Fresh Foods,Groceries,15.92,Mobile Wallet,False
25,family,2026-07-24,Fresh Foods,Groceries,26.32,Debit Card,False
25,family,2026-07-24,Fresh Foods,Groceries,63.43,Credit Card,False
25,family,2026-07-25,Walmart,Groceries,37.64,Cash,False
25,family,2026-07-25,Amazon,Shopping,100.18,Debit Card,False
25,family,2026-07-27,Carrefour,Groceries,48.36,Debit Card,False
25,family,2026-07-27,Walmart,Groceries,36.22,Mobile Wallet,False
25,family,2026-07-27,McDonalds,Dining,2.01,Credit Card,False
25,family,2026-07-27,Fresh Foods,Groceries,59.3,Credit Card,False
25,family,2026-07-28,Landlord Transfer,Rent,388.08,Credit Card,False
25,family,2026-07-28,Zara,Shopping,95.86,Debit Card,False
25,family,2026-07-29,Uber,Transport,20.1,Cash,False
25,family,2026-07-29,Landlord Transfer,Rent,566.58,Debit Card,False
25,family,2026-07-31,Local Mart,Groceries,66.23,Credit Card,False
25,family,2026-07-31,Gas Company,Utilities,75.58,Mobile Wallet,False
25,family,2026-07-31,Pharmacy,Healthcare,34.23,Credit Card,False
25,family,2026-08-01,Carrefour,Groceries,17.58,Debit Card,False
25,family,2026-08-01,Shell Gas,Transport,14.44,Credit Card,False
25,family,2026-08-01,Carrefour,Groceries,34.01,Mobile Wallet,False
25,family,2026-08-01,Walmart,Groceries,37.17,Cash,False
25,family,2026-08-02,Water Board,Utilities,48.41,Mobile Wallet,False
25,family,2026-08-02,Carrefour,Groceries,35.35,Credit Card,False
25,family,2026-08-03,Local Mart,Groceries,39.4,Cash,False
25,family,2026-08-03,Zara,Shopping,53.74,Credit Card,False
25,family,2026-08-04,Zara,Shopping,77.32,Mobile Wallet,False
25,family,2026-08-04,Amazon,Shopping,85.47,Mobile Wallet,False
25,family,2026-08-07,Uber,Transport,8.74,Credit Card,False
25,family,2026-08-07,Uber,Transport,1.0,Debit Card,False
25,family,2026-08-08,Pharmacy,Healthcare,21.96,Debit Card,False
25,family,2026-08-09,Landlord Transfer,Rent,579.27,Credit Card,False
25,family,2026-08-11,Carrefour,Groceries,43.71,Credit Card,False
25,family,2026-08-11,Clinic,Healthcare,48.14,Cash,False
25,family,2026-08-12,Dental Care,Healthcare,54.26,Credit Card,False
25,family,2026-08-13,Water Board,Utilities,46.46,Cash,False
25,family,2026-08-14,Carrefour,Groceries,39.57,Debit Card,False
25,family,2026-08-15,Zara,Shopping,36.09,Credit Card,False
25,family,2026-08-16,Fresh Foods,Groceries,16.11,Cash,False
25,family,2026-08-16,Daraz,Shopping,18.3,Cash,False
25,family,2026-08-16,Landlord Transfer,Rent,409.5,Cash,False
25,family,2026-08-17,Landlord Transfer,Rent,445.32,Debit Card,False
25,family,2026-08-17,Daraz,Shopping,34.99,Cash,False
25,family,2026-08-19,Carrefour,Groceries,20.91,Debit Card,False
25,family,2026-08-20,Zara,Shopping,14.39,Cash,False
25,family,2026-08-21,Fresh Foods,Groceries,59.59,Cash,False
25,family,2026-08-21,Amazon,Shopping,73.73,Mobile Wallet,False
25,family,2026-08-23,Internet ISP,Utilities,64.36,Cash,False
25,family,2026-08-23,Internet ISP,Utilities,78.34,Mobile Wallet,False
25,family,2026-08-23,Carrefour,Groceries,39.34,Credit Card,False
25,family,2026-08-24,Dental Care,Healthcare,82.52,Debit Card,False
25,family,2026-08-24,Clinic,Healthcare,1.0,Mobile Wallet,False
25,family,2026-08-24,Local Mart,Groceries,29.67,Cash,False
25,family,2026-08-25,Carrefour,Groceries,64.3,Cash,False
25,family,2026-08-27,Hospital,Healthcare,49.43,Credit Card,False
25,family,2026-08-28,Landlord Transfer,Rent,348.29,Cash,False
25,family,2026-08-29,Carrefour,Groceries,17.3,Mobile Wallet,False
25,family,2026-09-01,Local Mart,Groceries,43.79,Credit Card,False
25,family,2026-09-01,Uber,Transport,24.92,Debit Card,False
26,high_earner,2026-03-06,Clinic,Healthcare,34.82,Mobile Wallet,False
26,high_earner,2026-03-07,Local Mart,Groceries,49.58,Cash,False
26,high_earner,2026-03-08,IKEA,Shopping,29.07,Credit Card,False
26,high_earner,2026-03-08,Pizza Hut,Dining,19.53,Credit Card,False
26,high_earner,2026-03-08,Zara,Shopping,7.02,Credit Card,False
26,high_earner,2026-03-09,Airline Co,Travel,418.35,Mobile Wallet,False
26,high_earner,2026-03-10,Hotel Booking,Travel,94.8,Cash,False
26,high_earner,2026-03-12,Local Mart,Groceries,41.37,Credit Card,False
26,high_earner,2026-03-14,Landlord Transfer,Rent,562.68,Cash,False
26,high_earner,2026-03-14,Zara,Shopping,6.14,Debit Card,True
26,high_earner,2026-03-14,Landlord Transfer,Rent,694.73,Mobile Wallet,False
26,high_earner,2026-03-15,IKEA,Shopping,60.61,Mobile Wallet,False
26,high_earner,2026-03-17,Local Cafe,Dining,17.94,Mobile Wallet,False
26,high_earner,2026-03-19,Daraz,Shopping,38.41,Cash,False
26,high_earner,2026-03-20,Hospital,Healthcare,44.53,Cash,False
26,high_earner,2026-03-21,Fresh Foods,Groceries,23.4,Mobile Wallet,False
26,high_earner,2026-03-22,Pizza Hut,Dining,17.57,Credit Card,False
26,high_earner,2026-03-23,Daraz,Shopping,44.96,Credit Card,False
26,high_earner,2026-03-24,IKEA,Shopping,64.51,Mobile Wallet,False
26,high_earner,2026-03-24,Internet ISP,Utilities,78.64,Mobile Wallet,False
26,high_earner,2026-03-27,Amazon,Shopping,73.51,Debit Card,False
26,high_earner,2026-03-27,Landlord Transfer,Rent,530.0,Cash,False
26,high_earner,2026-03-27,Starbucks,Dining,42.23,Debit Card,False
26,high_earner,2026-03-28,Airline Co,Travel,253.83,Cash,False
26,high_earner,2026-03-29,Airline Co,Travel,1.0,Credit Card,False
26,high_earner,2026-03-29,Landlord Transfer,Rent,576.25,Debit Card,False
26,high_earner,2026-04-01,Pizza Hut,Dining,12.21,Mobile Wallet,False
26,high_earner,2026-04-01,Local Cafe,Dining,3.09,Debit Card,False
26,high_earner,2026-04-03,Local Cafe,Dining,18.6,Credit Card,False
26,high_earner,2026-04-04,Spotify,Entertainment,32.78,Debit Card,False
26,high_earner,2026-04-07,Daraz,Shopping,103.18,Cash,False
26,high_earner,2026-04-09,Landlord Transfer,Rent,594.6,Credit Card,False
26,high_earner,2026-04-10,Clinic,Healthcare,24.76,Debit Card,False
26,high_earner,2026-04-12,Daraz,Shopping,53.99,Mobile Wallet,False
26,high_earner,2026-04-12,Amazon,Shopping,65.41,Debit Card,False
26,high_earner,2026-04-13,Airline Co,Travel,126.1,Cash,False
26,high_earner,2026-04-14,Landlord Transfer,Rent,405.17,Mobile Wallet,False
26,high_earner,2026-04-15,Carrefour,Groceries,32.76,Cash,False
26,high_earner,2026-04-16,Netflix,Entertainment,22.78,Mobile Wallet,False
26,high_earner,2026-04-17,Steam,Entertainment,1.0,Debit Card,False
26,high_earner,2026-04-17,Hotel Booking,Travel,158.62,Mobile Wallet,False
26,high_earner,2026-04-18,Landlord Transfer,Rent,591.15,Debit Card,False
26,high_earner,2026-04-18,Walmart,Groceries,14.94,Mobile Wallet,False
26,high_earner,2026-04-19,Daraz,Shopping,14.03,Cash,False
26,high_earner,2026-04-20,Daraz,Shopping,41.48,Mobile Wallet,False
26,high_earner,2026-04-20,Landlord Transfer,Rent,461.93,Cash,False
26,high_earner,2026-04-21,Steam,Entertainment,14.28,Mobile Wallet,False
26,high_earner,2026-04-22,AirBnB,Travel,229.42,Credit Card,False
26,high_earner,2026-04-23,Pizza Hut,Dining,38.25,Mobile Wallet,False
26,high_earner,2026-04-23,Netflix,Entertainment,6.26,Debit Card,False
26,high_earner,2026-04-23,Landlord Transfer,Rent,462.29,Debit Card,False
26,high_earner,2026-04-26,Local Mart,Groceries,27.75,Cash,False
26,high_earner,2026-04-27,Internet ISP,Utilities,27.41,Credit Card,False
26,high_earner,2026-04-28,Gas Company,Utilities,63.29,Credit Card,False
26,high_earner,2026-04-30,Daraz,Shopping,73.96,Debit Card,False
26,high_earner,2026-05-02,Local Cafe,Dining,20.01,Debit Card,False
26,high_earner,2026-05-02,McDonalds,Dining,43.36,Debit Card,False
26,high_earner,2026-05-02,Zara,Shopping,19.05,Mobile Wallet,False
26,high_earner,2026-05-02,Airline Co,Travel,90.52,Cash,False
26,high_earner,2026-05-03,Hotel Booking,Travel,216.66,Debit Card,False
26,high_earner,2026-05-03,Fresh Foods,Groceries,47.04,Debit Card,False
26,high_earner,2026-05-03,Zara,Shopping,182.53,Mobile Wallet,True
26,high_earner,2026-05-03,Landlord Transfer,Rent,421.02,Cash,False
26,high_earner,2026-05-03,Local Cafe,Dining,19.15,Debit Card,False
26,high_earner,2026-05-06,Daraz,Shopping,21.18,Mobile Wallet,False
26,high_earner,2026-05-07,Electric Co,Utilities,69.06,Mobile Wallet,False
26,high_earner,2026-05-08,Airline Co,Travel,262.75,Cash,False
26,high_earner,2026-05-08,Amazon,Shopping,80.7,Mobile Wallet,False
26,high_earner,2026-05-09,Airline Co,Travel,1.0,Debit Card,False
26,high_earner,2026-05-10,Cinema,Entertainment,30.12,Debit Card,False
26,high_earner,2026-05-12,Dental Care,Healthcare,11.8,Mobile Wallet,False
26,high_earner,2026-05-12,Airline Co,Travel,471.82,Mobile Wallet,False
26,high_earner,2026-05-13,Landlord Transfer,Rent,353.66,Mobile Wallet,False
26,high_earner,2026-05-13,Airline Co,Travel,85.27,Cash,False
26,high_earner,2026-05-13,Steam,Entertainment,29.25,Cash,False
26,high_earner,2026-05-13,AirBnB,Travel,212.88,Credit Card,False
26,high_earner,2026-05-14,Local Cafe,Dining,120.99,Mobile Wallet,True
26,high_earner,2026-05-15,AirBnB,Travel,203.21,Cash,False
26,high_earner,2026-05-16,Zara,Shopping,15.58,Credit Card,False
26,high_earner,2026-05-16,Spotify,Entertainment,8.25,Mobile Wallet,False
26,high_earner,2026-05-17,IKEA,Shopping,61.82,Credit Card,False
26,high_earner,2026-05-18,Airline Co,Travel,1.0,Credit Card,False
26,high_earner,2026-05-20,Hotel Booking,Travel,531.02,Cash,False
26,high_earner,2026-05-22,Starbucks,Dining,38.23,Mobile Wallet,False
26,high_earner,2026-05-23,Local Cafe,Dining,20.69,Credit Card,False
26,high_earner,2026-05-26,Dental Care,Healthcare,2.54,Cash,False
26,high_earner,2026-05-26,Amazon,Shopping,38.24,Credit Card,False
26,high_earner,2026-05-28,Fresh Foods,Groceries,35.7,Mobile Wallet,False
26,high_earner,2026-05-28,Zara,Shopping,46.21,Credit Card,False
26,high_earner,2026-05-29,Landlord Transfer,Rent,784.74,Cash,False
26,high_earner,2026-05-30,Hotel Booking,Travel,260.52,Cash,False
26,high_earner,2026-05-31,Pizza Hut,Dining,20.26,Credit Card,False
26,high_earner,2026-06-01,Zara,Shopping,46.58,Debit Card,False
26,high_earner,2026-06-01,Cinema,Entertainment,23.86,Cash,False
26,high_earner,2026-06-01,Steam,Entertainment,1.0,Credit Card,False
26,high_earner,2026-06-03,Fresh Foods,Groceries,45.38,Cash,False
26,high_earner,2026-06-04,Pizza Hut,Dining,18.35,Credit Card,False
26,high_earner,2026-06-05,Amazon,Shopping,29.73,Cash,False
26,high_earner,2026-06-05,Netflix,Entertainment,23.44,Mobile Wallet,False
26,high_earner,2026-06-08,Spotify,Entertainment,36.48,Debit Card,False
26,high_earner,2026-06-08,Landlord Transfer,Rent,449.77,Credit Card,False
26,high_earner,2026-06-08,Daraz,Shopping,53.03,Debit Card,False
26,high_earner,2026-06-10,Local Cafe,Dining,30.84,Mobile Wallet,False
26,high_earner,2026-06-10,Landlord Transfer,Rent,542.29,Cash,False
26,high_earner,2026-06-10,Hotel Booking,Travel,425.09,Debit Card,False
26,high_earner,2026-06-10,IKEA,Shopping,45.38,Credit Card,False
26,high_earner,2026-06-12,Airline Co,Travel,254.34,Cash,False
26,high_earner,2026-06-12,Landlord Transfer,Rent,633.33,Credit Card,False
26,high_earner,2026-06-13,Spotify,Entertainment,11.62,Credit Card,False
26,high_earner,2026-06-13,Hotel Booking,Travel,274.87,Credit Card,False
26,high_earner,2026-06-13,Landlord Transfer,Rent,567.35,Cash,False
26,high_earner,2026-06-14,Fresh Foods,Groceries,57.68,Mobile Wallet,False
26,high_earner,2026-06-14,Landlord Transfer,Rent,474.87,Debit Card,False
26,high_earner,2026-06-14,Cinema,Entertainment,36.67,Credit Card,False
26,high_earner,2026-06-15,Landlord Transfer,Rent,599.08,Credit Card,False
26,high_earner,2026-06-15,Spotify,Entertainment,18.76,Cash,False
26,high_earner,2026-06-16,Hospital,Healthcare,48.2,Debit Card,False
26,high_earner,2026-06-17,Amazon,Shopping,23.97,Cash,False
26,high_earner,2026-06-18,Local Cafe,Dining,28.35,Debit Card,False
26,high_earner,2026-06-20,Hotel Booking,Travel,405.71,Cash,False
26,high_earner,2026-06-21,Daraz,Shopping,103.5,Cash,False
26,high_earner,2026-06-21,Amazon,Shopping,42.84,Mobile Wallet,False
26,high_earner,2026-06-23,Starbucks,Dining,8.71,Cash,False
26,high_earner,2026-06-23,Pizza Hut,Dining,20.15,Credit Card,False
26,high_earner,2026-06-23,Landlord Transfer,Rent,357.6,Debit Card,False
26,high_earner,2026-06-23,Landlord Transfer,Rent,445.55,Mobile Wallet,False
26,high_earner,2026-06-24,Starbucks,Dining,24.14,Cash,False
26,high_earner,2026-06-25,Pizza Hut,Dining,16.12,Mobile Wallet,False
26,high_earner,2026-06-26,Local Mart,Groceries,24.75,Credit Card,False
26,high_earner,2026-06-26,Airline Co,Travel,315.78,Debit Card,False
26,high_earner,2026-06-29,Walmart,Groceries,50.62,Cash,False
26,high_earner,2026-07-01,Airline Co,Travel,326.42,Credit Card,False
26,high_earner,2026-07-03,Zara,Shopping,65.34,Mobile Wallet,False
26,high_earner,2026-07-04,Dental Care,Healthcare,1.0,Cash,False
26,high_earner,2026-07-06,AirBnB,Travel,133.94,Mobile Wallet,False
26,high_earner,2026-07-08,IKEA,Shopping,17.8,Credit Card,False
26,high_earner,2026-07-08,Pizza Hut,Dining,5.75,Cash,False
26,high_earner,2026-07-13,Landlord Transfer,Rent,563.14,Cash,False
26,high_earner,2026-07-13,Steam,Entertainment,22.49,Debit Card,False
26,high_earner,2026-07-14,Steam,Entertainment,17.21,Mobile Wallet,False
26,high_earner,2026-07-15,Spotify,Entertainment,24.15,Debit Card,False
26,high_earner,2026-07-16,Local Cafe,Dining,1.0,Cash,False
26,high_earner,2026-07-17,Steam,Entertainment,4.35,Credit Card,False
26,high_earner,2026-07-17,Pharmacy,Healthcare,45.58,Mobile Wallet,False
26,high_earner,2026-07-17,Zara,Shopping,68.45,Credit Card,False
26,high_earner,2026-07-18,Airline Co,Travel,179.02,Cash,False
26,high_earner,2026-07-19,Cinema,Entertainment,17.18,Cash,False
26,high_earner,2026-07-22,Zara,Shopping,142.23,Mobile Wallet,False
26,high_earner,2026-07-24,IKEA,Shopping,56.9,Credit Card,False
26,high_earner,2026-07-24,Daraz,Shopping,75.65,Debit Card,False
26,high_earner,2026-07-25,Local Mart,Groceries,54.36,Mobile Wallet,False
26,high_earner,2026-07-25,IKEA,Shopping,11.66,Credit Card,False
26,high_earner,2026-07-26,Hotel Booking,Travel,1.0,Mobile Wallet,False
26,high_earner,2026-07-26,Daraz,Shopping,46.11,Mobile Wallet,False
26,high_earner,2026-07-27,Water Board,Utilities,52.05,Mobile Wallet,False
26,high_earner,2026-07-27,Pharmacy,Healthcare,43.68,Credit Card,False
26,high_earner,2026-07-29,Fresh Foods,Groceries,53.99,Debit Card,False
26,high_earner,2026-07-29,Airline Co,Travel,432.84,Credit Card,False
26,high_earner,2026-07-30,Internet ISP,Utilities,45.48,Debit Card,False
26,high_earner,2026-07-30,Landlord Transfer,Rent,472.9,Mobile Wallet,False
26,high_earner,2026-07-31,Fresh Foods,Groceries,19.59,Cash,False
26,high_earner,2026-08-02,Carrefour,Groceries,40.11,Mobile Wallet,False
26,high_earner,2026-08-03,Cinema,Entertainment,14.24,Cash,False
26,high_earner,2026-08-04,Hotel Booking,Travel,186.65,Credit Card,False
26,high_earner,2026-08-04,AirBnB,Travel,155.69,Cash,False
26,high_earner,2026-08-08,Steam,Entertainment,29.01,Debit Card,False
26,high_earner,2026-08-09,Gas Company,Utilities,64.4,Mobile Wallet,False
26,high_earner,2026-08-09,IKEA,Shopping,902.53,Mobile Wallet,True
26,high_earner,2026-08-10,Airline Co,Travel,4.58,Debit Card,False
26,high_earner,2026-08-10,IKEA,Shopping,41.98,Cash,False
26,high_earner,2026-08-11,Netflix,Entertainment,8.94,Cash,False
26,high_earner,2026-08-12,Landlord Transfer,Rent,661.05,Debit Card,False
26,high_earner,2026-08-13,Landlord Transfer,Rent,581.37,Mobile Wallet,False
26,high_earner,2026-08-13,Local Cafe,Dining,20.46,Mobile Wallet,False
26,high_earner,2026-08-14,Steam,Entertainment,10.41,Debit Card,False
26,high_earner,2026-08-14,Pharmacy,Healthcare,41.39,Debit Card,False
26,high_earner,2026-08-15,Starbucks,Dining,17.12,Credit Card,False
26,high_earner,2026-08-15,Steam,Entertainment,23.15,Credit Card,False
26,high_earner,2026-08-15,Pizza Hut,Dining,20.07,Debit Card,False
26,high_earner,2026-08-17,Starbucks,Dining,22.79,Mobile Wallet,False
26,high_earner,2026-08-17,McDonalds,Dining,3.52,Cash,False
26,high_earner,2026-08-17,Walmart,Groceries,22.21,Mobile Wallet,False
26,high_earner,2026-08-19,Starbucks,Dining,25.95,Debit Card,False
26,high_earner,2026-08-21,Fresh Foods,Groceries,36.12,Cash,False
26,high_earner,2026-08-21,Landlord Transfer,Rent,492.59,Debit Card,False
26,high_earner,2026-08-22,IKEA,Shopping,97.2,Debit Card,False
26,high_earner,2026-08-24,Zara,Shopping,152.8,Debit Card,False
26,high_earner,2026-08-25,Landlord Transfer,Rent,392.44,Credit Card,False
26,high_earner,2026-08-26,Airline Co,Travel,396.91,Debit Card,False
26,high_earner,2026-08-27,IKEA,Shopping,89.56,Mobile Wallet,False
26,high_earner,2026-08-27,Carrefour,Groceries,3.62,Mobile Wallet,False
26,high_earner,2026-08-28,Daraz,Shopping,7.96,Debit Card,False
26,high_earner,2026-09-01,Steam,Entertainment,8.12,Credit Card,False
26,high_earner,2026-09-01,Zara,Shopping,47.22,Debit Card,False
26,high_earner,2026-09-01,Airline Co,Travel,406.04,Mobile Wallet,False
27,student,2026-03-05,McDonalds,Dining,19.0,Credit Card,False
27,student,2026-03-06,Fresh Foods,Groceries,50.48,Mobile Wallet,False
27,student,2026-03-06,Local Cafe,Dining,16.54,Credit Card,False
27,student,2026-03-07,Tuition Center,Education,4.86,Cash,False
27,student,2026-03-07,Walmart,Groceries,48.1,Credit Card,False
27,student,2026-03-08,IKEA,Shopping,43.2,Mobile Wallet,False
27,student,2026-03-09,Walmart,Groceries,40.21,Cash,False
27,student,2026-03-09,Metro Card,Transport,17.23,Credit Card,False
27,student,2026-03-10,Cinema,Entertainment,10.64,Mobile Wallet,False
27,student,2026-03-10,Local Cafe,Dining,33.12,Mobile Wallet,False
27,student,2026-03-10,Walmart,Groceries,33.14,Credit Card,False
27,student,2026-03-10,Spotify,Entertainment,7.23,Cash,False
27,student,2026-03-12,McDonalds,Dining,16.55,Debit Card,False
27,student,2026-03-12,Pizza Hut,Dining,23.61,Mobile Wallet,False
27,student,2026-03-15,Pizza Hut,Dining,26.83,Debit Card,False
27,student,2026-03-15,Daraz,Shopping,68.27,Mobile Wallet,False
27,student,2026-03-15,Spotify,Entertainment,15.41,Cash,False
27,student,2026-03-15,Udemy,Education,49.76,Cash,False
27,student,2026-03-15,McDonalds,Dining,14.14,Mobile Wallet,False
27,student,2026-03-15,Local Cafe,Dining,18.22,Debit Card,False
27,student,2026-03-15,Local Mart,Groceries,49.77,Cash,False
27,student,2026-03-16,Pizza Hut,Dining,17.41,Mobile Wallet,False
27,student,2026-03-16,Zara,Shopping,101.84,Mobile Wallet,False
27,student,2026-03-17,Zara,Shopping,5.83,Cash,False
27,student,2026-03-18,Walmart,Groceries,21.54,Debit Card,False
27,student,2026-03-19,Carrefour,Groceries,46.21,Cash,False
27,student,2026-03-19,Uber,Transport,21.32,Debit Card,False
27,student,2026-03-20,Shell Gas,Transport,23.11,Cash,False
27,student,2026-03-21,Bookstore,Education,12.9,Cash,False
27,student,2026-03-22,Starbucks,Dining,8.44,Cash,False
27,student,2026-03-22,Metro Card,Transport,201.73,Cash,True
27,student,2026-03-24,Carrefour,Groceries,23.14,Debit Card,False
27,student,2026-03-24,Spotify,Entertainment,10.88,Cash,False
27,student,2026-03-24,Metro Card,Transport,5.99,Cash,False
27,student,2026-03-24,Carrefour,Groceries,13.48,Credit Card,False
27,student,2026-03-25,Daraz,Shopping,12.79,Cash,False
27,student,2026-03-26,Water Board,Utilities,36.57,Credit Card,False
27,student,2026-03-27,Local Mart,Groceries,43.81,Cash,False
27,student,2026-03-29,Tuition Center,Education,1.0,Mobile Wallet,False
27,student,2026-03-29,Spotify,Entertainment,24.75,Cash,False
27,student,2026-03-30,Carrefour,Groceries,50.76,Cash,False
27,student,2026-04-05,Shell Gas,Transport,4.06,Mobile Wallet,False
27,student,2026-04-06,Fresh Foods,Groceries,24.64,Debit Card,False
27,student,2026-04-08,Local Cafe,Dining,19.86,Debit Card,False
27,student,2026-04-08,Tuition Center,Education,59.82,Mobile Wallet,False
27,student,2026-04-09,Netflix,Entertainment,19.14,Credit Card,False
27,student,2026-04-09,Hospital,Healthcare,36.54,Debit Card,False
27,student,2026-04-11,Pizza Hut,Dining,16.49,Debit Card,False
27,student,2026-04-12,Starbucks,Dining,2.45,Debit Card,False
27,student,2026-04-13,Shell Gas,Transport,14.51,Credit Card,False
27,student,2026-04-14,Spotify,Entertainment,14.22,Cash,False
27,student,2026-04-16,Fresh Foods,Groceries,35.76,Mobile Wallet,False
27,student,2026-04-16,Netflix,Entertainment,1.87,Debit Card,False
27,student,2026-04-17,Starbucks,Dining,10.84,Cash,False
27,student,2026-04-17,Netflix,Entertainment,3.69,Mobile Wallet,False
27,student,2026-04-17,Udemy,Education,17.13,Cash,False
27,student,2026-04-18,Walmart,Groceries,43.82,Cash,False
27,student,2026-04-18,Netflix,Entertainment,8.5,Credit Card,False
27,student,2026-04-19,Steam,Entertainment,21.33,Debit Card,False
27,student,2026-04-21,Careem,Transport,12.91,Cash,False
27,student,2026-04-21,Water Board,Utilities,58.22,Debit Card,False
27,student,2026-04-22,Spotify,Entertainment,9.42,Mobile Wallet,False
27,student,2026-04-22,Starbucks,Dining,8.18,Credit Card,False
27,student,2026-04-24,Shell Gas,Transport,6.0,Cash,False
27,student,2026-04-24,Netflix,Entertainment,22.46,Debit Card,False
27,student,2026-04-24,McDonalds,Dining,18.66,Debit Card,False
27,student,2026-04-24,Zara,Shopping,50.92,Credit Card,False
27,student,2026-04-24,Carrefour,Groceries,26.18,Debit Card,False
27,student,2026-04-25,Careem,Transport,23.22,Mobile Wallet,False
27,student,2026-04-26,Metro Card,Transport,202.15,Credit Card,True
27,student,2026-04-27,Cinema,Entertainment,34.71,Credit Card,False
27,student,2026-04-28,Starbucks,Dining,34.67,Mobile Wallet,False
27,student,2026-04-29,Uber,Transport,20.49,Mobile Wallet,False
27,student,2026-04-30,Walmart,Groceries,41.62,Mobile Wallet,False
27,student,2026-05-01,Coursera,Education,10.16,Credit Card,False
27,student,2026-05-02,Starbucks,Dining,21.17,Mobile Wallet,False
27,student,2026-05-03,Bookstore,Education,28.96,Credit Card,False
27,student,2026-05-03,Local Cafe,Dining,15.31,Credit Card,False
27,student,2026-05-04,Tuition Center,Education,2.99,Debit Card,False
27,student,2026-05-04,Fresh Foods,Groceries,61.22,Credit Card,False
27,student,2026-05-07,Cinema,Entertainment,6.16,Mobile Wallet,False
27,student,2026-05-08,Pizza Hut,Dining,22.38,Mobile Wallet,False
27,student,2026-05-09,Spotify,Entertainment,7.23,Cash,False
27,student,2026-05-09,Steam,Entertainment,8.1,Cash,False
27,student,2026-05-09,Local Mart,Groceries,46.95,Cash,False
27,student,2026-05-10,Careem,Transport,14.93,Cash,False
27,student,2026-05-10,Local Mart,Groceries,15.17,Cash,False
27,student,2026-05-11,IKEA,Shopping,29.74,Credit Card,False
27,student,2026-05-12,Starbucks,Dining,29.93,Mobile Wallet,False
27,student,2026-05-12,Netflix,Entertainment,14.14,Cash,False
27,student,2026-05-14,Local Cafe,Dining,20.97,Mobile Wallet,False
27,student,2026-05-14,Spotify,Entertainment,25.8,Debit Card,False
27,student,2026-05-14,Netflix,Entertainment,13.32,Mobile Wallet,False
27,student,2026-05-14,Shell Gas,Transport,1.0,Credit Card,False
27,student,2026-05-15,Local Cafe,Dining,8.88,Cash,False
27,student,2026-05-15,Daraz,Shopping,132.6,Debit Card,False
27,student,2026-05-16,McDonalds,Dining,15.2,Debit Card,False
27,student,2026-05-16,Starbucks,Dining,25.89,Cash,False
27,student,2026-05-17,Zara,Shopping,74.78,Cash,False
27,student,2026-05-18,Steam,Entertainment,1.16,Credit Card,False
27,student,2026-05-18,Local Mart,Groceries,22.64,Debit Card,False
27,student,2026-05-18,Water Board,Utilities,77.65,Cash,False
27,student,2026-05-20,Carrefour,Groceries,36.5,Debit Card,False
27,student,2026-05-21,Steam,Entertainment,6.86,Debit Card,False
27,student,2026-05-21,Careem,Transport,11.9,Debit Card,False
27,student,2026-05-22,Local Mart,Groceries,28.81,Mobile Wallet,False
27,student,2026-05-23,Local Cafe,Dining,21.94,Cash,False
27,student,2026-05-24,Daraz,Shopping,51.19,Cash,False
27,student,2026-05-25,Fresh Foods,Groceries,31.28,Cash,False
27,student,2026-05-27,Bookstore,Education,40.59,Debit Card,False
27,student,2026-05-28,Cinema,Entertainment,16.38,Cash,False
27,student,2026-05-29,Pizza Hut,Dining,34.59,Cash,False
27,student,2026-05-29,Metro Card,Transport,16.92,Cash,False
27,student,2026-05-30,Metro Card,Transport,1.0,Mobile Wallet,False
27,student,2026-05-31,IKEA,Shopping,81.48,Credit Card,False
27,student,2026-06-01,Gas Company,Utilities,52.18,Credit Card,False
27,student,2026-06-01,Fresh Foods,Groceries,52.15,Cash,False
27,student,2026-06-01,Coursera,Education,1.0,Mobile Wallet,False
27,student,2026-06-02,Pizza Hut,Dining,24.74,Credit Card,False
27,student,2026-06-03,Carrefour,Groceries,39.78,Debit Card,False
27,student,2026-06-05,Cinema,Entertainment,18.38,Cash,False
27,student,2026-06-05,Zara,Shopping,29.12,Credit Card,False
27,student,2026-06-07,Zara,Shopping,47.98,Mobile Wallet,False
27,student,2026-06-07,Local Cafe,Dining,21.09,Cash,False
27,student,2026-06-07,Carrefour,Groceries,58.39,Debit Card,False
27,student,2026-06-10,Fresh Foods,Groceries,40.38,Cash,False
27,student,2026-06-10,Udemy,Education,75.37,Credit Card,False
27,student,2026-06-11,Careem,Transport,12.7,Debit Card,False
27,student,2026-06-11,Pizza Hut,Dining,20.5,Mobile Wallet,False
27,student,2026-06-11,Steam,Entertainment,23.26,Credit Card,False
27,student,2026-06-12,Steam,Entertainment,8.59,Mobile Wallet,False
27,student,2026-06-12,Careem,Transport,15.36,Cash,False
27,student,2026-06-12,Tuition Center,Education,41.2,Credit Card,False
27,student,2026-06-14,Udemy,Education,91.88,Credit Card,False
27,student,2026-06-15,Local Mart,Groceries,42.34,Cash,False
27,student,2026-06-16,Cinema,Entertainment,15.16,Mobile Wallet,False
27,student,2026-06-18,Cinema,Entertainment,20.64,Credit Card,False
27,student,2026-06-18,Tuition Center,Education,53.99,Debit Card,False
27,student,2026-06-19,Amazon,Shopping,111.36,Cash,False
27,student,2026-06-20,Local Cafe,Dining,22.57,Debit Card,False
27,student,2026-06-21,Spotify,Entertainment,18.61,Cash,False
27,student,2026-06-21,Spotify,Entertainment,23.19,Credit Card,False
27,student,2026-06-25,Steam,Entertainment,13.93,Debit Card,False
27,student,2026-06-26,Cinema,Entertainment,17.89,Cash,False
27,student,2026-06-28,Pizza Hut,Dining,28.73,Credit Card,False
27,student,2026-06-29,Daraz,Shopping,70.17,Credit Card,False
27,student,2026-06-29,Bookstore,Education,31.07,Cash,False
27,student,2026-06-30,Fresh Foods,Groceries,40.48,Debit Card,False
27,student,2026-06-30,Starbucks,Dining,19.97,Cash,False
27,student,2026-06-30,Tuition Center,Education,35.1,Debit Card,False
27,student,2026-07-01,Tuition Center,Education,11.27,Cash,False
27,student,2026-07-03,Pizza Hut,Dining,30.76,Debit Card,False
27,student,2026-07-04,Pizza Hut,Dining,1.0,Cash,False
27,student,2026-07-05,Udemy,Education,35.36,Debit Card,False
27,student,2026-07-06,McDonalds,Dining,11.01,Mobile Wallet,False
27,student,2026-07-07,Metro Card,Transport,4.01,Mobile Wallet,False
27,student,2026-07-07,Fresh Foods,Groceries,39.18,Credit Card,False
27,student,2026-07-10,Walmart,Groceries,8.77,Cash,False
27,student,2026-07-13,Netflix,Entertainment,1.0,Mobile Wallet,False
27,student,2026-07-16,Netflix,Entertainment,4.69,Cash,False
27,student,2026-07-16,Fresh Foods,Groceries,29.2,Cash,False
27,student,2026-07-17,Zara,Shopping,71.07,Credit Card,False
27,student,2026-07-17,Walmart,Groceries,43.08,Credit Card,False
27,student,2026-07-17,McDonalds,Dining,17.6,Debit Card,False
27,student,2026-07-18,Udemy,Education,1.0,Mobile Wallet,False
27,student,2026-07-18,Carrefour,Groceries,75.06,Credit Card,False
27,student,2026-07-21,IKEA,Shopping,84.37,Cash,False
27,student,2026-07-21,Fresh Foods,Groceries,31.9,Mobile Wallet,False
27,student,2026-07-21,Starbucks,Dining,10.46,Cash,False
27,student,2026-07-22,McDonalds,Dining,8.59,Debit Card,False
27,student,2026-07-22,Local Mart,Groceries,15.19,Mobile Wallet,False
27,student,2026-07-23,Tuition Center,Education,43.1,Credit Card,False
27,student,2026-07-26,Gas Company,Utilities,580.46,Credit Card,True
27,student,2026-07-26,Local Cafe,Dining,23.75,Credit Card,False
27,student,2026-07-26,Udemy,Education,20.05,Debit Card,False
27,student,2026-07-27,Local Mart,Groceries,21.49,Mobile Wallet,False
27,student,2026-07-27,Coursera,Education,11.58,Cash,False
27,student,2026-07-27,Starbucks,Dining,17.58,Cash,False
27,student,2026-07-27,Steam,Entertainment,14.67,Debit Card,False
27,student,2026-07-31,Pizza Hut,Dining,18.48,Debit Card,False
27,student,2026-07-31,Carrefour,Groceries,34.35,Debit Card,False
27,student,2026-08-02,Carrefour,Groceries,18.83,Cash,False
27,student,2026-08-02,Starbucks,Dining,5.27,Credit Card,False
27,student,2026-08-03,Netflix,Entertainment,20.93,Credit Card,False
27,student,2026-08-03,Carrefour,Groceries,14.68,Cash,False
27,student,2026-08-04,Walmart,Groceries,36.38,Cash,False
27,student,2026-08-05,Pizza Hut,Dining,25.55,Debit Card,False
27,student,2026-08-05,Water Board,Utilities,33.46,Debit Card,False
27,student,2026-08-06,Cinema,Entertainment,9.15,Debit Card,False
27,student,2026-08-06,Tuition Center,Education,1.0,Cash,False
27,student,2026-08-06,Starbucks,Dining,20.95,Debit Card,False
27,student,2026-08-07,Cinema,Entertainment,7.74,Credit Card,False
27,student,2026-08-07,Careem,Transport,17.35,Mobile Wallet,False
27,student,2026-08-09,Electric Co,Utilities,46.0,Mobile Wallet,False
27,student,2026-08-10,Walmart,Groceries,39.42,Mobile Wallet,False
27,student,2026-08-10,Careem,Transport,7.92,Mobile Wallet,False
27,student,2026-08-10,McDonalds,Dining,7.51,Mobile Wallet,False
27,student,2026-08-11,Dental Care,Healthcare,47.67,Mobile Wallet,False
27,student,2026-08-11,Water Board,Utilities,86.57,Debit Card,False
27,student,2026-08-13,IKEA,Shopping,68.9,Credit Card,False
27,student,2026-08-16,Walmart,Groceries,55.96,Debit Card,False
27,student,2026-08-16,McDonalds,Dining,13.85,Debit Card,False
27,student,2026-08-18,Daraz,Shopping,58.04,Credit Card,False
27,student,2026-08-19,Steam,Entertainment,16.24,Cash,False
27,student,2026-08-20,Zara,Shopping,9.84,Mobile Wallet,False
27,student,2026-08-21,Coursera,Education,52.26,Debit Card,False
27,student,2026-08-21,McDonalds,Dining,16.46,Cash,False
27,student,2026-08-21,IKEA,Shopping,49.98,Cash,False
27,student,2026-08-23,Walmart,Groceries,31.49,Mobile Wallet,False
27,student,2026-08-26,Walmart,Groceries,43.65,Credit Card,False
27,student,2026-08-27,Fresh Foods,Groceries,44.05,Mobile Wallet,False
27,student,2026-08-28,Fresh Foods,Groceries,44.61,Credit Card,False
27,student,2026-08-30,Bookstore,Education,41.46,Cash,False
27,student,2026-08-31,Pizza Hut,Dining,15.44,Credit Card,False
27,student,2026-08-31,Local Cafe,Dining,16.45,Cash,False
27,student,2026-08-31,Carrefour,Groceries,41.38,Credit Card,False
27,student,2026-08-31,Local Cafe,Dining,13.98,Mobile Wallet,False
27,student,2026-09-01,McDonalds,Dining,22.45,Cash,False
27,student,2026-09-01,Local Mart,Groceries,49.31,Credit Card,False
28,young_professional,2026-03-05,Landlord Transfer,Rent,504.3,Debit Card,False
28,young_professional,2026-03-05,Uber,Transport,3.53,Debit Card,False
28,young_professional,2026-03-05,Starbucks,Dining,1.0,Debit Card,False
28,young_professional,2026-03-05,IKEA,Shopping,18.62,Credit Card,False
28,young_professional,2026-03-05,McDonalds,Dining,17.16,Debit Card,False
28,young_professional,2026-03-06,Local Mart,Groceries,58.45,Cash,False
28,young_professional,2026-03-07,IKEA,Shopping,28.85,Debit Card,False
28,young_professional,2026-03-08,Steam,Entertainment,17.22,Debit Card,False
28,young_professional,2026-03-08,Careem,Transport,14.57,Debit Card,False
28,young_professional,2026-03-09,Spotify,Entertainment,12.01,Cash,False
28,young_professional,2026-03-09,Electric Co,Utilities,66.38,Debit Card,False
28,young_professional,2026-03-10,Amazon,Shopping,43.97,Mobile Wallet,False
28,young_professional,2026-03-11,Careem,Transport,8.29,Cash,False
28,young_professional,2026-03-11,Landlord Transfer,Rent,570.92,Cash,False
28,young_professional,2026-03-11,Cinema,Entertainment,18.99,Cash,False
28,young_professional,2026-03-12,Walmart,Groceries,21.81,Credit Card,False
28,young_professional,2026-03-12,Local Mart,Groceries,53.51,Credit Card,False
28,young_professional,2026-03-13,Hotel Booking,Travel,152.99,Credit Card,False
28,young_professional,2026-03-14,Spotify,Entertainment,20.86,Mobile Wallet,False
28,young_professional,2026-03-14,Landlord Transfer,Rent,629.48,Mobile Wallet,False
28,young_professional,2026-03-15,Careem,Transport,27.29,Debit Card,False
28,young_professional,2026-03-15,Uber,Transport,4.09,Credit Card,False
28,young_professional,2026-03-16,Zara,Shopping,14.67,Debit Card,False
28,young_professional,2026-03-17,Landlord Transfer,Rent,529.19,Mobile Wallet,False
28,young_professional,2026-03-18,Walmart,Groceries,39.16,Credit Card,False
28,young_professional,2026-03-19,Metro Card,Transport,7.48,Mobile Wallet,False
28,young_professional,2026-03-20,Metro Card,Transport,17.72,Mobile Wallet,False
28,young_professional,2026-03-20,Landlord Transfer,Rent,621.83,Credit Card,False
28,young_professional,2026-03-20,Shell Gas,Transport,9.02,Mobile Wallet,False
28,young_professional,2026-03-23,Metro Card,Transport,1.0,Cash,False
28,young_professional,2026-03-24,Daraz,Shopping,29.33,Cash,False
28,young_professional,2026-03-25,Pizza Hut,Dining,25.84,Credit Card,False
28,young_professional,2026-03-26,Local Cafe,Dining,17.4,Mobile Wallet,False
28,young_professional,2026-03-26,Daraz,Shopping,17.17,Debit Card,False
28,young_professional,2026-03-28,Starbucks,Dining,4.03,Debit Card,False
28,young_professional,2026-03-29,Careem,Transport,13.16,Debit Card,False
28,young_professional,2026-03-29,Amazon,Shopping,93.46,Credit Card,False
28,young_professional,2026-03-30,IKEA,Shopping,12.85,Cash,False
28,young_professional,2026-03-31,Pharmacy,Healthcare,56.5,Debit Card,False
28,young_professional,2026-03-31,Carrefour,Groceries,32.32,Cash,False
28,young_professional,2026-04-04,Starbucks,Dining,23.72,Cash,False
28,young_professional,2026-04-05,Landlord Transfer,Rent,260.69,Mobile Wallet,False
28,young_professional,2026-04-05,Pizza Hut,Dining,39.11,Debit Card,False
28,young_professional,2026-04-05,Shell Gas,Transport,4.31,Mobile Wallet,False
28,young_professional,2026-04-07,Zara,Shopping,26.57,Debit Card,False
28,young_professional,2026-04-07,Landlord Transfer,Rent,676.7,Mobile Wallet,False
28,young_professional,2026-04-07,Landlord Transfer,Rent,619.74,Debit Card,False
28,young_professional,2026-04-07,Carrefour,Groceries,47.78,Credit Card,False
28,young_professional,2026-04-10,Carrefour,Groceries,19.08,Credit Card,False
28,young_professional,2026-04-10,Water Board,Utilities,73.53,Debit Card,False
28,young_professional,2026-04-13,Hotel Booking,Travel,334.49,Cash,False
28,young_professional,2026-04-13,Netflix,Entertainment,8.72,Mobile Wallet,False
28,young_professional,2026-04-14,Gas Company,Utilities,71.85,Cash,False
28,young_professional,2026-04-14,Starbucks,Dining,31.33,Mobile Wallet,False
28,young_professional,2026-04-15,Dental Care,Healthcare,53.79,Debit Card,False
28,young_professional,2026-04-16,IKEA,Shopping,99.18,Cash,False
28,young_professional,2026-04-17,Local Cafe,Dining,22.95,Credit Card,False
28,young_professional,2026-04-17,AirBnB,Travel,278.39,Cash,False
28,young_professional,2026-04-19,Pizza Hut,Dining,33.94,Cash,False
28,young_professional,2026-04-19,Careem,Transport,12.72,Cash,False
28,young_professional,2026-04-20,Shell Gas,Transport,18.61,Mobile Wallet,False
28,young_professional,2026-04-21,Steam,Entertainment,14.4,Credit Card,False
28,young_professional,2026-04-21,Internet ISP,Utilities,60.72,Cash,False
28,young_professional,2026-04-22,Walmart,Groceries,34.51,Cash,False
28,young_professional,2026-04-22,Gas Company,Utilities,91.25,Credit Card,False
28,young_professional,2026-04-23,Starbucks,Dining,12.68,Credit Card,False
28,young_professional,2026-04-23,Starbucks,Dining,22.17,Mobile Wallet,False
28,young_professional,2026-04-24,Uber,Transport,1.0,Credit Card,False
28,young_professional,2026-04-25,Local Mart,Groceries,43.59,Debit Card,False
28,young_professional,2026-04-26,Shell Gas,Transport,1.12,Cash,False
28,young_professional,2026-04-26,IKEA,Shopping,13.2,Mobile Wallet,False
28,young_professional,2026-04-27,Amazon,Shopping,45.47,Debit Card,False
28,young_professional,2026-04-27,Local Cafe,Dining,4.14,Debit Card,False
28,young_professional,2026-04-28,Water Board,Utilities,32.31,Debit Card,False
28,young_professional,2026-04-28,Walmart,Groceries,29.77,Debit Card,False
28,young_professional,2026-04-29,Internet ISP,Utilities,59.97,Debit Card,False
28,young_professional,2026-04-29,Electric Co,Utilities,55.23,Cash,False
28,young_professional,2026-04-30,Carrefour,Groceries,60.23,Debit Card,False
28,young_professional,2026-05-01,Zara,Shopping,44.99,Debit Card,False
28,young_professional,2026-05-01,Electric Co,Utilities,79.82,Debit Card,False
28,young_professional,2026-05-02,Carrefour,Groceries,54.17,Debit Card,False
28,young_professional,2026-05-02,Steam,Entertainment,21.43,Debit Card,False
28,young_professional,2026-05-03,Internet ISP,Utilities,57.44,Credit Card,False
28,young_professional,2026-05-03,Local Cafe,Dining,10.26,Cash,False
28,young_professional,2026-05-03,Gas Company,Utilities,42.4,Mobile Wallet,False
28,young_professional,2026-05-03,IKEA,Shopping,33.84,Mobile Wallet,False
28,young_professional,2026-05-04,Local Mart,Groceries,53.84,Debit Card,False
28,young_professional,2026-05-04,Landlord Transfer,Rent,416.66,Credit Card,False
28,young_professional,2026-05-04,Landlord Transfer,Rent,683.47,Cash,False
28,young_professional,2026-05-06,Local Mart,Groceries,45.3,Debit Card,False
28,young_professional,2026-05-06,Landlord Transfer,Rent,370.94,Credit Card,False
28,young_professional,2026-05-06,IKEA,Shopping,154.39,Debit Card,False
28,young_professional,2026-05-06,Landlord Transfer,Rent,528.72,Mobile Wallet,False
28,young_professional,2026-05-07,Daraz,Shopping,92.11,Debit Card,False
28,young_professional,2026-05-07,Local Cafe,Dining,19.18,Debit Card,False
28,young_professional,2026-05-09,Steam,Entertainment,31.14,Mobile Wallet,False
28,young_professional,2026-05-11,Carrefour,Groceries,57.93,Debit Card,False
28,young_professional,2026-05-12,Pizza Hut,Dining,7.72,Credit Card,False
28,young_professional,2026-05-14,Airline Co,Travel,103.0,Cash,False
28,young_professional,2026-05-15,Starbucks,Dining,9.63,Mobile Wallet,False
28,young_professional,2026-05-15,Amazon,Shopping,22.48,Debit Card,False
28,young_professional,2026-05-15,Careem,Transport,16.79,Mobile Wallet,False
28,young_professional,2026-05-15,Daraz,Shopping,1.0,Cash,False
28,young_professional,2026-05-16,Local Mart,Groceries,38.62,Credit Card,False
28,young_professional,2026-05-17,Netflix,Entertainment,20.14,Cash,False
28,young_professional,2026-05-17,Uber,Transport,12.68,Mobile Wallet,False
28,young_professional,2026-05-17,Starbucks,Dining,5.71,Mobile Wallet,False
28,young_professional,2026-05-20,Hotel Booking,Travel,478.03,Credit Card,False
28,young_professional,2026-05-20,Dental Care,Healthcare,93.88,Debit Card,False
28,young_professional,2026-05-20,Amazon,Shopping,60.35,Cash,False
28,young_professional,2026-05-20,Pizza Hut,Dining,3.58,Credit Card,False
28,young_professional,2026-05-21,Metro Card,Transport,17.02,Cash,False
28,young_professional,2026-05-21,Netflix,Entertainment,20.36,Mobile Wallet,False
28,young_professional,2026-05-21,Fresh Foods,Groceries,17.5,Debit Card,False
28,young_professional,2026-05-22,Steam,Entertainment,17.65,Cash,False
28,young_professional,2026-05-22,Starbucks,Dining,24.39,Credit Card,False
28,young_professional,2026-05-23,Amazon,Shopping,1.0,Cash,False
28,young_professional,2026-05-23,Carrefour,Groceries,33.07,Mobile Wallet,False
28,young_professional,2026-05-24,Fresh Foods,Groceries,8.34,Mobile Wallet,False
28,young_professional,2026-05-24,Walmart,Groceries,19.11,Credit Card,False
28,young_professional,2026-05-24,Shell Gas,Transport,7.24,Cash,False
28,young_professional,2026-05-24,Cinema,Entertainment,1.0,Cash,False
28,young_professional,2026-05-25,Steam,Entertainment,4.2,Cash,False
28,young_professional,2026-05-28,Local Mart,Groceries,19.63,Credit Card,False
28,young_professional,2026-05-29,Landlord Transfer,Rent,562.21,Credit Card,False
28,young_professional,2026-05-30,Steam,Entertainment,10.85,Debit Card,False
28,young_professional,2026-05-30,Steam,Entertainment,32.02,Debit Card,False
28,young_professional,2026-06-01,IKEA,Shopping,117.04,Cash,False
28,young_professional,2026-06-01,Walmart,Groceries,51.13,Mobile Wallet,False
28,young_professional,2026-06-02,Steam,Entertainment,24.31,Mobile Wallet,False
28,young_professional,2026-06-04,Netflix,Entertainment,26.45,Credit Card,False
28,young_professional,2026-06-05,AirBnB,Travel,630.07,Credit Card,False
28,young_professional,2026-06-06,Landlord Transfer,Rent,537.89,Credit Card,False
28,young_professional,2026-06-06,Water Board,Utilities,51.14,Cash,False
28,young_professional,2026-06-07,Gas Company,Utilities,73.79,Mobile Wallet,False
28,young_professional,2026-06-08,Amazon,Shopping,41.17,Cash,False
28,young_professional,2026-06-09,Landlord Transfer,Rent,4853.17,Credit Card,True
28,young_professional,2026-06-10,Local Cafe,Dining,25.98,Mobile Wallet,False
28,young_professional,2026-06-10,McDonalds,Dining,41.0,Debit Card,False
28,young_professional,2026-06-14,Starbucks,Dining,20.15,Credit Card,False
28,young_professional,2026-06-15,Pizza Hut,Dining,7.53,Credit Card,False
28,young_professional,2026-06-15,Pizza Hut,Dining,20.05,Mobile Wallet,False
28,young_professional,2026-06-16,Walmart,Groceries,44.65,Mobile Wallet,False
28,young_professional,2026-06-16,Landlord Transfer,Rent,528.55,Cash,False
28,young_professional,2026-06-17,Shell Gas,Transport,20.01,Cash,False
28,young_professional,2026-06-17,Landlord Transfer,Rent,462.53,Cash,False
28,young_professional,2026-06-18,Steam,Entertainment,26.25,Credit Card,False
28,young_professional,2026-06-18,Landlord Transfer,Rent,542.6,Mobile Wallet,False
28,young_professional,2026-06-18,Internet ISP,Utilities,41.59,Debit Card,False
28,young_professional,2026-06-20,Starbucks,Dining,18.05,Cash,False
28,young_professional,2026-06-21,Dental Care,Healthcare,35.77,Cash,False
28,young_professional,2026-06-21,Spotify,Entertainment,9.91,Mobile Wallet,False
28,young_professional,2026-06-21,Airline Co,Travel,383.37,Cash,False
28,young_professional,2026-06-22,Local Mart,Groceries,35.54,Debit Card,False
28,young_professional,2026-06-23,Cinema,Entertainment,20.55,Cash,False
28,young_professional,2026-06-24,Walmart,Groceries,2.55,Credit Card,False
28,young_professional,2026-06-24,Local Cafe,Dining,18.1,Cash,False
28,young_professional,2026-06-25,IKEA,Shopping,93.47,Debit Card,False
28,young_professional,2026-06-26,Fresh Foods,Groceries,47.6,Debit Card,False
28,young_professional,2026-06-26,Pizza Hut,Dining,8.44,Mobile Wallet,False
28,young_professional,2026-06-27,Shell Gas,Transport,8.88,Cash,False
28,young_professional,2026-06-28,Gas Company,Utilities,75.69,Cash,False
28,young_professional,2026-06-28,Airline Co,Travel,40.55,Debit Card,False
28,young_professional,2026-07-03,Landlord Transfer,Rent,520.14,Credit Card,False
28,young_professional,2026-07-04,Amazon,Shopping,61.55,Debit Card,False
28,young_professional,2026-07-04,Shell Gas,Transport,22.29,Cash,False
28,young_professional,2026-07-05,Landlord Transfer,Rent,529.89,Mobile Wallet,False
28,young_professional,2026-07-06,Walmart,Groceries,29.06,Debit Card,False
28,young_professional,2026-07-08,Landlord Transfer,Rent,384.26,Credit Card,False
28,young_professional,2026-07-09,Landlord Transfer,Rent,523.09,Cash,False
28,young_professional,2026-07-10,Careem,Transport,13.28,Cash,False
28,young_professional,2026-07-10,Zara,Shopping,101.9,Mobile Wallet,False
28,young_professional,2026-07-11,Airline Co,Travel,113.45,Mobile Wallet,False
28,young_professional,2026-07-13,Walmart,Groceries,78.81,Cash,False
28,young_professional,2026-07-14,McDonalds,Dining,31.32,Cash,False
28,young_professional,2026-07-14,Starbucks,Dining,7.04,Mobile Wallet,False
28,young_professional,2026-07-15,Amazon,Shopping,84.44,Debit Card,False
28,young_professional,2026-07-15,Clinic,Healthcare,76.12,Cash,False
28,young_professional,2026-07-16,Amazon,Shopping,1.0,Mobile Wallet,False
28,young_professional,2026-07-18,Landlord Transfer,Rent,393.8,Debit Card,False
28,young_professional,2026-07-18,Starbucks,Dining,20.19,Debit Card,False
28,young_professional,2026-07-18,Hotel Booking,Travel,61.96,Debit Card,False
28,young_professional,2026-07-20,Landlord Transfer,Rent,303.2,Credit Card,False
28,young_professional,2026-07-20,Hotel Booking,Travel,414.13,Debit Card,False
28,young_professional,2026-07-21,Uber,Transport,1.0,Mobile Wallet,False
28,young_professional,2026-07-22,IKEA,Shopping,36.0,Mobile Wallet,False
28,young_professional,2026-07-22,Daraz,Shopping,77.85,Mobile Wallet,False
28,young_professional,2026-07-22,Carrefour,Groceries,28.66,Mobile Wallet,False
28,young_professional,2026-07-23,AirBnB,Travel,359.58,Mobile Wallet,False
28,young_professional,2026-07-24,Zara,Shopping,50.71,Cash,False
28,young_professional,2026-07-24,Landlord Transfer,Rent,504.36,Mobile Wallet,False
28,young_professional,2026-07-25,Hospital,Healthcare,65.34,Cash,False
28,young_professional,2026-07-26,Daraz,Shopping,83.92,Cash,False
28,young_professional,2026-07-26,Pizza Hut,Dining,10.12,Credit Card,False
28,young_professional,2026-07-26,Carrefour,Groceries,35.62,Cash,False
28,young_professional,2026-07-28,Carrefour,Groceries,40.4,Debit Card,False
28,young_professional,2026-07-30,Landlord Transfer,Rent,489.25,Mobile Wallet,False
28,young_professional,2026-07-30,Local Mart,Groceries,42.19,Credit Card,False
28,young_professional,2026-08-01,Carrefour,Groceries,4.75,Cash,False
28,young_professional,2026-08-01,Careem,Transport,24.64,Mobile Wallet,False
28,young_professional,2026-08-03,Shell Gas,Transport,11.75,Credit Card,False
28,young_professional,2026-08-04,Fresh Foods,Groceries,57.91,Mobile Wallet,False
28,young_professional,2026-08-04,Gas Company,Utilities,67.63,Mobile Wallet,False
28,young_professional,2026-08-04,Landlord Transfer,Rent,561.34,Debit Card,False
28,young_professional,2026-08-06,Uber,Transport,8.92,Mobile Wallet,False
28,young_professional,2026-08-06,Amazon,Shopping,1.0,Cash,False
28,young_professional,2026-08-06,Fresh Foods,Groceries,39.69,Debit Card,False
28,young_professional,2026-08-06,Uber,Transport,1.0,Cash,False
28,young_professional,2026-08-07,Uber,Transport,5.18,Cash,False
28,young_professional,2026-08-09,Shell Gas,Transport,15.54,Credit Card,False
28,young_professional,2026-08-10,AirBnB,Travel,172.83,Mobile Wallet,False
28,young_professional,2026-08-10,Fresh Foods,Groceries,24.51,Debit Card,False
28,young_professional,2026-08-11,IKEA,Shopping,31.56,Mobile Wallet,True
28,young_professional,2026-08-12,Cinema,Entertainment,6.8,Cash,False
28,young_professional,2026-08-16,Zara,Shopping,76.56,Debit Card,False
28,young_professional,2026-08-17,Metro Card,Transport,21.98,Debit Card,False
28,young_professional,2026-08-18,Shell Gas,Transport,20.59,Credit Card,False
28,young_professional,2026-08-18,Walmart,Groceries,11.54,Cash,False
28,young_professional,2026-08-20,Landlord Transfer,Rent,549.36,Credit Card,False
28,young_professional,2026-08-20,Pharmacy,Healthcare,71.48,Mobile Wallet,False
28,young_professional,2026-08-21,Landlord Transfer,Rent,425.3,Debit Card,False
28,young_professional,2026-08-21,Starbucks,Dining,29.1,Debit Card,False
28,young_professional,2026-08-21,Spotify,Entertainment,84.86,Mobile Wallet,True
28,young_professional,2026-08-25,Walmart,Groceries,44.11,Cash,False
28,young_professional,2026-08-26,McDonalds,Dining,27.08,Credit Card,False
28,young_professional,2026-08-27,Landlord Transfer,Rent,492.91,Mobile Wallet,False
28,young_professional,2026-08-28,Fresh Foods,Groceries,54.03,Mobile Wallet,False
28,young_professional,2026-08-28,Fresh Foods,Groceries,22.66,Debit Card,False
28,young_professional,2026-08-28,Zara,Shopping,44.29,Debit Card,False
28,young_professional,2026-08-28,Walmart,Groceries,25.76,Cash,False
28,young_professional,2026-08-29,Internet ISP,Utilities,64.51,Debit Card,False
28,young_professional,2026-08-29,Local Cafe,Dining,26.12,Cash,False
28,young_professional,2026-08-30,Fresh Foods,Groceries,39.15,Credit Card,False
28,young_professional,2026-09-01,Starbucks,Dining,27.7,Cash,False
29,high_earner,2026-03-05,Daraz,Shopping,18.95,Debit Card,False
29,high_earner,2026-03-05,Local Mart,Groceries,42.91,Credit Card,False
29,high_earner,2026-03-05,Zara,Shopping,49.9,Mobile Wallet,False
29,high_earner,2026-03-05,Amazon,Shopping,24.51,Cash,False
29,high_earner,2026-03-06,McDonalds,Dining,21.29,Credit Card,False
29,high_earner,2026-03-06,AirBnB,Travel,301.28,Credit Card,False
29,high_earner,2026-03-07,AirBnB,Travel,49.23,Cash,False
29,high_earner,2026-03-07,Pharmacy,Healthcare,82.09,Debit Card,False
29,high_earner,2026-03-08,Walmart,Groceries,51.52,Credit Card,False
29,high_earner,2026-03-09,McDonalds,Dining,14.89,Cash,False
29,high_earner,2026-03-09,Hotel Booking,Travel,199.35,Cash,False
29,high_earner,2026-03-10,Netflix,Entertainment,10.33,Cash,False
29,high_earner,2026-03-11,Airline Co,Travel,290.57,Debit Card,False
29,high_earner,2026-03-11,Starbucks,Dining,20.66,Mobile Wallet,False
29,high_earner,2026-03-12,Landlord Transfer,Rent,695.08,Debit Card,False
29,high_earner,2026-03-13,Zara,Shopping,28.91,Credit Card,False
29,high_earner,2026-03-14,Starbucks,Dining,17.9,Cash,False
29,high_earner,2026-03-15,Starbucks,Dining,34.72,Mobile Wallet,False
29,high_earner,2026-03-16,AirBnB,Travel,294.99,Debit Card,False
29,high_earner,2026-03-17,Starbucks,Dining,6.66,Mobile Wallet,False
29,high_earner,2026-03-19,McDonalds,Dining,7.64,Credit Card,False
29,high_earner,2026-03-19,Electric Co,Utilities,87.0,Cash,False
29,high_earner,2026-03-20,Cinema,Entertainment,15.99,Credit Card,False
29,high_earner,2026-03-20,Hotel Booking,Travel,133.08,Debit Card,False
29,high_earner,2026-03-20,Carrefour,Groceries,46.81,Credit Card,False
29,high_earner,2026-03-21,Gas Company,Utilities,79.24,Debit Card,False
29,high_earner,2026-03-21,Starbucks,Dining,27.53,Cash,False
29,high_earner,2026-03-23,IKEA,Shopping,63.31,Mobile Wallet,False
29,high_earner,2026-03-25,Hotel Booking,Travel,552.5,Credit Card,False
29,high_earner,2026-03-25,Amazon,Shopping,50.11,Cash,False
29,high_earner,2026-03-26,Airline Co,Travel,260.83,Cash,False
29,high_earner,2026-03-26,Airline Co,Travel,389.22,Debit Card,False
29,high_earner,2026-03-27,Landlord Transfer,Rent,743.93,Debit Card,False
29,high_earner,2026-03-27,Hotel Booking,Travel,453.0,Credit Card,False
29,high_earner,2026-03-28,Local Mart,Groceries,49.84,Credit Card,False
29,high_earner,2026-03-29,IKEA,Shopping,76.43,Credit Card,False
29,high_earner,2026-03-29,Pharmacy,Healthcare,1.0,Cash,False
29,high_earner,2026-03-31,AirBnB,Travel,7.01,Mobile Wallet,False
29,high_earner,2026-03-31,Clinic,Healthcare,23.04,Cash,False
29,high_earner,2026-04-01,Landlord Transfer,Rent,477.66,Debit Card,False
29,high_earner,2026-04-04,Hotel Booking,Travel,238.04,Debit Card,False
29,high_earner,2026-04-07,Pizza Hut,Dining,25.58,Mobile Wallet,False
29,high_earner,2026-04-09,Dental Care,Healthcare,1.0,Mobile Wallet,False
29,high_earner,2026-04-09,Dental Care,Healthcare,88.34,Credit Card,False
29,high_earner,2026-04-09,Fresh Foods,Groceries,3.38,Credit Card,False
29,high_earner,2026-04-10,Steam,Entertainment,18.71,Credit Card,False
29,high_earner,2026-04-10,Landlord Transfer,Rent,588.75,Mobile Wallet,False
29,high_earner,2026-04-10,Fresh Foods,Groceries,45.05,Cash,False
29,high_earner,2026-04-11,IKEA,Shopping,1.0,Cash,False
29,high_earner,2026-04-12,AirBnB,Travel,425.39,Credit Card,False
29,high_earner,2026-04-12,McDonalds,Dining,6.77,Debit Card,False
29,high_earner,2026-04-12,Amazon,Shopping,53.82,Cash,False
29,high_earner,2026-04-13,Spotify,Entertainment,10.22,Cash,False
29,high_earner,2026-04-14,Amazon,Shopping,26.84,Credit Card,False
29,high_earner,2026-04-14,McDonalds,Dining,2.27,Cash,False
29,high_earner,2026-04-14,Local Cafe,Dining,22.36,Debit Card,False
29,high_earner,2026-04-15,Zara,Shopping,24.73,Credit Card,False
29,high_earner,2026-04-18,Steam,Entertainment,22.83,Debit Card,False
29,high_earner,2026-04-19,AirBnB,Travel,252.36,Cash,False
29,high_earner,2026-04-19,McDonalds,Dining,14.65,Debit Card,False
29,high_earner,2026-04-20,Landlord Transfer,Rent,418.65,Mobile Wallet,False
29,high_earner,2026-04-21,Clinic,Healthcare,40.13,Debit Card,False
29,high_earner,2026-04-22,Hospital,Healthcare,35.37,Credit Card,False
29,high_earner,2026-04-22,AirBnB,Travel,49.59,Debit Card,False
29,high_earner,2026-04-23,Local Cafe,Dining,23.86,Debit Card,False
29,high_earner,2026-04-25,Landlord Transfer,Rent,431.76,Credit Card,False
29,high_earner,2026-04-26,Hotel Booking,Travel,1.0,Debit Card,False
29,high_earner,2026-04-27,Landlord Transfer,Rent,486.55,Cash,False
29,high_earner,2026-04-28,Airline Co,Travel,184.89,Debit Card,False
29,high_earner,2026-04-29,Landlord Transfer,Rent,433.6,Debit Card,False
29,high_earner,2026-04-30,Local Cafe,Dining,3.94,Debit Card,False
29,high_earner,2026-05-01,Local Mart,Groceries,49.58,Mobile Wallet,False
29,high_earner,2026-05-03,Netflix,Entertainment,11.48,Debit Card,False
29,high_earner,2026-05-04,Landlord Transfer,Rent,496.01,Debit Card,False
29,high_earner,2026-05-04,Landlord Transfer,Rent,544.09,Mobile Wallet,False
29,high_earner,2026-05-06,Landlord Transfer,Rent,394.04,Debit Card,False
29,high_earner,2026-05-06,Hospital,Healthcare,27.84,Mobile Wallet,False
29,high_earner,2026-05-07,Landlord Transfer,Rent,425.85,Mobile Wallet,False
29,high_earner,2026-05-08,Gas Company,Utilities,92.36,Mobile Wallet,False
29,high_earner,2026-05-08,Zara,Shopping,42.03,Debit Card,False
29,high_earner,2026-05-08,Fresh Foods,Groceries,41.13,Cash,False
29,high_earner,2026-05-10,Electric Co,Utilities,46.98,Mobile Wallet,False
29,high_earner,2026-05-11,Amazon,Shopping,66.26,Mobile Wallet,False
29,high_earner,2026-05-11,Daraz,Shopping,78.03,Debit Card,False
29,high_earner,2026-05-13,Walmart,Groceries,40.82,Credit Card,False
29,high_earner,2026-05-17,Landlord Transfer,Rent,217.97,Debit Card,False
29,high_earner,2026-05-17,Hotel Booking,Travel,110.31,Credit Card,False
29,high_earner,2026-05-17,Spotify,Entertainment,24.52,Cash,False
29,high_earner,2026-05-18,Landlord Transfer,Rent,491.95,Cash,False
29,high_earner,2026-05-20,Steam,Entertainment,15.24,Cash,False
29,high_earner,2026-05-21,AirBnB,Travel,273.5,Cash,False
29,high_earner,2026-05-22,Hotel Booking,Travel,63.5,Cash,False
29,high_earner,2026-05-22,Walmart,Groceries,47.67,Credit Card,False
29,high_earner,2026-05-22,Hotel Booking,Travel,186.84,Debit Card,False
29,high_earner,2026-05-23,Airline Co,Travel,416.73,Mobile Wallet,False
29,high_earner,2026-05-24,Airline Co,Travel,146.49,Debit Card,False
29,high_earner,2026-05-26,Walmart,Groceries,30.75,Mobile Wallet,False
29,high_earner,2026-05-26,Local Cafe,Dining,25.72,Credit Card,False
29,high_earner,2026-05-26,Electric Co,Utilities,56.84,Debit Card,False
29,high_earner,2026-05-28,Amazon,Shopping,9.25,Mobile Wallet,False
29,high_earner,2026-05-30,Daraz,Shopping,953.12,Credit Card,True
29,high_earner,2026-05-30,Water Board,Utilities,51.91,Mobile Wallet,False
29,high_earner,2026-05-30,Pizza Hut,Dining,20.68,Mobile Wallet,False
29,high_earner,2026-05-31,Clinic,Healthcare,43.82,Mobile Wallet,False
29,high_earner,2026-06-01,AirBnB,Travel,315.99,Credit Card,False
29,high_earner,2026-06-02,Water Board,Utilities,62.1,Debit Card,False
29,high_earner,2026-06-05,Cinema,Entertainment,22.0,Credit Card,False
29,high_earner,2026-06-05,Amazon,Shopping,1.0,Debit Card,False
29,high_earner,2026-06-06,Hotel Booking,Travel,34.2,Cash,False
29,high_earner,2026-06-06,Starbucks,Dining,9.65,Cash,False
29,high_earner,2026-06-06,Local Cafe,Dining,15.77,Debit Card,False
29,high_earner,2026-06-08,AirBnB,Travel,110.04,Credit Card,False
29,high_earner,2026-06-09,Hotel Booking,Travel,244.59,Mobile Wallet,False
29,high_earner,2026-06-10,Airline Co,Travel,1.0,Cash,False
29,high_earner,2026-06-10,Netflix,Entertainment,21.62,Debit Card,False
29,high_earner,2026-06-10,Spotify,Entertainment,31.25,Debit Card,False
29,high_earner,2026-06-10,Hotel Booking,Travel,538.52,Mobile Wallet,False
29,high_earner,2026-06-11,Airline Co,Travel,257.51,Mobile Wallet,False
29,high_earner,2026-06-12,Landlord Transfer,Rent,589.38,Debit Card,False
29,high_earner,2026-06-12,Local Mart,Groceries,56.9,Debit Card,False
29,high_earner,2026-06-12,Starbucks,Dining,16.58,Cash,False
29,high_earner,2026-06-13,Airline Co,Travel,230.93,Credit Card,False
29,high_earner,2026-06-14,Pharmacy,Healthcare,10.42,Mobile Wallet,False
29,high_earner,2026-06-15,AirBnB,Travel,326.32,Credit Card,False
29,high_earner,2026-06-15,Daraz,Shopping,123.01,Cash,False
29,high_earner,2026-06-15,Cinema,Entertainment,19.79,Credit Card,False
29,high_earner,2026-06-15,Daraz,Shopping,79.7,Credit Card,False
29,high_earner,2026-06-18,Spotify,Entertainment,16.26,Credit Card,False
29,high_earner,2026-06-18,Local Cafe,Dining,18.57,Credit Card,False
29,high_earner,2026-06-20,Landlord Transfer,Rent,566.96,Mobile Wallet,False
29,high_earner,2026-06-20,AirBnB,Travel,127.23,Credit Card,False
29,high_earner,2026-06-21,Landlord Transfer,Rent,396.24,Credit Card,False
29,high_earner,2026-06-22,McDonalds,Dining,8.93,Credit Card,False
29,high_earner,2026-06-23,Landlord Transfer,Rent,662.99,Mobile Wallet,False
29,high_earner,2026-06-24,Hotel Booking,Travel,96.36,Mobile Wallet,False
29,high_earner,2026-06-24,IKEA,Shopping,1.0,Debit Card,False
29,high_earner,2026-06-25,IKEA,Shopping,42.37,Cash,False
29,high_earner,2026-06-25,Local Mart,Groceries,60.06,Mobile Wallet,False
29,high_earner,2026-06-26,Local Cafe,Dining,18.8,Debit Card,False
29,high_earner,2026-06-27,Hotel Booking,Travel,329.76,Cash,False
29,high_earner,2026-06-27,Spotify,Entertainment,12.82,Debit Card,False
29,high_earner,2026-06-28,Hotel Booking,Travel,373.22,Debit Card,False
29,high_earner,2026-06-28,Landlord Transfer,Rent,334.7,Cash,False
29,high_earner,2026-06-29,Airline Co,Travel,170.77,Cash,False
29,high_earner,2026-06-29,Amazon,Shopping,48.44,Mobile Wallet,False
29,high_earner,2026-06-29,Cinema,Entertainment,9.56,Debit Card,False
29,high_earner,2026-06-29,McDonalds,Dining,18.3,Mobile Wallet,False
29,high_earner,2026-06-30,Local Cafe,Dining,32.17,Debit Card,False
29,high_earner,2026-06-30,Gas Company,Utilities,85.19,Debit Card,False
29,high_earner,2026-07-02,Zara,Shopping,1.0,Debit Card,False
29,high_earner,2026-07-03,Local Cafe,Dining,1.0,Mobile Wallet,False
29,high_earner,2026-07-06,Hotel Booking,Travel,139.06,Mobile Wallet,False
29,high_earner,2026-07-08,Landlord Transfer,Rent,476.04,Mobile Wallet,False
29,high_earner,2026-07-08,Fresh Foods,Groceries,32.37,Mobile Wallet,False
29,high_earner,2026-07-11,Local Mart,Groceries,49.8,Cash,False
29,high_earner,2026-07-12,Zara,Shopping,142.29,Mobile Wallet,False
29,high_earner,2026-07-12,Spotify,Entertainment,17.03,Debit Card,False
29,high_earner,2026-07-12,Airline Co,Travel,199.96,Debit Card,False
29,high_earner,2026-07-13,Landlord Transfer,Rent,563.12,Debit Card,False
29,high_earner,2026-07-14,Pizza Hut,Dining,6.64,Mobile Wallet,False
29,high_earner,2026-07-15,Fresh Foods,Groceries,63.55,Cash,False
29,high_earner,2026-07-16,Local Mart,Groceries,28.28,Debit Card,False
29,high_earner,2026-07-16,Hotel Booking,Travel,1.0,Debit Card,False
29,high_earner,2026-07-17,Hotel Booking,Travel,1.0,Credit Card,False
29,high_earner,2026-07-18,IKEA,Shopping,121.44,Cash,False
29,high_earner,2026-07-19,IKEA,Shopping,45.71,Credit Card,False
29,high_earner,2026-07-19,Airline Co,Travel,140.22,Debit Card,False
29,high_earner,2026-07-19,Cinema,Entertainment,19.59,Debit Card,False
29,high_earner,2026-07-20,IKEA,Shopping,63.39,Mobile Wallet,False
29,high_earner,2026-07-20,Airline Co,Travel,1.0,Mobile Wallet,False
29,high_earner,2026-07-22,Walmart,Groceries,42.44,Debit Card,False
29,high_earner,2026-07-27,Hotel Booking,Travel,273.75,Debit Card,False
29,high_earner,2026-07-27,Local Mart,Groceries,25.47,Debit Card,False
29,high_earner,2026-07-28,Steam,Entertainment,29.79,Debit Card,False
29,high_earner,2026-07-29,Daraz,Shopping,84.65,Mobile Wallet,False
29,high_earner,2026-07-29,Hotel Booking,Travel,120.35,Mobile Wallet,False
29,high_earner,2026-07-30,Spotify,Entertainment,19.34,Debit Card,False
29,high_earner,2026-07-30,Dental Care,Healthcare,14.41,Cash,False
29,high_earner,2026-07-30,Walmart,Groceries,30.01,Credit Card,False
29,high_earner,2026-08-01,Amazon,Shopping,335.29,Credit Card,True
29,high_earner,2026-08-04,Airline Co,Travel,244.97,Cash,False
29,high_earner,2026-08-04,Walmart,Groceries,42.86,Cash,False
29,high_earner,2026-08-04,Hotel Booking,Travel,1.0,Debit Card,False
29,high_earner,2026-08-08,Carrefour,Groceries,39.33,Debit Card,False
29,high_earner,2026-08-08,Hotel Booking,Travel,228.18,Credit Card,False
29,high_earner,2026-08-08,Landlord Transfer,Rent,425.88,Cash,False
29,high_earner,2026-08-09,Fresh Foods,Groceries,33.87,Mobile Wallet,False
29,high_earner,2026-08-10,Hotel Booking,Travel,408.27,Debit Card,False
29,high_earner,2026-08-11,Internet ISP,Utilities,92.22,Cash,False
29,high_earner,2026-08-11,Pharmacy,Healthcare,44.1,Debit Card,False
29,high_earner,2026-08-11,Daraz,Shopping,68.24,Debit Card,False
29,high_earner,2026-08-11,Fresh Foods,Groceries,26.13,Credit Card,False
29,high_earner,2026-08-12,Local Cafe,Dining,5.31,Debit Card,False
29,high_earner,2026-08-13,Landlord Transfer,Rent,432.02,Cash,False
29,high_earner,2026-08-14,AirBnB,Travel,276.92,Debit Card,False
29,high_earner,2026-08-14,Electric Co,Utilities,43.74,Debit Card,False
29,high_earner,2026-08-17,Local Cafe,Dining,17.11,Credit Card,False
29,high_earner,2026-08-18,Electric Co,Utilities,40.56,Debit Card,False
29,high_earner,2026-08-18,Hotel Booking,Travel,80.07,Mobile Wallet,False
29,high_earner,2026-08-18,Fresh Foods,Groceries,68.48,Mobile Wallet,False
29,high_earner,2026-08-19,Carrefour,Groceries,33.55,Credit Card,False
29,high_earner,2026-08-19,Landlord Transfer,Rent,561.27,Mobile Wallet,False
29,high_earner,2026-08-19,Landlord Transfer,Rent,559.11,Mobile Wallet,False
29,high_earner,2026-08-22,McDonalds,Dining,34.2,Mobile Wallet,False
29,high_earner,2026-08-22,Landlord Transfer,Rent,585.54,Cash,False
29,high_earner,2026-08-23,Landlord Transfer,Rent,636.87,Cash,False
29,high_earner,2026-08-24,Amazon,Shopping,69.63,Debit Card,False
29,high_earner,2026-08-25,Landlord Transfer,Rent,589.35,Cash,False
29,high_earner,2026-08-25,Steam,Entertainment,1.13,Debit Card,False
29,high_earner,2026-08-25,Amazon,Shopping,84.85,Debit Card,False
29,high_earner,2026-08-25,Hospital,Healthcare,1.0,Cash,False
29,high_earner,2026-08-26,AirBnB,Travel,82.19,Credit Card,False
29,high_earner,2026-08-27,Cinema,Entertainment,6.16,Mobile Wallet,False
29,high_earner,2026-08-28,Amazon,Shopping,72.69,Mobile Wallet,False
29,high_earner,2026-08-29,Starbucks,Dining,23.72,Cash,False
29,high_earner,2026-08-30,Zara,Shopping,25.29,Debit Card,False
29,high_earner,2026-08-30,Zara,Shopping,17.04,Credit Card,False
29,high_earner,2026-09-01,Hotel Booking,Travel,1607.37,Debit Card,True
29,high_earner,2026-09-01,Electric Co,Utilities,97.12,Debit Card,False
30,family,2026-03-05,Landlord Transfer,Rent,553.1,Mobile Wallet,False
30,family,2026-03-07,Fresh Foods,Groceries,88.23,Cash,False
30,family,2026-03-07,Walmart,Groceries,42.38,Cash,False
30,family,2026-03-07,Fresh Foods,Groceries,33.62,Credit Card,False
30,family,2026-03-08,Pizza Hut,Dining,12.26,Credit Card,False
30,family,2026-03-09,Water Board,Utilities,54.73,Credit Card,False
30,family,2026-03-10,Landlord Transfer,Rent,646.75,Cash,False
30,family,2026-03-11,Gas Company,Utilities,84.87,Debit Card,False
30,family,2026-03-12,Local Cafe,Dining,11.93,Mobile Wallet,False
30,family,2026-03-12,Gas Company,Utilities,110.69,Credit Card,False
30,family,2026-03-14,Hospital,Healthcare,41.3,Mobile Wallet,False
30,family,2026-03-14,Local Mart,Groceries,47.39,Cash,False
30,family,2026-03-14,Dental Care,Healthcare,54.81,Mobile Wallet,False
30,family,2026-03-16,Landlord Transfer,Rent,401.46,Debit Card,False
30,family,2026-03-17,Bookstore,Education,1.0,Cash,False
30,family,2026-03-18,Coursera,Education,76.95,Mobile Wallet,False
30,family,2026-03-19,Local Mart,Groceries,37.15,Cash,False
30,family,2026-03-19,Walmart,Groceries,38.36,Mobile Wallet,False
30,family,2026-03-20,Walmart,Groceries,1.0,Cash,False
30,family,2026-03-21,Walmart,Groceries,33.22,Credit Card,False
30,family,2026-03-22,Landlord Transfer,Rent,500.99,Credit Card,False
30,family,2026-03-23,Carrefour,Groceries,22.99,Credit Card,False
30,family,2026-03-24,Clinic,Healthcare,43.79,Cash,False
30,family,2026-03-24,Walmart,Groceries,59.21,Debit Card,False
30,family,2026-03-25,Clinic,Healthcare,6.11,Credit Card,False
30,family,2026-03-25,Landlord Transfer,Rent,551.39,Credit Card,False
30,family,2026-03-26,Walmart,Groceries,36.16,Cash,False
30,family,2026-03-28,Landlord Transfer,Rent,549.81,Debit Card,False
30,family,2026-03-28,Fresh Foods,Groceries,75.2,Cash,False
30,family,2026-03-29,Walmart,Groceries,21.48,Credit Card,False
30,family,2026-03-30,McDonalds,Dining,15.68,Debit Card,False
30,family,2026-03-30,Daraz,Shopping,54.24,Credit Card,False
30,family,2026-03-31,Carrefour,Groceries,22.18,Credit Card,False
30,family,2026-04-01,Amazon,Shopping,85.68,Credit Card,False
30,family,2026-04-02,Fresh Foods,Groceries,21.88,Debit Card,False
30,family,2026-04-02,Water Board,Utilities,82.73,Credit Card,False
30,family,2026-04-02,Amazon,Shopping,91.8,Mobile Wallet,False
30,family,2026-04-03,Hospital,Healthcare,46.03,Debit Card,False
30,family,2026-04-05,Gas Company,Utilities,60.14,Debit Card,False
30,family,2026-04-05,Landlord Transfer,Rent,576.01,Debit Card,False
30,family,2026-04-07,Gas Company,Utilities,83.34,Cash,False
30,family,2026-04-07,McDonalds,Dining,14.4,Mobile Wallet,False
30,family,2026-04-08,Carrefour,Groceries,11.41,Credit Card,False
30,family,2026-04-08,Amazon,Shopping,95.31,Debit Card,False
30,family,2026-04-09,Carrefour,Groceries,49.43,Cash,False
30,family,2026-04-11,Carrefour,Groceries,39.19,Debit Card,False
30,family,2026-04-11,Amazon,Shopping,24.49,Credit Card,False
30,family,2026-04-13,Carrefour,Groceries,37.57,Debit Card,False
30,family,2026-04-13,Internet ISP,Utilities,94.02,Debit Card,False
30,family,2026-04-17,Landlord Transfer,Rent,343.21,Mobile Wallet,False
30,family,2026-04-17,Internet ISP,Utilities,80.28,Mobile Wallet,False
30,family,2026-04-18,Pizza Hut,Dining,13.25,Debit Card,False
30,family,2026-04-20,Metro Card,Transport,23.57,Cash,False
30,family,2026-04-21,Pizza Hut,Dining,6.37,Debit Card,False
30,family,2026-04-21,McDonalds,Dining,7.87,Cash,False
30,family,2026-04-21,Local Mart,Groceries,49.4,Debit Card,False
30,family,2026-04-21,Electric Co,Utilities,73.39,Credit Card,False
30,family,2026-04-23,Uber,Transport,20.06,Mobile Wallet,False
30,family,2026-04-23,Zara,Shopping,113.18,Credit Card,False
30,family,2026-04-23,IKEA,Shopping,1.0,Credit Card,False
30,family,2026-04-23,Gas Company,Utilities,377.79,Credit Card,True
30,family,2026-04-23,Local Mart,Groceries,43.78,Cash,False
30,family,2026-04-24,Landlord Transfer,Rent,462.01,Cash,False
30,family,2026-04-24,Local Mart,Groceries,23.72,Mobile Wallet,False
30,family,2026-04-24,Local Mart,Groceries,31.22,Mobile Wallet,False
30,family,2026-04-24,Local Mart,Groceries,23.88,Mobile Wallet,False
30,family,2026-04-26,Landlord Transfer,Rent,428.97,Mobile Wallet,False
30,family,2026-04-26,Shell Gas,Transport,8.64,Debit Card,False
30,family,2026-04-29,Landlord Transfer,Rent,692.23,Debit Card,False
30,family,2026-05-01,Pharmacy,Healthcare,72.49,Cash,False
30,family,2026-05-01,Fresh Foods,Groceries,9.16,Mobile Wallet,False
30,family,2026-05-03,Fresh Foods,Groceries,49.2,Cash,False
30,family,2026-05-04,Dental Care,Healthcare,4.63,Mobile Wallet,False
30,family,2026-05-04,Fresh Foods,Groceries,57.8,Mobile Wallet,False
30,family,2026-05-05,Careem,Transport,14.62,Debit Card,False
30,family,2026-05-05,Dental Care,Healthcare,1.0,Mobile Wallet,False
30,family,2026-05-07,Electric Co,Utilities,61.42,Debit Card,False
30,family,2026-05-09,Local Mart,Groceries,49.87,Mobile Wallet,False
30,family,2026-05-09,Carrefour,Groceries,44.92,Mobile Wallet,False
30,family,2026-05-10,Zara,Shopping,26.37,Credit Card,False
30,family,2026-05-10,Gas Company,Utilities,69.75,Debit Card,False
30,family,2026-05-10,Carrefour,Groceries,36.91,Debit Card,False
30,family,2026-05-11,Water Board,Utilities,49.71,Credit Card,False
30,family,2026-05-11,Amazon,Shopping,153.89,Mobile Wallet,False
30,family,2026-05-11,IKEA,Shopping,115.69,Debit Card,False
30,family,2026-05-12,Local Mart,Groceries,26.78,Cash,False
30,family,2026-05-12,Carrefour,Groceries,42.26,Credit Card,False
30,family,2026-05-14,Fresh Foods,Groceries,35.32,Mobile Wallet,False
30,family,2026-05-14,Clinic,Healthcare,31.41,Cash,False
30,family,2026-05-15,Landlord Transfer,Rent,514.8,Debit Card,False
30,family,2026-05-15,Daraz,Shopping,56.7,Mobile Wallet,False
30,family,2026-05-16,IKEA,Shopping,98.45,Mobile Wallet,False
30,family,2026-05-16,Landlord Transfer,Rent,569.6,Debit Card,False
30,family,2026-05-18,IKEA,Shopping,94.42,Credit Card,False
30,family,2026-05-18,Landlord Transfer,Rent,482.11,Credit Card,False
30,family,2026-05-18,Landlord Transfer,Rent,504.42,Cash,False
30,family,2026-05-19,IKEA,Shopping,65.57,Cash,False
30,family,2026-05-19,Water Board,Utilities,86.1,Debit Card,False
30,family,2026-05-19,Dental Care,Healthcare,1.0,Debit Card,False
30,family,2026-05-20,Gas Company,Utilities,69.23,Mobile Wallet,False
30,family,2026-05-21,Amazon,Shopping,111.32,Cash,False
30,family,2026-05-24,Carrefour,Groceries,66.86,Cash,False
30,family,2026-05-24,Zara,Shopping,14.41,Mobile Wallet,False
30,family,2026-05-26,Uber,Transport,10.34,Debit Card,False
30,family,2026-05-27,Zara,Shopping,26.96,Cash,False
30,family,2026-05-27,Pizza Hut,Dining,14.7,Debit Card,False
30,family,2026-05-28,Zara,Shopping,26.6,Mobile Wallet,False
30,family,2026-05-28,McDonalds,Dining,3.99,Credit Card,False
30,family,2026-05-29,Fresh Foods,Groceries,58.58,Cash,False
30,family,2026-05-30,Landlord Transfer,Rent,570.08,Debit Card,False
30,family,2026-05-30,Daraz,Shopping,59.84,Cash,False
30,family,2026-05-31,Carrefour,Groceries,43.46,Cash,False
30,family,2026-06-02,Landlord Transfer,Rent,605.98,Cash,False
30,family,2026-06-02,Pizza Hut,Dining,9.49,Cash,False
30,family,2026-06-02,Water Board,Utilities,90.85,Debit Card,False
30,family,2026-06-05,Hospital,Healthcare,34.79,Debit Card,False
30,family,2026-06-06,Careem,Transport,17.89,Debit Card,False
30,family,2026-06-08,Fresh Foods,Groceries,19.27,Mobile Wallet,False
30,family,2026-06-09,Electric Co,Utilities,39.19,Cash,False
30,family,2026-06-10,Walmart,Groceries,36.69,Mobile Wallet,False
30,family,2026-06-10,Clinic,Healthcare,1.0,Cash,False
30,family,2026-06-10,Amazon,Shopping,122.86,Mobile Wallet,False
30,family,2026-06-15,IKEA,Shopping,10.41,Cash,False
30,family,2026-06-16,Uber,Transport,5.62,Mobile Wallet,False
30,family,2026-06-17,Landlord Transfer,Rent,373.71,Debit Card,False
30,family,2026-06-18,Local Mart,Groceries,42.21,Debit Card,False
30,family,2026-06-18,Local Mart,Groceries,42.12,Credit Card,False
30,family,2026-06-20,IKEA,Shopping,58.59,Debit Card,False
30,family,2026-06-21,Daraz,Shopping,123.76,Credit Card,False
30,family,2026-06-21,Landlord Transfer,Rent,394.44,Cash,False
30,family,2026-06-21,Fresh Foods,Groceries,47.47,Debit Card,False
30,family,2026-06-24,Internet ISP,Utilities,97.8,Cash,False
30,family,2026-06-27,Gas Company,Utilities,20.7,Cash,False
30,family,2026-06-27,Water Board,Utilities,77.59,Debit Card,False
30,family,2026-06-28,Walmart,Groceries,45.17,Cash,False
30,family,2026-06-28,Walmart,Groceries,58.34,Debit Card,False
30,family,2026-06-30,Landlord Transfer,Rent,427.81,Debit Card,False
30,family,2026-07-02,Gas Company,Utilities,50.23,Mobile Wallet,False
30,family,2026-07-02,Landlord Transfer,Rent,617.47,Cash,False
30,family,2026-07-02,Bookstore,Education,10.32,Debit Card,False
30,family,2026-07-04,Clinic,Healthcare,47.18,Cash,False
30,family,2026-07-04,Landlord Transfer,Rent,457.01,Credit Card,False
30,family,2026-07-04,Fresh Foods,Groceries,68.61,Credit Card,False
30,family,2026-07-05,Local Mart,Groceries,47.06,Mobile Wallet,False
30,family,2026-07-05,Daraz,Shopping,79.17,Mobile Wallet,False
30,family,2026-07-07,Landlord Transfer,Rent,444.14,Debit Card,False
30,family,2026-07-07,Fresh Foods,Groceries,43.94,Cash,False
30,family,2026-07-08,Electric Co,Utilities,49.79,Cash,False
30,family,2026-07-08,IKEA,Shopping,108.16,Cash,False
30,family,2026-07-12,Landlord Transfer,Rent,536.4,Mobile Wallet,False
30,family,2026-07-12,Local Mart,Groceries,27.03,Debit Card,False
30,family,2026-07-13,Coursera,Education,8.41,Cash,False
30,family,2026-07-14,McDonalds,Dining,24.4,Credit Card,False
30,family,2026-07-14,Electric Co,Utilities,43.76,Cash,False
30,family,2026-07-15,Fresh Foods,Groceries,31.01,Cash,False
30,family,2026-07-16,Clinic,Healthcare,31.04,Cash,False
30,family,2026-07-16,IKEA,Shopping,70.57,Credit Card,False
30,family,2026-07-16,Fresh Foods,Groceries,50.98,Cash,False
30,family,2026-07-16,Local Cafe,Dining,23.9,Debit Card,False
30,family,2026-07-16,Shell Gas,Transport,13.89,Credit Card,False
30,family,2026-07-16,Local Mart,Groceries,187.3,Credit Card,True
30,family,2026-07-18,McDonalds,Dining,13.36,Debit Card,False
30,family,2026-07-18,Landlord Transfer,Rent,520.24,Credit Card,False
30,family,2026-07-20,Walmart,Groceries,34.31,Debit Card,False
30,family,2026-07-21,Carrefour,Groceries,45.17,Credit Card,False
30,family,2026-07-21,Water Board,Utilities,60.19,Debit Card,False
30,family,2026-07-21,Amazon,Shopping,100.52,Cash,False
30,family,2026-07-23,Hospital,Healthcare,68.7,Cash,False
30,family,2026-07-24,Walmart,Groceries,27.66,Mobile Wallet,False
30,family,2026-07-25,Local Mart,Groceries,42.36,Credit Card,False
30,family,2026-07-26,Fresh Foods,Groceries,63.92,Mobile Wallet,False
30,family,2026-07-27,Amazon,Shopping,95.22,Mobile Wallet,False
30,family,2026-07-27,Fresh Foods,Groceries,42.93,Debit Card,False
30,family,2026-07-28,Walmart,Groceries,39.01,Debit Card,False
30,family,2026-07-28,IKEA,Shopping,66.67,Debit Card,False
30,family,2026-07-29,Walmart,Groceries,25.69,Cash,False
30,family,2026-07-30,Landlord Transfer,Rent,458.64,Debit Card,False
30,family,2026-08-01,Landlord Transfer,Rent,453.85,Credit Card,False
30,family,2026-08-01,Walmart,Groceries,60.07,Debit Card,False
30,family,2026-08-02,Gas Company,Utilities,77.39,Credit Card,False
30,family,2026-08-03,Walmart,Groceries,34.92,Debit Card,False
30,family,2026-08-04,Water Board,Utilities,79.81,Debit Card,False
30,family,2026-08-06,Carrefour,Groceries,35.6,Cash,False
30,family,2026-08-06,Bookstore,Education,13.29,Mobile Wallet,False
30,family,2026-08-06,Dental Care,Healthcare,7.44,Credit Card,False
30,family,2026-08-06,Hospital,Healthcare,51.85,Mobile Wallet,False
30,family,2026-08-06,Uber,Transport,9.58,Mobile Wallet,False
30,family,2026-08-07,McDonalds,Dining,41.25,Credit Card,False
30,family,2026-08-08,Coursera,Education,11.22,Credit Card,False
30,family,2026-08-08,Clinic,Healthcare,88.54,Debit Card,False
30,family,2026-08-08,Landlord Transfer,Rent,638.41,Credit Card,False
30,family,2026-08-09,Landlord Transfer,Rent,530.12,Credit Card,False
30,family,2026-08-09,Local Mart,Groceries,46.59,Debit Card,False
30,family,2026-08-09,Gas Company,Utilities,29.29,Debit Card,False
30,family,2026-08-09,Carrefour,Groceries,30.53,Credit Card,False
30,family,2026-08-09,Zara,Shopping,38.85,Cash,False
30,family,2026-08-10,Local Mart,Groceries,31.1,Mobile Wallet,False
30,family,2026-08-10,Water Board,Utilities,71.11,Debit Card,False
30,family,2026-08-11,Local Mart,Groceries,30.77,Cash,False
30,family,2026-08-12,Water Board,Utilities,39.66,Cash,False
30,family,2026-08-14,Local Mart,Groceries,39.58,Mobile Wallet,False
30,family,2026-08-16,Landlord Transfer,Rent,390.69,Cash,False
30,family,2026-08-17,Gas Company,Utilities,98.63,Credit Card,False
30,family,2026-08-17,Fresh Foods,Groceries,42.09,Mobile Wallet,False
30,family,2026-08-19,Carrefour,Groceries,52.37,Debit Card,False
30,family,2026-08-21,Electric Co,Utilities,65.48,Credit Card,False
30,family,2026-08-21,IKEA,Shopping,99.95,Credit Card,False
30,family,2026-08-22,Coursera,Education,79.61,Debit Card,False
30,family,2026-08-23,Local Mart,Groceries,38.63,Debit Card,False
30,family,2026-08-24,Local Mart,Groceries,17.41,Cash,False
30,family,2026-08-25,IKEA,Shopping,1.0,Credit Card,False
30,family,2026-08-28,Clinic,Healthcare,44.15,Cash,False
30,family,2026-08-29,Coursera,Education,62.64,Credit Card,False
30,family,2026-08-30,Hospital,Healthcare,1.0,Credit Card,False
30,family,2026-08-30,Carrefour,Groceries,43.19,Debit Card,False
30,family,2026-09-01,Landlord Transfer,Rent,594.92,Debit Card,False
31,high_earner,2026-03-05,AirBnB,Travel,269.06,Mobile Wallet,False
31,high_earner,2026-03-05,Pizza Hut,Dining,1.03,Mobile Wallet,False
31,high_earner,2026-03-06,Dental Care,Healthcare,1.0,Debit Card,False
31,high_earner,2026-03-07,IKEA,Shopping,58.43,Mobile Wallet,False
31,high_earner,2026-03-08,Cinema,Entertainment,16.22,Debit Card,False
31,high_earner,2026-03-08,Amazon,Shopping,61.16,Credit Card,False
31,high_earner,2026-03-09,Airline Co,Travel,88.27,Credit Card,False
31,high_earner,2026-03-09,Amazon,Shopping,135.74,Credit Card,False
31,high_earner,2026-03-10,Zara,Shopping,1.0,Credit Card,False
31,high_earner,2026-03-13,Landlord Transfer,Rent,509.74,Mobile Wallet,False
31,high_earner,2026-03-15,Local Cafe,Dining,22.31,Debit Card,False
31,high_earner,2026-03-16,Airline Co,Travel,135.94,Credit Card,False
31,high_earner,2026-03-18,Hotel Booking,Travel,290.99,Debit Card,False
31,high_earner,2026-03-19,Landlord Transfer,Rent,407.78,Mobile Wallet,False
31,high_earner,2026-03-19,AirBnB,Travel,165.28,Cash,False
31,high_earner,2026-03-20,Walmart,Groceries,22.82,Cash,False
31,high_earner,2026-03-20,Gas Company,Utilities,81.77,Credit Card,False
31,high_earner,2026-03-21,Hotel Booking,Travel,1.0,Credit Card,False
31,high_earner,2026-03-21,Walmart,Groceries,53.83,Cash,False
31,high_earner,2026-03-22,Starbucks,Dining,19.41,Cash,False
31,high_earner,2026-03-22,Steam,Entertainment,22.44,Debit Card,False
31,high_earner,2026-03-22,McDonalds,Dining,26.07,Credit Card,False
31,high_earner,2026-03-23,IKEA,Shopping,132.33,Debit Card,False
31,high_earner,2026-03-23,Landlord Transfer,Rent,597.19,Credit Card,False
31,high_earner,2026-03-23,Landlord Transfer,Rent,499.78,Debit Card,False
31,high_earner,2026-03-23,Local Cafe,Dining,12.86,Cash,False
31,high_earner,2026-03-23,Zara,Shopping,23.77,Credit Card,False
31,high_earner,2026-03-24,Landlord Transfer,Rent,558.6,Credit Card,False
31,high_earner,2026-03-26,Carrefour,Groceries,63.65,Debit Card,False
31,high_earner,2026-03-27,Amazon,Shopping,74.78,Mobile Wallet,False
31,high_earner,2026-03-31,Steam,Entertainment,19.88,Credit Card,False
31,high_earner,2026-03-31,Airline Co,Travel,59.45,Mobile Wallet,False
31,high_earner,2026-04-01,IKEA,Shopping,32.51,Mobile Wallet,False
31,high_earner,2026-04-02,Dental Care,Healthcare,57.31,Debit Card,False
31,high_earner,2026-04-02,Airline Co,Travel,120.97,Credit Card,False
31,high_earner,2026-04-03,McDonalds,Dining,27.18,Cash,False
31,high_earner,2026-04-04,Local Mart,Groceries,51.79,Mobile Wallet,False
31,high_earner,2026-04-09,Spotify,Entertainment,1.0,Cash,False
31,high_earner,2026-04-09,McDonalds,Dining,35.45,Cash,False
31,high_earner,2026-04-10,Landlord Transfer,Rent,492.79,Debit Card,False
31,high_earner,2026-04-10,Local Cafe,Dining,10.15,Credit Card,False
31,high_earner,2026-04-12,Amazon,Shopping,54.5,Mobile Wallet,False
31,high_earner,2026-04-12,IKEA,Shopping,22.32,Debit Card,False
31,high_earner,2026-04-14,Walmart,Groceries,49.58,Cash,False
31,high_earner,2026-04-14,Landlord Transfer,Rent,530.45,Credit Card,False
31,high_earner,2026-04-15,Cinema,Entertainment,32.2,Mobile Wallet,False
31,high_earner,2026-04-15,Hotel Booking,Travel,397.93,Debit Card,False
31,high_earner,2026-04-16,Zara,Shopping,108.62,Cash,False
31,high_earner,2026-04-17,Daraz,Shopping,56.5,Cash,False
31,high_earner,2026-04-17,AirBnB,Travel,639.45,Cash,False
31,high_earner,2026-04-20,Local Cafe,Dining,25.59,Debit Card,False
31,high_earner,2026-04-20,AirBnB,Travel,266.8,Mobile Wallet,False
31,high_earner,2026-04-22,Landlord Transfer,Rent,470.27,Mobile Wallet,False
31,high_earner,2026-04-22,Hotel Booking,Travel,165.58,Cash,False
31,high_earner,2026-04-22,Carrefour,Groceries,52.06,Mobile Wallet,False
31,high_earner,2026-04-22,Landlord Transfer,Rent,315.5,Cash,False
31,high_earner,2026-04-23,Landlord Transfer,Rent,380.13,Credit Card,False
31,high_earner,2026-04-25,Local Mart,Groceries,47.03,Debit Card,False
31,high_earner,2026-04-25,Pizza Hut,Dining,35.64,Cash,False
31,high_earner,2026-04-29,IKEA,Shopping,1.0,Mobile Wallet,False
31,high_earner,2026-04-29,Landlord Transfer,Rent,521.67,Credit Card,False
31,high_earner,2026-04-30,Landlord Transfer,Rent,363.02,Debit Card,False
31,high_earner,2026-04-30,Local Mart,Groceries,44.66,Debit Card,False
31,high_earner,2026-05-01,Carrefour,Groceries,42.05,Debit Card,False
31,high_earner,2026-05-01,Fresh Foods,Groceries,37.73,Credit Card,False
31,high_earner,2026-05-02,Fresh Foods,Groceries,47.63,Credit Card,False
31,high_earner,2026-05-03,Amazon,Shopping,107.2,Credit Card,False
31,high_earner,2026-05-04,AirBnB,Travel,371.55,Credit Card,False
31,high_earner,2026-05-04,Hospital,Healthcare,30.24,Debit Card,False
31,high_earner,2026-05-04,AirBnB,Travel,125.04,Debit Card,False
31,high_earner,2026-05-04,AirBnB,Travel,177.97,Cash,False
31,high_earner,2026-05-05,Hotel Booking,Travel,319.84,Credit Card,False
31,high_earner,2026-05-09,Hotel Booking,Travel,98.28,Cash,False
31,high_earner,2026-05-10,IKEA,Shopping,1.0,Mobile Wallet,False
31,high_earner,2026-05-11,Clinic,Healthcare,31.7,Cash,False
31,high_earner,2026-05-11,AirBnB,Travel,125.2,Mobile Wallet,False
31,high_earner,2026-05-14,Amazon,Shopping,15.69,Debit Card,False
31,high_earner,2026-05-14,Fresh Foods,Groceries,18.92,Debit Card,False
31,high_earner,2026-05-15,Landlord Transfer,Rent,387.96,Credit Card,False
31,high_earner,2026-05-16,Landlord Transfer,Rent,348.55,Mobile Wallet,False
31,high_earner,2026-05-16,Airline Co,Travel,438.57,Credit Card,False
31,high_earner,2026-05-16,Zara,Shopping,64.0,Debit Card,False
31,high_earner,2026-05-16,Landlord Transfer,Rent,577.58,Cash,False
31,high_earner,2026-05-18,Landlord Transfer,Rent,404.93,Credit Card,False
31,high_earner,2026-05-18,Landlord Transfer,Rent,558.34,Credit Card,False
31,high_earner,2026-05-19,Walmart,Groceries,46.86,Credit Card,False
31,high_earner,2026-05-21,Hotel Booking,Travel,77.04,Credit Card,False
31,high_earner,2026-05-21,Spotify,Entertainment,1.0,Debit Card,False
31,high_earner,2026-05-21,McDonalds,Dining,28.44,Credit Card,False
31,high_earner,2026-05-22,Hotel Booking,Travel,2771.63,Credit Card,True
31,high_earner,2026-05-22,Fresh Foods,Groceries,50.39,Cash,False
31,high_earner,2026-05-22,Dental Care,Healthcare,38.08,Credit Card,False
31,high_earner,2026-05-23,Landlord Transfer,Rent,435.36,Cash,False
31,high_earner,2026-05-23,Steam,Entertainment,21.41,Cash,False
31,high_earner,2026-05-24,Landlord Transfer,Rent,499.93,Cash,False
31,high_earner,2026-05-24,Steam,Entertainment,21.71,Mobile Wallet,False
31,high_earner,2026-05-26,AirBnB,Travel,300.96,Credit Card,False
31,high_earner,2026-05-27,Fresh Foods,Groceries,40.92,Credit Card,False
31,high_earner,2026-05-27,IKEA,Shopping,55.44,Cash,False
31,high_earner,2026-05-29,Internet ISP,Utilities,34.75,Credit Card,False
31,high_earner,2026-05-29,Landlord Transfer,Rent,468.31,Mobile Wallet,False
31,high_earner,2026-05-29,Landlord Transfer,Rent,256.81,Credit Card,False
31,high_earner,2026-05-31,Landlord Transfer,Rent,631.65,Cash,False
31,high_earner,2026-05-31,Local Cafe,Dining,20.02,Credit Card,False
31,high_earner,2026-05-31,Hotel Booking,Travel,182.57,Credit Card,False
31,high_earner,2026-06-01,Fresh Foods,Groceries,43.82,Credit Card,False
31,high_earner,2026-06-02,Dental Care,Healthcare,26.27,Cash,False
31,high_earner,2026-06-02,Netflix,Entertainment,5.14,Credit Card,False
31,high_earner,2026-06-04,Airline Co,Travel,165.29,Credit Card,False
31,high_earner,2026-06-04,IKEA,Shopping,48.44,Mobile Wallet,False
31,high_earner,2026-06-05,Cinema,Entertainment,28.95,Debit Card,False
31,high_earner,2026-06-06,IKEA,Shopping,7.58,Credit Card,False
31,high_earner,2026-06-07,Hotel Booking,Travel,425.9,Cash,False
31,high_earner,2026-06-07,IKEA,Shopping,130.62,Debit Card,False
31,high_earner,2026-06-08,Local Cafe,Dining,5.91,Credit Card,False
31,high_earner,2026-06-08,Amazon,Shopping,46.3,Debit Card,False
31,high_earner,2026-06-09,McDonalds,Dining,11.59,Mobile Wallet,False
31,high_earner,2026-06-10,Airline Co,Travel,213.65,Debit Card,False
31,high_earner,2026-06-11,Fresh Foods,Groceries,52.94,Cash,False
31,high_earner,2026-06-11,IKEA,Shopping,69.14,Credit Card,False
31,high_earner,2026-06-12,Pizza Hut,Dining,25.69,Credit Card,False
31,high_earner,2026-06-12,AirBnB,Travel,1.0,Mobile Wallet,False
31,high_earner,2026-06-12,Daraz,Shopping,98.47,Mobile Wallet,False
31,high_earner,2026-06-14,Internet ISP,Utilities,77.85,Debit Card,False
31,high_earner,2026-06-15,McDonalds,Dining,20.68,Cash,False
31,high_earner,2026-06-15,Landlord Transfer,Rent,636.69,Mobile Wallet,False
31,high_earner,2026-06-17,Airline Co,Travel,114.4,Debit Card,False
31,high_earner,2026-06-17,Netflix,Entertainment,10.09,Debit Card,False
31,high_earner,2026-06-18,IKEA,Shopping,1.0,Mobile Wallet,False
31,high_earner,2026-06-19,Airline Co,Travel,70.17,Credit Card,False
31,high_earner,2026-06-21,Steam,Entertainment,18.57,Debit Card,False
31,high_earner,2026-06-22,Local Cafe,Dining,14.58,Credit Card,False
31,high_earner,2026-06-22,Zara,Shopping,1.0,Debit Card,False
31,high_earner,2026-06-23,Starbucks,Dining,4.7,Cash,False
31,high_earner,2026-06-24,Local Cafe,Dining,2.1,Debit Card,False
31,high_earner,2026-06-27,AirBnB,Travel,208.92,Mobile Wallet,False
31,high_earner,2026-06-27,AirBnB,Travel,287.38,Credit Card,False
31,high_earner,2026-06-30,Walmart,Groceries,22.64,Debit Card,False
31,high_earner,2026-06-30,Daraz,Shopping,96.1,Debit Card,False
31,high_earner,2026-06-30,Landlord Transfer,Rent,549.41,Mobile Wallet,False
31,high_earner,2026-07-01,Steam,Entertainment,1.0,Cash,False
31,high_earner,2026-07-01,IKEA,Shopping,43.71,Credit Card,False
31,high_earner,2026-07-02,Zara,Shopping,32.68,Credit Card,False
31,high_earner,2026-07-02,Local Cafe,Dining,20.33,Mobile Wallet,False
31,high_earner,2026-07-04,Amazon,Shopping,42.89,Cash,False
31,high_earner,2026-07-04,Steam,Entertainment,75.93,Mobile Wallet,True
31,high_earner,2026-07-05,Amazon,Shopping,72.43,Credit Card,False
31,high_earner,2026-07-05,Airline Co,Travel,278.63,Cash,False
31,high_earner,2026-07-07,AirBnB,Travel,34.31,Cash,False
31,high_earner,2026-07-08,Steam,Entertainment,19.19,Mobile Wallet,False
31,high_earner,2026-07-08,AirBnB,Travel,75.0,Debit Card,False
31,high_earner,2026-07-09,Airline Co,Travel,311.69,Credit Card,False
31,high_earner,2026-07-09,Walmart,Groceries,61.81,Debit Card,False
31,high_earner,2026-07-10,McDonalds,Dining,24.26,Debit Card,False
31,high_earner,2026-07-12,Daraz,Shopping,40.48,Mobile Wallet,False
31,high_earner,2026-07-12,Zara,Shopping,78.45,Cash,False
31,high_earner,2026-07-14,Local Cafe,Dining,14.87,Credit Card,False
31,high_earner,2026-07-16,Daraz,Shopping,28.41,Mobile Wallet,False
31,high_earner,2026-07-20,Airline Co,Travel,313.53,Credit Card,False
31,high_earner,2026-07-20,Landlord Transfer,Rent,407.37,Debit Card,False
31,high_earner,2026-07-20,Daraz,Shopping,46.72,Cash,False
31,high_earner,2026-07-21,Landlord Transfer,Rent,461.07,Mobile Wallet,False
31,high_earner,2026-07-23,Landlord Transfer,Rent,387.65,Cash,False
31,high_earner,2026-07-23,Amazon,Shopping,1.0,Credit Card,False
31,high_earner,2026-07-24,Electric Co,Utilities,82.19,Cash,False
31,high_earner,2026-07-25,Landlord Transfer,Rent,392.88,Cash,False
31,high_earner,2026-07-28,Landlord Transfer,Rent,538.42,Cash,False
31,high_earner,2026-07-28,Carrefour,Groceries,26.44,Mobile Wallet,False
31,high_earner,2026-07-28,Spotify,Entertainment,26.99,Debit Card,False
31,high_earner,2026-07-29,Steam,Entertainment,17.0,Mobile Wallet,False
31,high_earner,2026-07-29,Local Cafe,Dining,8.11,Debit Card,False
31,high_earner,2026-07-29,Walmart,Groceries,42.23,Debit Card,False
31,high_earner,2026-07-30,Local Cafe,Dining,18.1,Credit Card,False
31,high_earner,2026-07-30,Carrefour,Groceries,56.86,Debit Card,False
31,high_earner,2026-07-31,Daraz,Shopping,67.5,Credit Card,False
31,high_earner,2026-07-31,Hotel Booking,Travel,348.58,Credit Card,False
31,high_earner,2026-08-02,Daraz,Shopping,19.54,Debit Card,False
31,high_earner,2026-08-03,IKEA,Shopping,72.59,Cash,False
31,high_earner,2026-08-03,Spotify,Entertainment,14.36,Cash,False
31,high_earner,2026-08-04,Local Cafe,Dining,5.84,Credit Card,False
31,high_earner,2026-08-05,Local Cafe,Dining,7.58,Credit Card,False
31,high_earner,2026-08-05,Cinema,Entertainment,3.63,Mobile Wallet,False
31,high_earner,2026-08-05,Landlord Transfer,Rent,440.79,Debit Card,False
31,high_earner,2026-08-06,Landlord Transfer,Rent,606.74,Mobile Wallet,False
31,high_earner,2026-08-06,Steam,Entertainment,27.06,Debit Card,False
31,high_earner,2026-08-08,Landlord Transfer,Rent,484.74,Mobile Wallet,False
31,high_earner,2026-08-08,Steam,Entertainment,3.71,Debit Card,False
31,high_earner,2026-08-09,Daraz,Shopping,74.23,Cash,False
31,high_earner,2026-08-11,Steam,Entertainment,25.83,Credit Card,False
31,high_earner,2026-08-12,Steam,Entertainment,9.3,Credit Card,False
31,high_earner,2026-08-12,Fresh Foods,Groceries,21.35,Credit Card,False
31,high_earner,2026-08-13,Walmart,Groceries,25.23,Debit Card,False
31,high_earner,2026-08-14,AirBnB,Travel,13.4,Credit Card,False
31,high_earner,2026-08-14,Hospital,Healthcare,6.8,Cash,False
31,high_earner,2026-08-14,Gas Company,Utilities,67.38,Cash,False
31,high_earner,2026-08-15,IKEA,Shopping,94.85,Cash,False
31,high_earner,2026-08-16,Cinema,Entertainment,10.91,Cash,False
31,high_earner,2026-08-17,Zara,Shopping,66.47,Mobile Wallet,False
31,high_earner,2026-08-19,AirBnB,Travel,182.67,Mobile Wallet,False
31,high_earner,2026-08-19,Landlord Transfer,Rent,547.55,Debit Card,False
31,high_earner,2026-08-21,IKEA,Shopping,135.89,Cash,False
31,high_earner,2026-08-22,Walmart,Groceries,40.06,Mobile Wallet,False
31,high_earner,2026-08-22,Landlord Transfer,Rent,430.81,Credit Card,False
31,high_earner,2026-08-23,Hotel Booking,Travel,1.0,Cash,False
31,high_earner,2026-08-23,Landlord Transfer,Rent,400.92,Cash,False
31,high_earner,2026-08-24,Daraz,Shopping,54.36,Cash,False
31,high_earner,2026-08-25,Cinema,Entertainment,16.45,Debit Card,False
31,high_earner,2026-08-25,Landlord Transfer,Rent,469.29,Cash,False
31,high_earner,2026-08-25,Landlord Transfer,Rent,433.09,Debit Card,False
31,high_earner,2026-08-25,Pizza Hut,Dining,26.53,Mobile Wallet,False
31,high_earner,2026-08-25,Local Mart,Groceries,34.77,Cash,False
31,high_earner,2026-08-26,Landlord Transfer,Rent,466.86,Debit Card,False
31,high_earner,2026-08-27,AirBnB,Travel,97.98,Debit Card,False
31,high_earner,2026-08-27,AirBnB,Travel,131.03,Cash,False
31,high_earner,2026-08-28,Starbucks,Dining,18.31,Cash,False
31,high_earner,2026-08-28,AirBnB,Travel,422.92,Cash,False
31,high_earner,2026-08-29,Starbucks,Dining,6.05,Mobile Wallet,False
32,young_professional,2026-03-05,Walmart,Groceries,40.26,Cash,False
32,young_professional,2026-03-06,Landlord Transfer,Rent,473.12,Debit Card,False
32,young_professional,2026-03-07,Shell Gas,Transport,10.25,Debit Card,False
32,young_professional,2026-03-07,Gas Company,Utilities,63.56,Cash,False
32,young_professional,2026-03-09,Spotify,Entertainment,10.69,Mobile Wallet,False
32,young_professional,2026-03-10,Local Cafe,Dining,37.06,Cash,False
32,young_professional,2026-03-10,IKEA,Shopping,42.35,Cash,False
32,young_professional,2026-03-12,Water Board,Utilities,46.35,Cash,False
32,young_professional,2026-03-13,Electric Co,Utilities,66.69,Cash,False
32,young_professional,2026-03-14,Uber,Transport,10.3,Mobile Wallet,False
32,young_professional,2026-03-14,Landlord Transfer,Rent,770.93,Credit Card,False
32,young_professional,2026-03-15,Uber,Transport,17.31,Debit Card,False
32,young_professional,2026-03-15,Zara,Shopping,44.41,Mobile Wallet,False
32,young_professional,2026-03-17,Gas Company,Utilities,54.46,Cash,False
32,young_professional,2026-03-17,Local Cafe,Dining,27.61,Debit Card,False
32,young_professional,2026-03-21,Zara,Shopping,100.29,Credit Card,False
32,young_professional,2026-03-23,Fresh Foods,Groceries,26.82,Mobile Wallet,False
32,young_professional,2026-03-25,Landlord Transfer,Rent,582.42,Mobile Wallet,False
32,young_professional,2026-03-27,Fresh Foods,Groceries,36.54,Mobile Wallet,False
32,young_professional,2026-03-28,Shell Gas,Transport,27.49,Credit Card,False
32,young_professional,2026-03-29,Starbucks,Dining,21.12,Debit Card,False
32,young_professional,2026-03-30,McDonalds,Dining,6.94,Cash,False
32,young_professional,2026-03-31,Landlord Transfer,Rent,649.58,Credit Card,False
32,young_professional,2026-03-31,Uber,Transport,1.0,Cash,False
32,young_professional,2026-03-31,Netflix,Entertainment,6.19,Cash,False
32,young_professional,2026-04-01,Starbucks,Dining,20.47,Credit Card,False
32,young_professional,2026-04-01,Fresh Foods,Groceries,15.71,Debit Card,False
32,young_professional,2026-04-01,Landlord Transfer,Rent,582.05,Credit Card,False
32,young_professional,2026-04-02,Walmart,Groceries,44.24,Credit Card,False
32,young_professional,2026-04-02,Shell Gas,Transport,13.51,Cash,False
32,young_professional,2026-04-02,Internet ISP,Utilities,70.33,Mobile Wallet,False
32,young_professional,2026-04-03,Careem,Transport,15.59,Debit Card,False
32,young_professional,2026-04-05,Daraz,Shopping,104.15,Cash,False
32,young_professional,2026-04-06,Shell Gas,Transport,17.4,Debit Card,False
32,young_professional,2026-04-07,Careem,Transport,27.39,Credit Card,False
32,young_professional,2026-04-07,Local Mart,Groceries,24.6,Debit Card,False
32,young_professional,2026-04-07,Daraz,Shopping,24.93,Mobile Wallet,False
32,young_professional,2026-04-09,Carrefour,Groceries,35.31,Credit Card,False
32,young_professional,2026-04-09,Landlord Transfer,Rent,445.12,Credit Card,False
32,young_professional,2026-04-09,Internet ISP,Utilities,72.11,Mobile Wallet,False
32,young_professional,2026-04-10,McDonalds,Dining,33.7,Credit Card,False
32,young_professional,2026-04-10,Starbucks,Dining,20.11,Mobile Wallet,False
32,young_professional,2026-04-12,Spotify,Entertainment,22.77,Debit Card,False
32,young_professional,2026-04-13,Gas Company,Utilities,56.87,Debit Card,False
32,young_professional,2026-04-13,Daraz,Shopping,5.79,Debit Card,False
32,young_professional,2026-04-13,Zara,Shopping,96.03,Credit Card,False
32,young_professional,2026-04-13,Landlord Transfer,Rent,652.85,Debit Card,False
32,young_professional,2026-04-13,Shell Gas,Transport,27.79,Mobile Wallet,False
32,young_professional,2026-04-14,Local Cafe,Dining,21.03,Mobile Wallet,False
32,young_professional,2026-04-15,Careem,Transport,20.24,Debit Card,False
32,young_professional,2026-04-15,Airline Co,Travel,337.52,Credit Card,False
32,young_professional,2026-04-15,Local Cafe,Dining,29.89,Mobile Wallet,False
32,young_professional,2026-04-16,Metro Card,Transport,19.65,Debit Card,False
32,young_professional,2026-04-16,Steam,Entertainment,7.57,Mobile Wallet,False
32,young_professional,2026-04-16,Uber,Transport,13.7,Cash,False
32,young_professional,2026-04-17,Starbucks,Dining,26.16,Mobile Wallet,False
32,young_professional,2026-04-17,Metro Card,Transport,6.31,Cash,False
32,young_professional,2026-04-18,Shell Gas,Transport,28.37,Credit Card,False
32,young_professional,2026-04-18,Landlord Transfer,Rent,449.38,Mobile Wallet,False
32,young_professional,2026-04-18,Metro Card,Transport,17.81,Debit Card,False
32,young_professional,2026-04-18,Shell Gas,Transport,4.5,Debit Card,False
32,young_professional,2026-04-18,McDonalds,Dining,1.0,Mobile Wallet,False
32,young_professional,2026-04-18,Starbucks,Dining,29.72,Mobile Wallet,False
32,young_professional,2026-04-18,Starbucks,Dining,5.68,Debit Card,False
32,young_professional,2026-04-18,Shell Gas,Transport,5.74,Cash,False
32,young_professional,2026-04-19,IKEA,Shopping,65.39,Cash,False
32,young_professional,2026-04-19,Landlord Transfer,Rent,449.35,Cash,False
32,young_professional,2026-04-19,Careem,Transport,30.69,Mobile Wallet,False
32,young_professional,2026-04-20,Gas Company,Utilities,39.56,Credit Card,False
32,young_professional,2026-04-20,Carrefour,Groceries,68.27,Credit Card,False
32,young_professional,2026-04-21,Metro Card,Transport,17.53,Credit Card,False
32,young_professional,2026-04-22,Local Cafe,Dining,1.0,Cash,False
32,young_professional,2026-04-25,Cinema,Entertainment,27.61,Mobile Wallet,False
32,young_professional,2026-04-26,Walmart,Groceries,38.88,Mobile Wallet,False
32,young_professional,2026-04-26,Fresh Foods,Groceries,14.31,Mobile Wallet,False
32,young_professional,2026-04-27,Local Cafe,Dining,5.46,Credit Card,False
32,young_professional,2026-04-27,Steam,Entertainment,9.71,Cash,False
32,young_professional,2026-04-27,Pizza Hut,Dining,24.92,Debit Card,False
32,young_professional,2026-04-29,Zara,Shopping,83.0,Cash,False
32,young_professional,2026-04-29,Zara,Shopping,1.0,Mobile Wallet,False
32,young_professional,2026-04-30,Carrefour,Groceries,1.0,Debit Card,False
32,young_professional,2026-05-01,Spotify,Entertainment,21.19,Debit Card,False
32,young_professional,2026-05-03,Landlord Transfer,Rent,407.55,Mobile Wallet,False
32,young_professional,2026-05-03,Zara,Shopping,126.69,Credit Card,False
32,young_professional,2026-05-04,Carrefour,Groceries,37.36,Credit Card,False
32,young_professional,2026-05-05,Careem,Transport,18.83,Credit Card,False
32,young_professional,2026-05-06,McDonalds,Dining,14.13,Cash,False
32,young_professional,2026-05-06,Uber,Transport,5.57,Cash,False
32,young_professional,2026-05-06,IKEA,Shopping,76.22,Debit Card,False
32,young_professional,2026-05-07,Cinema,Entertainment,35.95,Debit Card,False
32,young_professional,2026-05-09,Fresh Foods,Groceries,48.81,Cash,False
32,young_professional,2026-05-09,Water Board,Utilities,75.39,Debit Card,False
32,young_professional,2026-05-09,Steam,Entertainment,16.66,Cash,False
32,young_professional,2026-05-10,Spotify,Entertainment,16.64,Credit Card,False
32,young_professional,2026-05-12,Starbucks,Dining,13.24,Credit Card,False
32,young_professional,2026-05-12,Landlord Transfer,Rent,588.71,Debit Card,False
32,young_professional,2026-05-13,Zara,Shopping,109.71,Mobile Wallet,False
32,young_professional,2026-05-13,Steam,Entertainment,15.24,Debit Card,False
32,young_professional,2026-05-13,Landlord Transfer,Rent,616.39,Credit Card,False
32,young_professional,2026-05-14,Landlord Transfer,Rent,426.22,Credit Card,False
32,young_professional,2026-05-15,Landlord Transfer,Rent,387.01,Credit Card,False
32,young_professional,2026-05-15,Pizza Hut,Dining,30.01,Debit Card,False
32,young_professional,2026-05-15,Amazon,Shopping,32.09,Mobile Wallet,False
32,young_professional,2026-05-16,Internet ISP,Utilities,34.04,Debit Card,False
32,young_professional,2026-05-20,Daraz,Shopping,87.49,Debit Card,False
32,young_professional,2026-05-20,Landlord Transfer,Rent,546.63,Credit Card,False
32,young_professional,2026-05-22,Shell Gas,Transport,1.0,Debit Card,False
32,young_professional,2026-05-22,Landlord Transfer,Rent,505.5,Credit Card,False
32,young_professional,2026-05-23,AirBnB,Travel,1.0,Credit Card,False
32,young_professional,2026-05-23,Metro Card,Transport,17.23,Debit Card,False
32,young_professional,2026-05-24,Starbucks,Dining,16.19,Credit Card,False
32,young_professional,2026-05-24,IKEA,Shopping,53.25,Debit Card,False
32,young_professional,2026-05-27,Water Board,Utilities,53.29,Debit Card,False
32,young_professional,2026-05-27,Pizza Hut,Dining,7.48,Cash,False
32,young_professional,2026-05-28,Landlord Transfer,Rent,462.13,Debit Card,False
32,young_professional,2026-06-01,Fresh Foods,Groceries,51.24,Debit Card,False
32,young_professional,2026-06-01,Uber,Transport,25.58,Debit Card,False
32,young_professional,2026-06-02,Daraz,Shopping,21.51,Credit Card,False
32,young_professional,2026-06-02,Walmart,Groceries,28.87,Mobile Wallet,False
32,young_professional,2026-06-02,Daraz,Shopping,99.93,Credit Card,False
32,young_professional,2026-06-03,Local Mart,Groceries,44.02,Mobile Wallet,False
32,young_professional,2026-06-03,IKEA,Shopping,37.56,Mobile Wallet,False
32,young_professional,2026-06-04,Metro Card,Transport,13.76,Mobile Wallet,False
32,young_professional,2026-06-04,Internet ISP,Utilities,75.67,Mobile Wallet,False
32,young_professional,2026-06-04,Cinema,Entertainment,15.08,Mobile Wallet,False
32,young_professional,2026-06-05,Daraz,Shopping,6.19,Mobile Wallet,False
32,young_professional,2026-06-06,Carrefour,Groceries,27.08,Credit Card,False
32,young_professional,2026-06-09,Clinic,Healthcare,20.24,Credit Card,False
32,young_professional,2026-06-10,Local Mart,Groceries,37.58,Cash,False
32,young_professional,2026-06-10,Landlord Transfer,Rent,558.42,Mobile Wallet,False
32,young_professional,2026-06-10,IKEA,Shopping,7.65,Mobile Wallet,False
32,young_professional,2026-06-11,Hospital,Healthcare,63.43,Cash,False
32,young_professional,2026-06-12,Walmart,Groceries,32.48,Cash,False
32,young_professional,2026-06-14,Metro Card,Transport,12.05,Debit Card,False
32,young_professional,2026-06-14,Uber,Transport,3.74,Debit Card,False
32,young_professional,2026-06-14,Metro Card,Transport,14.36,Debit Card,False
32,young_professional,2026-06-15,Local Cafe,Dining,25.73,Debit Card,False
32,young_professional,2026-06-16,Hospital,Healthcare,65.91,Mobile Wallet,False
32,young_professional,2026-06-19,Careem,Transport,9.3,Debit Card,False
32,young_professional,2026-06-19,Electric Co,Utilities,40.82,Debit Card,False
32,young_professional,2026-06-20,Gas Company,Utilities,74.81,Cash,False
32,young_professional,2026-06-20,Local Cafe,Dining,1.0,Mobile Wallet,False
32,young_professional,2026-06-20,Hotel Booking,Travel,121.0,Mobile Wallet,False
32,young_professional,2026-06-23,Zara,Shopping,90.18,Debit Card,False
32,young_professional,2026-06-24,Gas Company,Utilities,44.61,Debit Card,False
32,young_professional,2026-06-24,IKEA,Shopping,90.73,Credit Card,False
32,young_professional,2026-06-25,Carrefour,Groceries,39.93,Debit Card,False
32,young_professional,2026-06-26,Uber,Transport,18.08,Cash,False
32,young_professional,2026-06-26,Landlord Transfer,Rent,517.05,Credit Card,False
32,young_professional,2026-06-26,Cinema,Entertainment,22.22,Mobile Wallet,False
32,young_professional,2026-06-27,IKEA,Shopping,20.0,Mobile Wallet,False
32,young_professional,2026-06-29,McDonalds,Dining,21.76,Cash,False
32,young_professional,2026-06-29,Pizza Hut,Dining,7.49,Mobile Wallet,False
32,young_professional,2026-06-30,Airline Co,Travel,286.19,Mobile Wallet,False
32,young_professional,2026-07-01,Netflix,Entertainment,19.31,Cash,False
32,young_professional,2026-07-02,Pizza Hut,Dining,12.03,Debit Card,False
32,young_professional,2026-07-02,Landlord Transfer,Rent,577.12,Debit Card,False
32,young_professional,2026-07-06,Landlord Transfer,Rent,481.4,Credit Card,False
32,young_professional,2026-07-06,Carrefour,Groceries,36.27,Cash,False
32,young_professional,2026-07-07,Uber,Transport,18.08,Credit Card,False
32,young_professional,2026-07-08,Daraz,Shopping,56.34,Cash,False
32,young_professional,2026-07-10,Walmart,Groceries,53.45,Mobile Wallet,False
32,young_professional,2026-07-14,IKEA,Shopping,77.24,Cash,False
32,young_professional,2026-07-14,IKEA,Shopping,53.85,Cash,False
32,young_professional,2026-07-15,Landlord Transfer,Rent,584.03,Cash,False
32,young_professional,2026-07-16,Shell Gas,Transport,15.18,Credit Card,False
32,young_professional,2026-07-16,Electric Co,Utilities,55.35,Mobile Wallet,False
32,young_professional,2026-07-16,Local Cafe,Dining,31.07,Mobile Wallet,False
32,young_professional,2026-07-22,AirBnB,Travel,23.56,Credit Card,False
32,young_professional,2026-07-22,Landlord Transfer,Rent,420.59,Debit Card,False
32,young_professional,2026-07-23,Gas Company,Utilities,27.89,Cash,False
32,young_professional,2026-07-23,Fresh Foods,Groceries,59.72,Cash,False
32,young_professional,2026-07-25,Airline Co,Travel,260.42,Debit Card,False
32,young_professional,2026-07-25,Airline Co,Travel,318.9,Credit Card,False
32,young_professional,2026-07-28,Metro Card,Transport,14.42,Cash,False
32,young_professional,2026-07-30,IKEA,Shopping,30.27,Debit Card,False
32,young_professional,2026-07-31,Netflix,Entertainment,7.12,Credit Card,False
32,young_professional,2026-07-31,Local Mart,Groceries,23.42,Credit Card,False
32,young_professional,2026-07-31,Starbucks,Dining,14.55,Debit Card,False
32,young_professional,2026-08-01,IKEA,Shopping,99.42,Debit Card,False
32,young_professional,2026-08-02,Local Cafe,Dining,30.09,Debit Card,False
32,young_professional,2026-08-03,Local Cafe,Dining,12.96,Cash,False
32,young_professional,2026-08-03,Landlord Transfer,Rent,471.2,Credit Card,False
32,young_professional,2026-08-05,Amazon,Shopping,342.27,Credit Card,True
32,young_professional,2026-08-07,Shell Gas,Transport,18.86,Mobile Wallet,False
32,young_professional,2026-08-08,Amazon,Shopping,19.27,Debit Card,False
32,young_professional,2026-08-08,Local Cafe,Dining,106.99,Debit Card,True
32,young_professional,2026-08-09,Steam,Entertainment,21.6,Credit Card,False
32,young_professional,2026-08-10,Uber,Transport,21.07,Mobile Wallet,False
32,young_professional,2026-08-13,Shell Gas,Transport,10.25,Cash,False
32,young_professional,2026-08-14,Fresh Foods,Groceries,67.0,Cash,False
32,young_professional,2026-08-15,Pizza Hut,Dining,9.89,Cash,False
32,young_professional,2026-08-16,Water Board,Utilities,61.68,Cash,False
32,young_professional,2026-08-17,Water Board,Utilities,45.05,Debit Card,False
32,young_professional,2026-08-18,Walmart,Groceries,48.76,Mobile Wallet,False
32,young_professional,2026-08-19,IKEA,Shopping,23.45,Cash,False
32,young_professional,2026-08-19,Local Mart,Groceries,59.49,Cash,False
32,young_professional,2026-08-20,Metro Card,Transport,20.41,Mobile Wallet,False
32,young_professional,2026-08-22,McDonalds,Dining,37.2,Cash,False
32,young_professional,2026-08-22,Pizza Hut,Dining,17.08,Credit Card,False
32,young_professional,2026-08-22,Starbucks,Dining,13.62,Debit Card,False
32,young_professional,2026-08-22,Starbucks,Dining,24.18,Debit Card,False
32,young_professional,2026-08-24,Dental Care,Healthcare,61.45,Debit Card,False
32,young_professional,2026-08-26,McDonalds,Dining,29.28,Cash,False
32,young_professional,2026-08-27,Gas Company,Utilities,45.49,Mobile Wallet,False
32,young_professional,2026-08-29,Gas Company,Utilities,41.22,Cash,False
32,young_professional,2026-08-29,Zara,Shopping,51.69,Credit Card,False
32,young_professional,2026-08-29,Airline Co,Travel,180.87,Debit Card,False
32,young_professional,2026-08-31,Local Cafe,Dining,18.15,Credit Card,False
32,young_professional,2026-09-01,Internet ISP,Utilities,76.25,Credit Card,False
33,high_earner,2026-03-05,Hotel Booking,Travel,1.0,Mobile Wallet,False
33,high_earner,2026-03-05,Daraz,Shopping,26.36,Mobile Wallet,False
33,high_earner,2026-03-06,Local Cafe,Dining,21.81,Credit Card,False
33,high_earner,2026-03-07,Pizza Hut,Dining,15.98,Cash,False
33,high_earner,2026-03-07,McDonalds,Dining,21.48,Cash,False
33,high_earner,2026-03-09,Daraz,Shopping,90.4,Mobile Wallet,False
33,high_earner,2026-03-09,Hotel Booking,Travel,556.44,Mobile Wallet,False
33,high_earner,2026-03-09,Daraz,Shopping,97.67,Mobile Wallet,False
33,high_earner,2026-03-10,Steam,Entertainment,19.84,Debit Card,False
33,high_earner,2026-03-12,Pizza Hut,Dining,3.59,Debit Card,False
33,high_earner,2026-03-12,Daraz,Shopping,68.42,Cash,False
33,high_earner,2026-03-13,Daraz,Shopping,43.86,Cash,False
33,high_earner,2026-03-13,AirBnB,Travel,331.15,Mobile Wallet,False
33,high_earner,2026-03-13,Amazon,Shopping,23.48,Credit Card,False
33,high_earner,2026-03-15,McDonalds,Dining,19.27,Credit Card,False
33,high_earner,2026-03-16,Electric Co,Utilities,72.47,Debit Card,False
33,high_earner,2026-03-16,Fresh Foods,Groceries,36.17,Mobile Wallet,False
33,high_earner,2026-03-17,Netflix,Entertainment,15.01,Debit Card,False
33,high_earner,2026-03-18,Amazon,Shopping,36.35,Credit Card,False
33,high_earner,2026-03-18,Fresh Foods,Groceries,49.95,Debit Card,False
33,high_earner,2026-03-20,Landlord Transfer,Rent,432.03,Debit Card,False
33,high_earner,2026-03-21,Internet ISP,Utilities,41.1,Cash,False
33,high_earner,2026-03-22,AirBnB,Travel,1.0,Cash,False
33,high_earner,2026-03-22,Amazon,Shopping,120.95,Credit Card,False
33,high_earner,2026-03-22,Starbucks,Dining,16.61,Cash,False
33,high_earner,2026-03-22,Cinema,Entertainment,5.66,Credit Card,False
33,high_earner,2026-03-23,Walmart,Groceries,40.42,Credit Card,False
33,high_earner,2026-03-25,Landlord Transfer,Rent,532.24,Credit Card,False
33,high_earner,2026-03-28,Airline Co,Travel,211.39,Debit Card,False
33,high_earner,2026-03-28,IKEA,Shopping,18.42,Mobile Wallet,False
33,high_earner,2026-03-30,Airline Co,Travel,223.59,Cash,False
33,high_earner,2026-04-01,Pizza Hut,Dining,19.25,Credit Card,False
33,high_earner,2026-04-01,Zara,Shopping,39.12,Debit Card,False
33,high_earner,2026-04-02,Landlord Transfer,Rent,578.48,Mobile Wallet,False
33,high_earner,2026-04-03,Cinema,Entertainment,3.58,Debit Card,False
33,high_earner,2026-04-04,Amazon,Shopping,629.77,Debit Card,True
33,high_earner,2026-04-06,Pizza Hut,Dining,21.73,Credit Card,False
33,high_earner,2026-04-06,Hotel Booking,Travel,338.63,Cash,False
33,high_earner,2026-04-06,AirBnB,Travel,149.83,Debit Card,False
33,high_earner,2026-04-08,Fresh Foods,Groceries,57.99,Mobile Wallet,False
33,high_earner,2026-04-08,Cinema,Entertainment,7.75,Cash,False
33,high_earner,2026-04-08,Hotel Booking,Travel,327.88,Mobile Wallet,False
33,high_earner,2026-04-09,IKEA,Shopping,48.14,Debit Card,False
33,high_earner,2026-04-09,Local Mart,Groceries,48.3,Cash,False
33,high_earner,2026-04-10,Daraz,Shopping,1.0,Debit Card,False
33,high_earner,2026-04-11,Hotel Booking,Travel,508.13,Debit Card,False
33,high_earner,2026-04-11,Landlord Transfer,Rent,440.08,Credit Card,False
33,high_earner,2026-04-11,Amazon,Shopping,59.03,Credit Card,False
33,high_earner,2026-04-14,Amazon,Shopping,70.26,Debit Card,False
33,high_earner,2026-04-15,McDonalds,Dining,19.86,Mobile Wallet,False
33,high_earner,2026-04-15,Starbucks,Dining,18.17,Debit Card,False
33,high_earner,2026-04-17,Amazon,Shopping,1.0,Cash,False
33,high_earner,2026-04-17,Zara,Shopping,58.7,Cash,False
33,high_earner,2026-04-18,AirBnB,Travel,270.78,Debit Card,False
33,high_earner,2026-04-19,AirBnB,Travel,244.49,Mobile Wallet,False
33,high_earner,2026-04-20,Gas Company,Utilities,88.54,Mobile Wallet,False
33,high_earner,2026-04-20,McDonalds,Dining,31.21,Cash,False
33,high_earner,2026-04-21,Spotify,Entertainment,17.95,Mobile Wallet,False
33,high_earner,2026-04-21,Netflix,Entertainment,1.0,Cash,False
33,high_earner,2026-04-22,Daraz,Shopping,54.19,Mobile Wallet,False
33,high_earner,2026-04-23,Starbucks,Dining,7.42,Credit Card,True
33,high_earner,2026-04-23,Netflix,Entertainment,18.56,Cash,False
33,high_earner,2026-04-24,Local Cafe,Dining,16.92,Debit Card,False
33,high_earner,2026-04-25,Hotel Booking,Travel,424.85,Mobile Wallet,False
33,high_earner,2026-04-26,Steam,Entertainment,8.14,Cash,False
33,high_earner,2026-04-26,Landlord Transfer,Rent,424.48,Debit Card,False
33,high_earner,2026-04-27,Cinema,Entertainment,9.66,Mobile Wallet,False
33,high_earner,2026-04-27,Local Mart,Groceries,55.77,Debit Card,False
33,high_earner,2026-04-28,Pharmacy,Healthcare,76.9,Debit Card,False
33,high_earner,2026-04-28,Hotel Booking,Travel,239.03,Mobile Wallet,False
33,high_earner,2026-04-29,Landlord Transfer,Rent,441.2,Mobile Wallet,False
33,high_earner,2026-04-29,Hotel Booking,Travel,35.71,Debit Card,False
33,high_earner,2026-04-30,Airline Co,Travel,125.44,Debit Card,False
33,high_earner,2026-04-30,Airline Co,Travel,324.29,Mobile Wallet,False
33,high_earner,2026-05-01,Hotel Booking,Travel,102.66,Debit Card,False
33,high_earner,2026-05-03,Daraz,Shopping,68.45,Mobile Wallet,False
33,high_earner,2026-05-04,Airline Co,Travel,305.32,Credit Card,False
33,high_earner,2026-05-04,Zara,Shopping,59.12,Cash,False
33,high_earner,2026-05-06,Cinema,Entertainment,14.74,Cash,False
33,high_earner,2026-05-07,Airline Co,Travel,340.69,Credit Card,False
33,high_earner,2026-05-07,Dental Care,Healthcare,52.57,Debit Card,False
33,high_earner,2026-05-08,Airline Co,Travel,1.0,Debit Card,False
33,high_earner,2026-05-08,Pizza Hut,Dining,41.82,Cash,False
33,high_earner,2026-05-09,IKEA,Shopping,105.53,Debit Card,False
33,high_earner,2026-05-10,Landlord Transfer,Rent,425.05,Credit Card,False
33,high_earner,2026-05-12,Hotel Booking,Travel,47.98,Cash,False
33,high_earner,2026-05-13,AirBnB,Travel,135.45,Mobile Wallet,False
33,high_earner,2026-05-13,Landlord Transfer,Rent,528.09,Cash,False
33,high_earner,2026-05-13,Hotel Booking,Travel,331.03,Credit Card,False
33,high_earner,2026-05-14,Dental Care,Healthcare,38.01,Credit Card,False
33,high_earner,2026-05-14,Hotel Booking,Travel,50.66,Mobile Wallet,False
33,high_earner,2026-05-14,Hotel Booking,Travel,16.72,Debit Card,False
33,high_earner,2026-05-15,Cinema,Entertainment,1.61,Debit Card,False
33,high_earner,2026-05-15,Hotel Booking,Travel,282.93,Cash,False
33,high_earner,2026-05-15,Cinema,Entertainment,12.56,Credit Card,False
33,high_earner,2026-05-16,Carrefour,Groceries,62.1,Cash,False
33,high_earner,2026-05-16,Fresh Foods,Groceries,50.33,Cash,False
33,high_earner,2026-05-17,Amazon,Shopping,71.21,Debit Card,False
33,high_earner,2026-05-17,Landlord Transfer,Rent,674.83,Debit Card,False
33,high_earner,2026-05-19,Local Cafe,Dining,1.0,Debit Card,False
33,high_earner,2026-05-19,Local Cafe,Dining,7.03,Credit Card,False
33,high_earner,2026-05-19,Steam,Entertainment,5.57,Credit Card,False
33,high_earner,2026-05-20,Landlord Transfer,Rent,518.28,Cash,False
33,high_earner,2026-05-22,Fresh Foods,Groceries,23.43,Credit Card,False
33,high_earner,2026-05-22,Internet ISP,Utilities,65.59,Credit Card,False
33,high_earner,2026-05-23,Hotel Booking,Travel,94.96,Debit Card,False
33,high_earner,2026-05-23,Cinema,Entertainment,8.06,Credit Card,False
33,high_earner,2026-05-24,Daraz,Shopping,7.11,Mobile Wallet,False
33,high_earner,2026-05-24,AirBnB,Travel,95.82,Cash,False
33,high_earner,2026-05-25,Landlord Transfer,Rent,460.27,Debit Card,False
33,high_earner,2026-05-26,Amazon,Shopping,101.46,Mobile Wallet,False
33,high_earner,2026-05-26,Amazon,Shopping,55.46,Cash,False
33,high_earner,2026-05-26,Daraz,Shopping,37.42,Mobile Wallet,False
33,high_earner,2026-05-26,Airline Co,Travel,152.05,Credit Card,False
33,high_earner,2026-05-29,Daraz,Shopping,52.38,Cash,False
33,high_earner,2026-06-01,Airline Co,Travel,109.01,Cash,False
33,high_earner,2026-06-01,Local Mart,Groceries,48.53,Mobile Wallet,False
33,high_earner,2026-06-01,Carrefour,Groceries,27.47,Mobile Wallet,False
33,high_earner,2026-06-02,Starbucks,Dining,6.39,Debit Card,False
33,high_earner,2026-06-04,Landlord Transfer,Rent,327.27,Credit Card,False
33,high_earner,2026-06-04,Local Mart,Groceries,58.59,Cash,False
33,high_earner,2026-06-04,AirBnB,Travel,174.37,Credit Card,False
33,high_earner,2026-06-06,Airline Co,Travel,222.52,Debit Card,False
33,high_earner,2026-06-07,Pharmacy,Healthcare,85.83,Credit Card,False
33,high_earner,2026-06-08,Airline Co,Travel,192.4,Credit Card,False
33,high_earner,2026-06-09,Pizza Hut,Dining,9.05,Debit Card,False
33,high_earner,2026-06-11,Landlord Transfer,Rent,455.95,Mobile Wallet,False
33,high_earner,2026-06-14,Zara,Shopping,52.66,Credit Card,False
33,high_earner,2026-06-15,Local Cafe,Dining,13.42,Credit Card,False
33,high_earner,2026-06-17,Fresh Foods,Groceries,55.03,Cash,False
33,high_earner,2026-06-17,Walmart,Groceries,36.58,Cash,False
33,high_earner,2026-06-23,Landlord Transfer,Rent,545.36,Cash,False
33,high_earner,2026-06-25,Starbucks,Dining,33.5,Mobile Wallet,False
33,high_earner,2026-06-25,Carrefour,Groceries,18.43,Cash,False
33,high_earner,2026-06-26,AirBnB,Travel,244.52,Credit Card,False
33,high_earner,2026-07-03,Amazon,Shopping,70.16,Credit Card,False
33,high_earner,2026-07-03,Carrefour,Groceries,55.79,Debit Card,False
33,high_earner,2026-07-04,Internet ISP,Utilities,68.77,Debit Card,False
33,high_earner,2026-07-04,Landlord Transfer,Rent,304.8,Mobile Wallet,False
33,high_earner,2026-07-05,Pizza Hut,Dining,25.9,Credit Card,False
33,high_earner,2026-07-05,Hotel Booking,Travel,31.6,Mobile Wallet,False
33,high_earner,2026-07-07,Fresh Foods,Groceries,44.95,Credit Card,False
33,high_earner,2026-07-10,AirBnB,Travel,3.97,Mobile Wallet,False
33,high_earner,2026-07-12,Daraz,Shopping,49.0,Debit Card,False
33,high_earner,2026-07-14,Clinic,Healthcare,53.11,Mobile Wallet,False
33,high_earner,2026-07-16,McDonalds,Dining,15.18,Debit Card,False
33,high_earner,2026-07-19,Landlord Transfer,Rent,622.74,Mobile Wallet,False
33,high_earner,2026-07-20,Local Cafe,Dining,22.6,Cash,False
33,high_earner,2026-07-23,Cinema,Entertainment,9.23,Debit Card,False
33,high_earner,2026-07-23,Amazon,Shopping,1.0,Credit Card,False
33,high_earner,2026-07-23,Dental Care,Healthcare,43.78,Debit Card,False
33,high_earner,2026-07-24,Walmart,Groceries,29.36,Cash,False
33,high_earner,2026-07-25,Netflix,Entertainment,9.77,Cash,False
33,high_earner,2026-07-26,Zara,Shopping,61.22,Mobile Wallet,False
33,high_earner,2026-07-26,AirBnB,Travel,213.19,Credit Card,False
33,high_earner,2026-07-26,Hotel Booking,Travel,283.11,Mobile Wallet,False
33,high_earner,2026-07-27,Landlord Transfer,Rent,488.44,Debit Card,False
33,high_earner,2026-07-27,Pharmacy,Healthcare,28.44,Credit Card,False
33,high_earner,2026-07-28,Clinic,Healthcare,1.0,Mobile Wallet,False
33,high_earner,2026-07-29,Landlord Transfer,Rent,538.87,Cash,False
33,high_earner,2026-07-31,Walmart,Groceries,40.52,Credit Card,False
33,high_earner,2026-08-02,Pizza Hut,Dining,8.26,Debit Card,False
33,high_earner,2026-08-02,Hotel Booking,Travel,371.24,Mobile Wallet,False
33,high_earner,2026-08-03,Zara,Shopping,63.61,Credit Card,False
33,high_earner,2026-08-03,Airline Co,Travel,344.7,Credit Card,False
33,high_earner,2026-08-04,Landlord Transfer,Rent,446.63,Debit Card,False
33,high_earner,2026-08-05,Landlord Transfer,Rent,526.0,Mobile Wallet,False
33,high_earner,2026-08-05,Landlord Transfer,Rent,560.36,Cash,False
33,high_earner,2026-08-05,Local Mart,Groceries,48.1,Mobile Wallet,False
33,high_earner,2026-08-10,Airline Co,Travel,239.5,Cash,False
33,high_earner,2026-08-12,Airline Co,Travel,263.37,Mobile Wallet,False
33,high_earner,2026-08-15,Hotel Booking,Travel,243.48,Cash,False
33,high_earner,2026-08-15,Gas Company,Utilities,36.16,Credit Card,False
33,high_earner,2026-08-15,Amazon,Shopping,130.08,Cash,False
33,high_earner,2026-08-17,Pizza Hut,Dining,7.99,Debit Card,False
33,high_earner,2026-08-17,Walmart,Groceries,54.79,Debit Card,False
33,high_earner,2026-08-18,Walmart,Groceries,26.41,Cash,False
33,high_earner,2026-08-21,McDonalds,Dining,14.8,Credit Card,False
33,high_earner,2026-08-23,Hotel Booking,Travel,1.0,Cash,False
33,high_earner,2026-08-25,Local Mart,Groceries,25.46,Credit Card,False
33,high_earner,2026-08-26,Airline Co,Travel,167.57,Debit Card,False
33,high_earner,2026-08-26,Amazon,Shopping,1.18,Debit Card,False
33,high_earner,2026-08-26,McDonalds,Dining,24.59,Cash,False
33,high_earner,2026-08-27,Hotel Booking,Travel,410.2,Credit Card,False
33,high_earner,2026-08-27,Pizza Hut,Dining,18.98,Cash,False
33,high_earner,2026-08-27,Pharmacy,Healthcare,28.34,Mobile Wallet,False
33,high_earner,2026-08-27,McDonalds,Dining,26.46,Cash,False
33,high_earner,2026-08-28,IKEA,Shopping,67.79,Credit Card,False
33,high_earner,2026-08-30,Landlord Transfer,Rent,599.81,Cash,False
33,high_earner,2026-08-31,Landlord Transfer,Rent,298.73,Debit Card,False
34,student,2026-03-05,Walmart,Groceries,21.95,Credit Card,False
34,student,2026-03-06,Amazon,Shopping,44.44,Mobile Wallet,False
34,student,2026-03-07,Netflix,Entertainment,23.47,Mobile Wallet,False
34,student,2026-03-07,Shell Gas,Transport,3.18,Mobile Wallet,False
34,student,2026-03-07,Walmart,Groceries,45.52,Cash,False
34,student,2026-03-07,Coursera,Education,71.23,Debit Card,False
34,student,2026-03-10,Udemy,Education,35.29,Cash,False
34,student,2026-03-11,Carrefour,Groceries,43.67,Debit Card,False
34,student,2026-03-13,Netflix,Entertainment,9.88,Credit Card,False
34,student,2026-03-13,Local Cafe,Dining,8.03,Debit Card,False
34,student,2026-03-14,Starbucks,Dining,24.22,Debit Card,False
34,student,2026-03-14,Carrefour,Groceries,34.48,Mobile Wallet,False
34,student,2026-03-15,Netflix,Entertainment,16.21,Cash,False
34,student,2026-03-15,Carrefour,Groceries,63.82,Mobile Wallet,False
34,student,2026-03-18,Coursera,Education,15.41,Credit Card,False
34,student,2026-03-18,IKEA,Shopping,1.0,Debit Card,False
34,student,2026-03-18,Dental Care,Healthcare,40.8,Debit Card,False
34,student,2026-03-18,Bookstore,Education,11.35,Cash,False
34,student,2026-03-18,Spotify,Entertainment,9.21,Mobile Wallet,False
34,student,2026-03-18,Local Cafe,Dining,15.83,Cash,False
34,student,2026-03-19,Pizza Hut,Dining,5.62,Debit Card,False
34,student,2026-03-20,Walmart,Groceries,52.71,Mobile Wallet,False
34,student,2026-03-22,Local Mart,Groceries,40.96,Mobile Wallet,False
34,student,2026-03-24,McDonalds,Dining,37.07,Credit Card,False
34,student,2026-03-24,Tuition Center,Education,1.0,Debit Card,False
34,student,2026-03-26,Internet ISP,Utilities,60.24,Debit Card,False
34,student,2026-03-27,Spotify,Entertainment,14.14,Credit Card,False
34,student,2026-03-28,Coursera,Education,19.46,Debit Card,False
34,student,2026-03-29,Netflix,Entertainment,18.86,Debit Card,False
34,student,2026-03-29,Spotify,Entertainment,22.62,Credit Card,False
34,student,2026-03-31,McDonalds,Dining,18.79,Mobile Wallet,False
34,student,2026-04-02,Spotify,Entertainment,1.0,Debit Card,False
34,student,2026-04-02,Shell Gas,Transport,25.4,Credit Card,False
34,student,2026-04-02,Walmart,Groceries,49.85,Debit Card,False
34,student,2026-04-03,Uber,Transport,9.32,Credit Card,False
34,student,2026-04-03,Steam,Entertainment,5.15,Credit Card,False
34,student,2026-04-07,Local Mart,Groceries,16.66,Debit Card,False
34,student,2026-04-08,Fresh Foods,Groceries,41.44,Debit Card,False
34,student,2026-04-08,Carrefour,Groceries,37.87,Credit Card,False
34,student,2026-04-08,Zara,Shopping,133.22,Cash,False
34,student,2026-04-09,Steam,Entertainment,30.22,Mobile Wallet,False
34,student,2026-04-09,Pizza Hut,Dining,18.88,Mobile Wallet,False
34,student,2026-04-09,Clinic,Healthcare,65.78,Debit Card,False
34,student,2026-04-09,Careem,Transport,11.25,Mobile Wallet,False
34,student,2026-04-11,Shell Gas,Transport,8.65,Debit Card,False
34,student,2026-04-13,Starbucks,Dining,8.35,Mobile Wallet,False
34,student,2026-04-13,Fresh Foods,Groceries,55.83,Cash,False
34,student,2026-04-17,Local Cafe,Dining,25.53,Credit Card,False
34,student,2026-04-18,Cinema,Entertainment,1.0,Credit Card,False
34,student,2026-04-19,IKEA,Shopping,7.42,Mobile Wallet,False
34,student,2026-04-20,Spotify,Entertainment,8.12,Credit Card,False
34,student,2026-04-21,Amazon,Shopping,26.35,Mobile Wallet,False
34,student,2026-04-22,Pizza Hut,Dining,31.36,Debit Card,False
34,student,2026-04-23,Fresh Foods,Groceries,56.74,Credit Card,False
34,student,2026-04-24,Local Mart,Groceries,39.08,Debit Card,False
34,student,2026-04-24,Zara,Shopping,45.32,Cash,False
34,student,2026-04-24,Starbucks,Dining,21.09,Mobile Wallet,False
34,student,2026-04-25,Walmart,Groceries,43.61,Mobile Wallet,False
34,student,2026-04-26,Pharmacy,Healthcare,39.92,Mobile Wallet,False
34,student,2026-04-26,Zara,Shopping,96.99,Cash,False
34,student,2026-04-26,Daraz,Shopping,128.62,Mobile Wallet,False
34,student,2026-05-02,Careem,Transport,4.22,Cash,False
34,student,2026-05-02,IKEA,Shopping,60.56,Mobile Wallet,False
34,student,2026-05-03,Zara,Shopping,80.38,Debit Card,False
34,student,2026-05-09,Local Cafe,Dining,32.36,Debit Card,False
34,student,2026-05-10,IKEA,Shopping,45.26,Debit Card,False
34,student,2026-05-10,Udemy,Education,43.81,Debit Card,False
34,student,2026-05-13,Tuition Center,Education,41.51,Mobile Wallet,False
34,student,2026-05-15,Carrefour,Groceries,34.58,Debit Card,False
34,student,2026-05-18,Netflix,Entertainment,16.1,Cash,False
34,student,2026-05-19,Bookstore,Education,55.61,Cash,False
34,student,2026-05-19,McDonalds,Dining,40.32,Cash,False
34,student,2026-05-21,Shell Gas,Transport,16.02,Mobile Wallet,False
34,student,2026-05-21,Walmart,Groceries,30.68,Credit Card,False
34,student,2026-05-22,Electric Co,Utilities,106.42,Debit Card,False
34,student,2026-05-22,Shell Gas,Transport,1.87,Cash,False
34,student,2026-05-23,Spotify,Entertainment,1.0,Debit Card,False
34,student,2026-05-28,Fresh Foods,Groceries,42.36,Credit Card,False
34,student,2026-05-28,Water Board,Utilities,59.89,Credit Card,False
34,student,2026-05-30,Bookstore,Education,50.54,Mobile Wallet,False
34,student,2026-05-30,Bookstore,Education,2.03,Credit Card,False
34,student,2026-06-01,Local Cafe,Dining,28.86,Debit Card,False
34,student,2026-06-01,Starbucks,Dining,10.48,Credit Card,False
34,student,2026-06-04,Pizza Hut,Dining,15.12,Mobile Wallet,False
34,student,2026-06-05,Local Mart,Groceries,27.83,Cash,False
34,student,2026-06-06,Starbucks,Dining,21.71,Mobile Wallet,False
34,student,2026-06-07,Internet ISP,Utilities,73.5,Credit Card,False
34,student,2026-06-09,Fresh Foods,Groceries,24.02,Mobile Wallet,False
34,student,2026-06-09,Starbucks,Dining,19.1,Debit Card,False
34,student,2026-06-10,Bookstore,Education,57.19,Credit Card,False
34,student,2026-06-10,Bookstore,Education,21.3,Cash,False
34,student,2026-06-11,Gas Company,Utilities,50.31,Debit Card,False
34,student,2026-06-12,Bookstore,Education,60.69,Mobile Wallet,False
34,student,2026-06-12,Water Board,Utilities,44.32,Mobile Wallet,False
34,student,2026-06-13,Uber,Transport,22.03,Credit Card,False
34,student,2026-06-13,Uber,Transport,13.71,Debit Card,False
34,student,2026-06-13,Carrefour,Groceries,43.29,Mobile Wallet,False
34,student,2026-06-14,Uber,Transport,8.09,Debit Card,False
34,student,2026-06-17,Fresh Foods,Groceries,53.63,Mobile Wallet,False
34,student,2026-06-20,McDonalds,Dining,36.11,Credit Card,False
34,student,2026-06-20,Gas Company,Utilities,89.85,Debit Card,False
34,student,2026-06-21,Water Board,Utilities,66.34,Debit Card,False
34,student,2026-06-23,Carrefour,Groceries,51.12,Cash,False
34,student,2026-06-24,Netflix,Entertainment,35.54,Credit Card,False
34,student,2026-06-24,Shell Gas,Transport,7.05,Credit Card,False
34,student,2026-06-24,Metro Card,Transport,9.49,Credit Card,False
34,student,2026-06-25,Pizza Hut,Dining,7.38,Mobile Wallet,False
34,student,2026-06-25,Careem,Transport,16.91,Credit Card,False
34,student,2026-06-25,Local Mart,Groceries,28.6,Debit Card,False
34,student,2026-06-26,Udemy,Education,49.5,Credit Card,False
34,student,2026-06-26,Shell Gas,Transport,16.16,Debit Card,False
34,student,2026-06-27,Netflix,Entertainment,35.78,Mobile Wallet,False
34,student,2026-06-27,Local Mart,Groceries,66.48,Debit Card,False
34,student,2026-06-28,Walmart,Groceries,48.73,Mobile Wallet,False
34,student,2026-06-29,Careem,Transport,13.69,Mobile Wallet,False
34,student,2026-06-29,Bookstore,Education,37.78,Credit Card,False
34,student,2026-06-29,McDonalds,Dining,247.85,Debit Card,True
34,student,2026-06-29,Zara,Shopping,18.09,Credit Card,False
34,student,2026-07-01,Tuition Center,Education,1.0,Cash,False
34,student,2026-07-03,Cinema,Entertainment,9.37,Mobile Wallet,False
34,student,2026-07-03,Starbucks,Dining,26.82,Credit Card,False
34,student,2026-07-05,Netflix,Entertainment,26.09,Credit Card,False
34,student,2026-07-06,Shell Gas,Transport,26.54,Debit Card,False
34,student,2026-07-06,Carrefour,Groceries,52.03,Debit Card,False
34,student,2026-07-07,Spotify,Entertainment,9.48,Credit Card,False
34,student,2026-07-07,Carrefour,Groceries,48.36,Debit Card,False
34,student,2026-07-08,Carrefour,Groceries,21.29,Debit Card,False
34,student,2026-07-08,Starbucks,Dining,7.01,Cash,False
34,student,2026-07-08,IKEA,Shopping,43.8,Credit Card,False
34,student,2026-07-09,Tuition Center,Education,42.47,Debit Card,False
34,student,2026-07-10,Carrefour,Groceries,32.31,Credit Card,False
34,student,2026-07-10,McDonalds,Dining,3.93,Debit Card,False
34,student,2026-07-11,Shell Gas,Transport,18.75,Cash,False
34,student,2026-07-12,Fresh Foods,Groceries,46.46,Debit Card,False
34,student,2026-07-12,McDonalds,Dining,10.02,Debit Card,False
34,student,2026-07-13,Fresh Foods,Groceries,52.82,Mobile Wallet,False
34,student,2026-07-14,McDonalds,Dining,28.7,Debit Card,False
34,student,2026-07-14,Bookstore,Education,1.0,Credit Card,False
34,student,2026-07-14,Starbucks,Dining,25.67,Mobile Wallet,False
34,student,2026-07-15,McDonalds,Dining,11.91,Credit Card,False
34,student,2026-07-16,Daraz,Shopping,91.61,Debit Card,False
34,student,2026-07-16,McDonalds,Dining,33.69,Debit Card,False
34,student,2026-07-16,Steam,Entertainment,26.42,Credit Card,False
34,student,2026-07-16,Steam,Entertainment,3.82,Debit Card,False
34,student,2026-07-18,Careem,Transport,11.52,Cash,False
34,student,2026-07-18,Pizza Hut,Dining,33.18,Mobile Wallet,False
34,student,2026-07-18,Careem,Transport,10.21,Debit Card,False
34,student,2026-07-18,Metro Card,Transport,5.34,Mobile Wallet,False
34,student,2026-07-18,Starbucks,Dining,9.24,Mobile Wallet,False
34,student,2026-07-19,Zara,Shopping,1.0,Cash,False
34,student,2026-07-20,Pizza Hut,Dining,11.83,Debit Card,False
34,student,2026-07-20,McDonalds,Dining,12.87,Debit Card,False
34,student,2026-07-22,Fresh Foods,Groceries,46.97,Cash,False
34,student,2026-07-23,IKEA,Shopping,49.26,Mobile Wallet,False
34,student,2026-07-24,Netflix,Entertainment,14.05,Credit Card,False
34,student,2026-07-25,Carrefour,Groceries,24.02,Credit Card,False
34,student,2026-07-26,Spotify,Entertainment,5.35,Credit Card,False
34,student,2026-07-26,Fresh Foods,Groceries,15.17,Mobile Wallet,False
34,student,2026-07-27,Carrefour,Groceries,29.44,Credit Card,False
34,student,2026-07-28,Water Board,Utilities,92.46,Debit Card,False
34,student,2026-07-28,Daraz,Shopping,86.79,Debit Card,False
34,student,2026-07-28,Uber,Transport,16.9,Credit Card,False
34,student,2026-07-29,Starbucks,Dining,14.32,Credit Card,False
34,student,2026-07-30,Cinema,Entertainment,13.4,Credit Card,False
34,student,2026-07-30,Zara,Shopping,25.03,Cash,False
34,student,2026-07-31,Cinema,Entertainment,11.23,Debit Card,False
34,student,2026-08-02,Coursera,Education,47.41,Credit Card,False
34,student,2026-08-02,Dental Care,Healthcare,23.14,Mobile Wallet,False
34,student,2026-08-03,Coursera,Education,37.86,Debit Card,False
34,student,2026-08-03,Careem,Transport,21.2,Credit Card,False
34,student,2026-08-04,Spotify,Entertainment,31.15,Mobile Wallet,False
34,student,2026-08-04,Amazon,Shopping,66.42,Mobile Wallet,False
34,student,2026-08-05,Uber,Transport,11.76,Cash,False
34,student,2026-08-06,Fresh Foods,Groceries,35.09,Debit Card,False
34,student,2026-08-06,Pizza Hut,Dining,26.85,Cash,False
34,student,2026-08-08,McDonalds,Dining,1.0,Credit Card,False
34,student,2026-08-08,Uber,Transport,12.32,Credit Card,False
34,student,2026-08-12,Electric Co,Utilities,69.46,Credit Card,False
34,student,2026-08-14,Walmart,Groceries,32.07,Cash,False
34,student,2026-08-14,Spotify,Entertainment,27.3,Credit Card,False
34,student,2026-08-14,Udemy,Education,49.53,Debit Card,False
34,student,2026-08-14,Steam,Entertainment,33.69,Credit Card,False
34,student,2026-08-14,Tuition Center,Education,76.15,Cash,False
34,student,2026-08-15,McDonalds,Dining,34.47,Credit Card,False
34,student,2026-08-15,Starbucks,Dining,1.0,Cash,False
34,student,2026-08-16,Zara,Shopping,116.69,Mobile Wallet,False
34,student,2026-08-16,Netflix,Entertainment,16.25,Cash,False
34,student,2026-08-16,Cinema,Entertainment,14.48,Cash,False
34,student,2026-08-16,Daraz,Shopping,131.55,Credit Card,False
34,student,2026-08-17,Spotify,Entertainment,14.13,Mobile Wallet,False
34,student,2026-08-19,Pizza Hut,Dining,3.98,Mobile Wallet,False
34,student,2026-08-20,Udemy,Education,11.35,Debit Card,False
34,student,2026-08-21,Careem,Transport,16.31,Cash,False
34,student,2026-08-21,Amazon,Shopping,9.43,Cash,False
34,student,2026-08-22,Steam,Entertainment,4.49,Mobile Wallet,False
34,student,2026-08-22,Udemy,Education,64.54,Mobile Wallet,False
34,student,2026-08-23,Fresh Foods,Groceries,36.94,Credit Card,False
34,student,2026-08-24,Walmart,Groceries,8.85,Credit Card,False
34,student,2026-08-25,Walmart,Groceries,33.04,Cash,False
34,student,2026-08-27,Water Board,Utilities,55.88,Mobile Wallet,False
34,student,2026-08-28,Pizza Hut,Dining,17.96,Cash,False
34,student,2026-08-29,Amazon,Shopping,48.57,Cash,False
34,student,2026-09-01,Pizza Hut,Dining,36.83,Debit Card,False
35,high_earner,2026-03-05,Landlord Transfer,Rent,453.64,Credit Card,False
35,high_earner,2026-03-05,Airline Co,Travel,103.12,Mobile Wallet,False
35,high_earner,2026-03-07,Starbucks,Dining,11.64,Cash,False
35,high_earner,2026-03-07,Clinic,Healthcare,83.39,Cash,False
35,high_earner,2026-03-08,Local Mart,Groceries,49.83,Credit Card,False
35,high_earner,2026-03-08,Pizza Hut,Dining,8.23,Cash,False
35,high_earner,2026-03-10,Spotify,Entertainment,30.8,Mobile Wallet,False
35,high_earner,2026-03-11,AirBnB,Travel,369.69,Credit Card,False
35,high_earner,2026-03-11,Electric Co,Utilities,48.67,Mobile Wallet,False
35,high_earner,2026-03-12,McDonalds,Dining,8.2,Mobile Wallet,False
35,high_earner,2026-03-13,Starbucks,Dining,1.0,Debit Card,False
35,high_earner,2026-03-13,Steam,Entertainment,18.72,Mobile Wallet,False
35,high_earner,2026-03-15,Landlord Transfer,Rent,539.43,Credit Card,False
35,high_earner,2026-03-15,Daraz,Shopping,30.14,Debit Card,False
35,high_earner,2026-03-17,Landlord Transfer,Rent,295.06,Credit Card,False
35,high_earner,2026-03-17,Hotel Booking,Travel,496.49,Credit Card,False
35,high_earner,2026-03-18,McDonalds,Dining,17.46,Mobile Wallet,False
35,high_earner,2026-03-19,Hotel Booking,Travel,146.38,Credit Card,False
35,high_earner,2026-03-19,McDonalds,Dining,14.64,Cash,False
35,high_earner,2026-03-21,Pizza Hut,Dining,10.81,Debit Card,False
35,high_earner,2026-03-22,Local Cafe,Dining,26.07,Mobile Wallet,False
35,high_earner,2026-03-24,Daraz,Shopping,145.22,Debit Card,False
35,high_earner,2026-03-24,Hotel Booking,Travel,119.6,Debit Card,False
35,high_earner,2026-03-25,AirBnB,Travel,183.88,Credit Card,False
35,high_earner,2026-03-25,Local Cafe,Dining,8.0,Cash,False
35,high_earner,2026-03-26,Water Board,Utilities,62.13,Debit Card,False
35,high_earner,2026-03-27,Landlord Transfer,Rent,642.56,Debit Card,False
35,high_earner,2026-03-28,IKEA,Shopping,49.51,Cash,False
35,high_earner,2026-03-30,Daraz,Shopping,1.0,Cash,False
35,high_earner,2026-03-30,Hotel Booking,Travel,277.43,Cash,False
35,high_earner,2026-04-04,Starbucks,Dining,17.68,Credit Card,False
35,high_earner,2026-04-05,Landlord Transfer,Rent,410.84,Mobile Wallet,False
35,high_earner,2026-04-06,AirBnB,Travel,202.08,Debit Card,False
35,high_earner,2026-04-08,Landlord Transfer,Rent,570.14,Mobile Wallet,False
35,high_earner,2026-04-09,Airline Co,Travel,457.69,Credit Card,False
35,high_earner,2026-04-09,Pizza Hut,Dining,4.59,Cash,False
35,high_earner,2026-04-09,Electric Co,Utilities,26.92,Mobile Wallet,False
35,high_earner,2026-04-12,Walmart,Groceries,34.28,Mobile Wallet,False
35,high_earner,2026-04-12,Local Mart,Groceries,13.83,Mobile Wallet,False
35,high_earner,2026-04-13,Airline Co,Travel,170.93,Cash,False
35,high_earner,2026-04-14,Landlord Transfer,Rent,482.6,Cash,False
35,high_earner,2026-04-15,Walmart,Groceries,54.92,Debit Card,False
35,high_earner,2026-04-16,Local Cafe,Dining,4.45,Debit Card,False
35,high_earner,2026-04-17,AirBnB,Travel,320.75,Cash,False
35,high_earner,2026-04-18,Zara,Shopping,78.35,Debit Card,False
35,high_earner,2026-04-21,Landlord Transfer,Rent,590.74,Debit Card,False
35,high_earner,2026-04-21,McDonalds,Dining,28.45,Credit Card,False
35,high_earner,2026-04-21,Hotel Booking,Travel,1.0,Mobile Wallet,False
35,high_earner,2026-04-21,Landlord Transfer,Rent,497.42,Mobile Wallet,False
35,high_earner,2026-04-22,Pizza Hut,Dining,25.14,Cash,False
35,high_earner,2026-04-26,AirBnB,Travel,193.13,Credit Card,False
35,high_earner,2026-04-27,Starbucks,Dining,24.35,Credit Card,False
35,high_earner,2026-04-29,Hotel Booking,Travel,170.05,Debit Card,False
35,high_earner,2026-04-29,Daraz,Shopping,32.47,Cash,False
35,high_earner,2026-05-01,Landlord Transfer,Rent,541.54,Debit Card,False
35,high_earner,2026-05-01,Gas Company,Utilities,62.4,Credit Card,False
35,high_earner,2026-05-02,Cinema,Entertainment,3.6,Credit Card,False
35,high_earner,2026-05-02,Hospital,Healthcare,29.7,Credit Card,False
35,high_earner,2026-05-02,Local Mart,Groceries,19.61,Debit Card,False
35,high_earner,2026-05-02,Daraz,Shopping,1212.77,Debit Card,True
35,high_earner,2026-05-03,Pizza Hut,Dining,5.5,Debit Card,False
35,high_earner,2026-05-03,Zara,Shopping,15.49,Cash,False
35,high_earner,2026-05-04,Netflix,Entertainment,25.34,Mobile Wallet,False
35,high_earner,2026-05-04,Starbucks,Dining,12.71,Debit Card,False
35,high_earner,2026-05-05,McDonalds,Dining,22.08,Credit Card,False
35,high_earner,2026-05-05,Netflix,Entertainment,10.31,Mobile Wallet,False
35,high_earner,2026-05-06,AirBnB,Travel,144.85,Mobile Wallet,False
35,high_earner,2026-05-06,Walmart,Groceries,52.65,Credit Card,False
35,high_earner,2026-05-06,Landlord Transfer,Rent,533.08,Debit Card,False
35,high_earner,2026-05-07,Walmart,Groceries,297.27,Debit Card,True
35,high_earner,2026-05-07,Local Cafe,Dining,17.77,Debit Card,False
35,high_earner,2026-05-07,Airline Co,Travel,334.39,Mobile Wallet,False
35,high_earner,2026-05-08,Landlord Transfer,Rent,678.42,Debit Card,False
35,high_earner,2026-05-10,McDonalds,Dining,34.32,Mobile Wallet,False
35,high_earner,2026-05-12,Netflix,Entertainment,23.52,Credit Card,False
35,high_earner,2026-05-13,Walmart,Groceries,42.79,Mobile Wallet,False
35,high_earner,2026-05-14,Cinema,Entertainment,6.32,Mobile Wallet,False
35,high_earner,2026-05-15,Electric Co,Utilities,50.3,Mobile Wallet,False
35,high_earner,2026-05-16,AirBnB,Travel,36.25,Mobile Wallet,False
35,high_earner,2026-05-16,Walmart,Groceries,16.13,Credit Card,False
35,high_earner,2026-05-18,Water Board,Utilities,106.21,Debit Card,False
35,high_earner,2026-05-19,Airline Co,Travel,144.06,Credit Card,False
35,high_earner,2026-05-19,Landlord Transfer,Rent,577.52,Cash,False
35,high_earner,2026-05-19,Hotel Booking,Travel,129.92,Credit Card,False
35,high_earner,2026-05-20,Water Board,Utilities,81.18,Credit Card,False
35,high_earner,2026-05-20,Starbucks,Dining,15.38,Mobile Wallet,False
35,high_earner,2026-05-20,Zara,Shopping,70.7,Mobile Wallet,False
35,high_earner,2026-05-21,IKEA,Shopping,1.0,Cash,False
35,high_earner,2026-05-22,AirBnB,Travel,230.02,Cash,False
35,high_earner,2026-05-22,Netflix,Entertainment,22.48,Mobile Wallet,False
35,high_earner,2026-05-22,Landlord Transfer,Rent,509.57,Debit Card,False
35,high_earner,2026-05-22,Fresh Foods,Groceries,36.11,Cash,False
35,high_earner,2026-05-22,AirBnB,Travel,314.06,Cash,False
35,high_earner,2026-05-24,Daraz,Shopping,48.82,Credit Card,False
35,high_earner,2026-05-25,McDonalds,Dining,4.32,Cash,False
35,high_earner,2026-05-25,Landlord Transfer,Rent,630.29,Credit Card,False
35,high_earner,2026-05-27,Landlord Transfer,Rent,629.84,Credit Card,False
35,high_earner,2026-05-28,Landlord Transfer,Rent,406.88,Debit Card,False
35,high_earner,2026-05-28,Daraz,Shopping,50.41,Mobile Wallet,False
35,high_earner,2026-05-29,IKEA,Shopping,1.0,Cash,False
35,high_earner,2026-05-29,Landlord Transfer,Rent,488.02,Debit Card,False
35,high_earner,2026-05-29,Local Cafe,Dining,11.14,Debit Card,False
35,high_earner,2026-05-30,Carrefour,Groceries,17.61,Debit Card,False
35,high_earner,2026-05-30,Daraz,Shopping,49.43,Debit Card,False
35,high_earner,2026-05-31,Pharmacy,Healthcare,24.83,Debit Card,False
35,high_earner,2026-05-31,Local Cafe,Dining,22.93,Cash,False
35,high_earner,2026-05-31,Cinema,Entertainment,6.82,Cash,False
35,high_earner,2026-05-31,Steam,Entertainment,4.96,Credit Card,False
35,high_earner,2026-05-31,Airline Co,Travel,249.88,Cash,False
35,high_earner,2026-05-31,Netflix,Entertainment,40.68,Cash,False
35,high_earner,2026-06-01,Starbucks,Dining,14.79,Mobile Wallet,False
35,high_earner,2026-06-03,Landlord Transfer,Rent,376.11,Cash,False
35,high_earner,2026-06-03,Amazon,Shopping,1.0,Cash,False
35,high_earner,2026-06-05,Carrefour,Groceries,36.16,Mobile Wallet,False
35,high_earner,2026-06-05,Fresh Foods,Groceries,32.22,Mobile Wallet,False
35,high_earner,2026-06-09,Local Cafe,Dining,27.57,Credit Card,False
35,high_earner,2026-06-09,McDonalds,Dining,12.08,Credit Card,False
35,high_earner,2026-06-10,Landlord Transfer,Rent,482.99,Mobile Wallet,False
35,high_earner,2026-06-10,Landlord Transfer,Rent,525.72,Credit Card,False
35,high_earner,2026-06-11,Spotify,Entertainment,18.44,Credit Card,False
35,high_earner,2026-06-13,Spotify,Entertainment,5.18,Cash,False
35,high_earner,2026-06-13,Dental Care,Healthcare,48.15,Mobile Wallet,False
35,high_earner,2026-06-14,McDonalds,Dining,12.78,Credit Card,False
35,high_earner,2026-06-15,Fresh Foods,Groceries,56.41,Debit Card,False
35,high_earner,2026-06-15,Landlord Transfer,Rent,646.84,Credit Card,False
35,high_earner,2026-06-16,Zara,Shopping,55.46,Debit Card,False
35,high_earner,2026-06-18,Amazon,Shopping,1.0,Debit Card,False
35,high_earner,2026-06-18,Airline Co,Travel,314.48,Cash,False
35,high_earner,2026-06-18,Hotel Booking,Travel,1.0,Cash,False
35,high_earner,2026-06-19,Amazon,Shopping,84.26,Mobile Wallet,False
35,high_earner,2026-06-20,Landlord Transfer,Rent,655.08,Mobile Wallet,False
35,high_earner,2026-06-21,Amazon,Shopping,159.34,Mobile Wallet,False
35,high_earner,2026-06-21,Gas Company,Utilities,51.91,Mobile Wallet,False
35,high_earner,2026-06-22,Daraz,Shopping,73.31,Debit Card,False
35,high_earner,2026-06-23,Landlord Transfer,Rent,530.58,Cash,False
35,high_earner,2026-06-23,Amazon,Shopping,59.44,Credit Card,False
35,high_earner,2026-06-23,Water Board,Utilities,71.07,Cash,False
35,high_earner,2026-06-23,Walmart,Groceries,51.87,Mobile Wallet,False
35,high_earner,2026-06-24,Carrefour,Groceries,48.42,Cash,False
35,high_earner,2026-06-24,Cinema,Entertainment,14.74,Debit Card,False
35,high_earner,2026-06-27,IKEA,Shopping,62.46,Debit Card,False
35,high_earner,2026-06-28,Steam,Entertainment,24.23,Credit Card,False
35,high_earner,2026-06-29,Daraz,Shopping,1.0,Debit Card,False
35,high_earner,2026-06-29,Internet ISP,Utilities,82.02,Credit Card,False
35,high_earner,2026-06-30,Amazon,Shopping,66.61,Credit Card,False
35,high_earner,2026-07-01,Pizza Hut,Dining,3.07,Mobile Wallet,False
35,high_earner,2026-07-02,Landlord Transfer,Rent,576.55,Credit Card,False
35,high_earner,2026-07-03,Pizza Hut,Dining,28.93,Credit Card,False
35,high_earner,2026-07-05,Hotel Booking,Travel,131.39,Cash,False
35,high_earner,2026-07-06,Clinic,Healthcare,1.51,Credit Card,False
35,high_earner,2026-07-07,Steam,Entertainment,2.18,Cash,False
35,high_earner,2026-07-10,Starbucks,Dining,32.11,Mobile Wallet,False
35,high_earner,2026-07-11,AirBnB,Travel,426.36,Mobile Wallet,False
35,high_earner,2026-07-12,IKEA,Shopping,47.89,Cash,False
35,high_earner,2026-07-12,Local Cafe,Dining,13.97,Credit Card,False
35,high_earner,2026-07-13,Hospital,Healthcare,4.63,Debit Card,False
35,high_earner,2026-07-13,Local Mart,Groceries,46.67,Mobile Wallet,False
35,high_earner,2026-07-15,AirBnB,Travel,139.14,Debit Card,False
35,high_earner,2026-07-15,Daraz,Shopping,58.8,Cash,False
35,high_earner,2026-07-16,McDonalds,Dining,11.08,Cash,False
35,high_earner,2026-07-16,Airline Co,Travel,1.0,Cash,False
35,high_earner,2026-07-17,Landlord Transfer,Rent,486.07,Debit Card,False
35,high_earner,2026-07-17,Starbucks,Dining,22.12,Credit Card,False
35,high_earner,2026-07-18,Airline Co,Travel,264.51,Debit Card,False
35,high_earner,2026-07-21,Local Mart,Groceries,51.88,Debit Card,False
35,high_earner,2026-07-23,Dental Care,Healthcare,66.44,Mobile Wallet,False
35,high_earner,2026-07-24,AirBnB,Travel,1.0,Credit Card,False
35,high_earner,2026-07-24,Landlord Transfer,Rent,523.89,Credit Card,False
35,high_earner,2026-07-24,AirBnB,Travel,231.09,Mobile Wallet,False
35,high_earner,2026-07-25,Spotify,Entertainment,10.14,Mobile Wallet,False
35,high_earner,2026-07-25,Netflix,Entertainment,1.0,Mobile Wallet,False
35,high_earner,2026-07-26,Landlord Transfer,Rent,508.03,Credit Card,False
35,high_earner,2026-07-27,AirBnB,Travel,185.1,Mobile Wallet,False
35,high_earner,2026-07-27,Landlord Transfer,Rent,492.67,Debit Card,False
35,high_earner,2026-07-27,Hotel Booking,Travel,331.18,Debit Card,False
35,high_earner,2026-07-29,Carrefour,Groceries,41.76,Cash,False
35,high_earner,2026-07-30,Landlord Transfer,Rent,451.17,Debit Card,False
35,high_earner,2026-07-31,Water Board,Utilities,47.81,Credit Card,False
35,high_earner,2026-08-02,Internet ISP,Utilities,38.5,Credit Card,False
35,high_earner,2026-08-03,Hotel Booking,Travel,1.0,Mobile Wallet,False
35,high_earner,2026-08-04,Amazon,Shopping,78.0,Debit Card,False
35,high_earner,2026-08-04,Local Cafe,Dining,21.53,Cash,False
35,high_earner,2026-08-05,Airline Co,Travel,210.0,Debit Card,False
35,high_earner,2026-08-06,Hotel Booking,Travel,236.23,Cash,False
35,high_earner,2026-08-07,Starbucks,Dining,23.83,Mobile Wallet,False
35,high_earner,2026-08-07,AirBnB,Travel,1.0,Cash,False
35,high_earner,2026-08-08,Landlord Transfer,Rent,548.45,Mobile Wallet,False
35,high_earner,2026-08-08,AirBnB,Travel,330.0,Mobile Wallet,False
35,high_earner,2026-08-08,Local Mart,Groceries,34.65,Mobile Wallet,False
35,high_earner,2026-08-09,Landlord Transfer,Rent,444.55,Debit Card,False
35,high_earner,2026-08-09,Electric Co,Utilities,60.35,Mobile Wallet,False
35,high_earner,2026-08-11,Landlord Transfer,Rent,418.4,Credit Card,False
35,high_earner,2026-08-12,Daraz,Shopping,45.94,Debit Card,False
35,high_earner,2026-08-14,Zara,Shopping,76.04,Cash,False
35,high_earner,2026-08-14,Amazon,Shopping,52.63,Cash,False
35,high_earner,2026-08-14,Carrefour,Groceries,73.41,Cash,False
35,high_earner,2026-08-15,Steam,Entertainment,17.03,Debit Card,False
35,high_earner,2026-08-15,Airline Co,Travel,322.95,Cash,False
35,high_earner,2026-08-15,Pizza Hut,Dining,43.23,Credit Card,False
35,high_earner,2026-08-15,Walmart,Groceries,13.2,Debit Card,False
35,high_earner,2026-08-17,Steam,Entertainment,6.9,Debit Card,False
35,high_earner,2026-08-17,McDonalds,Dining,32.88,Credit Card,False
35,high_earner,2026-08-17,Steam,Entertainment,37.19,Mobile Wallet,False
35,high_earner,2026-08-18,Hotel Booking,Travel,286.61,Credit Card,False
35,high_earner,2026-08-19,Landlord Transfer,Rent,297.38,Credit Card,False
35,high_earner,2026-08-20,Hotel Booking,Travel,171.52,Debit Card,False
35,high_earner,2026-08-24,Netflix,Entertainment,10.71,Credit Card,False
35,high_earner,2026-08-25,Carrefour,Groceries,23.01,Cash,False
35,high_earner,2026-08-25,McDonalds,Dining,20.26,Credit Card,False
35,high_earner,2026-08-25,Electric Co,Utilities,26.19,Mobile Wallet,False
35,high_earner,2026-08-26,Landlord Transfer,Rent,647.27,Cash,False
35,high_earner,2026-08-29,McDonalds,Dining,19.43,Cash,False
35,high_earner,2026-08-31,McDonalds,Dining,19.14,Cash,False
35,high_earner,2026-08-31,Amazon,Shopping,55.32,Mobile Wallet,False
35,high_earner,2026-09-01,IKEA,Shopping,72.81,Debit Card,False
36,young_professional,2026-03-06,Steam,Entertainment,8.65,Mobile Wallet,False
36,young_professional,2026-03-06,Daraz,Shopping,67.09,Credit Card,False
36,young_professional,2026-03-07,Pizza Hut,Dining,27.79,Debit Card,False
36,young_professional,2026-03-07,Shell Gas,Transport,162.69,Mobile Wallet,True
36,young_professional,2026-03-08,Local Cafe,Dining,12.75,Mobile Wallet,False
36,young_professional,2026-03-08,Pizza Hut,Dining,6.26,Mobile Wallet,False
36,young_professional,2026-03-09,Starbucks,Dining,1.0,Credit Card,False
36,young_professional,2026-03-09,Fresh Foods,Groceries,42.17,Debit Card,False
36,young_professional,2026-03-10,Local Cafe,Dining,9.88,Mobile Wallet,False
36,young_professional,2026-03-10,Water Board,Utilities,39.12,Debit Card,False
36,young_professional,2026-03-11,Local Mart,Groceries,41.19,Credit Card,False
36,young_professional,2026-03-15,Landlord Transfer,Rent,386.01,Mobile Wallet,False
36,young_professional,2026-03-15,IKEA,Shopping,102.79,Mobile Wallet,False
36,young_professional,2026-03-16,McDonalds,Dining,29.95,Debit Card,False
36,young_professional,2026-03-17,Walmart,Groceries,10.28,Cash,False
36,young_professional,2026-03-18,Electric Co,Utilities,52.26,Mobile Wallet,False
36,young_professional,2026-03-19,Pizza Hut,Dining,6.39,Credit Card,False
36,young_professional,2026-03-19,Airline Co,Travel,170.4,Debit Card,False
36,young_professional,2026-03-19,Spotify,Entertainment,19.39,Mobile Wallet,False
36,young_professional,2026-03-19,Careem,Transport,13.42,Credit Card,False
36,young_professional,2026-03-20,Carrefour,Groceries,44.3,Cash,False
36,young_professional,2026-03-23,Landlord Transfer,Rent,496.6,Debit Card,False
36,young_professional,2026-03-24,Starbucks,Dining,26.17,Cash,False
36,young_professional,2026-03-25,Hotel Booking,Travel,333.38,Credit Card,False
36,young_professional,2026-03-26,IKEA,Shopping,93.12,Credit Card,False
36,young_professional,2026-03-26,Local Cafe,Dining,17.16,Credit Card,False
36,young_professional,2026-03-26,Landlord Transfer,Rent,349.74,Debit Card,False
36,young_professional,2026-03-27,Walmart,Groceries,51.82,Credit Card,False
36,young_professional,2026-03-28,Careem,Transport,18.03,Credit Card,False
36,young_professional,2026-03-28,Steam,Entertainment,14.66,Credit Card,False
36,young_professional,2026-03-28,Daraz,Shopping,76.25,Mobile Wallet,False
36,young_professional,2026-03-28,Carrefour,Groceries,24.37,Cash,False
36,young_professional,2026-03-30,Daraz,Shopping,59.56,Mobile Wallet,False
36,young_professional,2026-03-31,Fresh Foods,Groceries,27.63,Cash,False
36,young_professional,2026-03-31,IKEA,Shopping,50.49,Credit Card,False
36,young_professional,2026-03-31,Carrefour,Groceries,60.08,Debit Card,False
36,young_professional,2026-04-01,Local Cafe,Dining,1.0,Credit Card,False
36,young_professional,2026-04-03,Cinema,Entertainment,34.19,Cash,False
36,young_professional,2026-04-04,Landlord Transfer,Rent,398.29,Credit Card,False
36,young_professional,2026-04-05,AirBnB,Travel,227.45,Debit Card,False
36,young_professional,2026-04-06,Local Mart,Groceries,35.84,Credit Card,False
36,young_professional,2026-04-06,Water Board,Utilities,34.72,Mobile Wallet,False
36,young_professional,2026-04-07,Zara,Shopping,59.38,Credit Card,False
36,young_professional,2026-04-07,Walmart,Groceries,49.23,Mobile Wallet,False
36,young_professional,2026-04-07,Pizza Hut,Dining,11.49,Cash,False
36,young_professional,2026-04-07,Walmart,Groceries,63.41,Debit Card,False
36,young_professional,2026-04-09,Gas Company,Utilities,55.56,Debit Card,False
36,young_professional,2026-04-09,Zara,Shopping,26.45,Credit Card,False
36,young_professional,2026-04-09,IKEA,Shopping,83.27,Mobile Wallet,False
36,young_professional,2026-04-10,Uber,Transport,12.51,Debit Card,False
36,young_professional,2026-04-10,Local Cafe,Dining,26.01,Mobile Wallet,False
36,young_professional,2026-04-12,Daraz,Shopping,109.63,Debit Card,False
36,young_professional,2026-04-13,Walmart,Groceries,26.84,Credit Card,False
36,young_professional,2026-04-13,Airline Co,Travel,1.0,Credit Card,False
36,young_professional,2026-04-14,Steam,Entertainment,20.63,Debit Card,False
36,young_professional,2026-04-15,Netflix,Entertainment,4.18,Debit Card,False
36,young_professional,2026-04-15,Shell Gas,Transport,53.97,Mobile Wallet,True
36,young_professional,2026-04-15,Landlord Transfer,Rent,383.83,Cash,False
36,young_professional,2026-04-17,Landlord Transfer,Rent,534.93,Mobile Wallet,False
36,young_professional,2026-04-17,Spotify,Entertainment,17.02,Mobile Wallet,False
36,young_professional,2026-04-21,Careem,Transport,1.0,Debit Card,False
36,young_professional,2026-04-21,Uber,Transport,12.37,Debit Card,False
36,young_professional,2026-04-21,Internet ISP,Utilities,47.96,Mobile Wallet,False
36,young_professional,2026-04-22,McDonalds,Dining,9.11,Cash,False
36,young_professional,2026-04-24,Starbucks,Dining,6.77,Mobile Wallet,False
36,young_professional,2026-04-25,McDonalds,Dining,14.87,Mobile Wallet,False
36,young_professional,2026-04-25,Steam,Entertainment,10.25,Mobile Wallet,False
36,young_professional,2026-04-27,McDonalds,Dining,27.8,Mobile Wallet,False
36,young_professional,2026-04-27,Steam,Entertainment,30.81,Credit Card,False
36,young_professional,2026-04-28,Local Cafe,Dining,6.05,Mobile Wallet,False
36,young_professional,2026-04-29,Starbucks,Dining,46.34,Mobile Wallet,False
36,young_professional,2026-04-29,Careem,Transport,11.68,Credit Card,False
36,young_professional,2026-04-30,Pizza Hut,Dining,13.6,Credit Card,False
36,young_professional,2026-04-30,Metro Card,Transport,4.8,Debit Card,False
36,young_professional,2026-04-30,Landlord Transfer,Rent,513.03,Debit Card,False
36,young_professional,2026-04-30,Careem,Transport,4.88,Debit Card,False
36,young_professional,2026-05-01,Local Mart,Groceries,54.95,Cash,False
36,young_professional,2026-05-02,Daraz,Shopping,68.4,Credit Card,False
36,young_professional,2026-05-02,IKEA,Shopping,48.66,Cash,False
36,young_professional,2026-05-03,Walmart,Groceries,1.0,Cash,False
36,young_professional,2026-05-04,Metro Card,Transport,30.06,Credit Card,False
36,young_professional,2026-05-04,Cinema,Entertainment,23.65,Mobile Wallet,False
36,young_professional,2026-05-07,Careem,Transport,12.37,Credit Card,False
36,young_professional,2026-05-08,Spotify,Entertainment,14.65,Credit Card,False
36,young_professional,2026-05-09,Daraz,Shopping,47.73,Cash,False
36,young_professional,2026-05-10,AirBnB,Travel,212.92,Mobile Wallet,False
36,young_professional,2026-05-10,Local Cafe,Dining,19.82,Credit Card,False
36,young_professional,2026-05-10,Landlord Transfer,Rent,614.81,Debit Card,False
36,young_professional,2026-05-10,Metro Card,Transport,23.75,Cash,False
36,young_professional,2026-05-12,Walmart,Groceries,35.44,Debit Card,False
36,young_professional,2026-05-12,Spotify,Entertainment,17.71,Credit Card,False
36,young_professional,2026-05-13,Landlord Transfer,Rent,697.43,Credit Card,False
36,young_professional,2026-05-13,Careem,Transport,24.67,Mobile Wallet,False
36,young_professional,2026-05-14,Hospital,Healthcare,1.0,Cash,False
36,young_professional,2026-05-15,Starbucks,Dining,9.86,Cash,False
36,young_professional,2026-05-15,Shell Gas,Transport,24.34,Credit Card,False
36,young_professional,2026-05-15,Amazon,Shopping,7.13,Cash,False
36,young_professional,2026-05-15,Pizza Hut,Dining,29.29,Mobile Wallet,False
36,young_professional,2026-05-15,AirBnB,Travel,118.08,Mobile Wallet,False
36,young_professional,2026-05-16,Netflix,Entertainment,12.24,Mobile Wallet,False
36,young_professional,2026-05-17,Airline Co,Travel,461.52,Cash,False
36,young_professional,2026-05-20,Daraz,Shopping,77.22,Debit Card,False
36,young_professional,2026-05-20,Fresh Foods,Groceries,37.34,Mobile Wallet,False
36,young_professional,2026-05-20,Fresh Foods,Groceries,59.13,Mobile Wallet,False
36,young_professional,2026-05-21,Starbucks,Dining,1.91,Debit Card,False
36,young_professional,2026-05-21,McDonalds,Dining,9.25,Mobile Wallet,False
36,young_professional,2026-05-22,Zara,Shopping,41.76,Mobile Wallet,False
36,young_professional,2026-05-24,Walmart,Groceries,36.84,Credit Card,False
36,young_professional,2026-05-26,AirBnB,Travel,205.67,Mobile Wallet,False
36,young_professional,2026-05-27,Gas Company,Utilities,17.9,Mobile Wallet,False
36,young_professional,2026-05-27,Landlord Transfer,Rent,416.17,Debit Card,False
36,young_professional,2026-05-27,IKEA,Shopping,32.55,Mobile Wallet,False
36,young_professional,2026-05-28,Starbucks,Dining,20.48,Debit Card,False
36,young_professional,2026-05-28,Pizza Hut,Dining,30.71,Debit Card,False
36,young_professional,2026-05-31,Dental Care,Healthcare,34.13,Credit Card,False
36,young_professional,2026-06-01,Internet ISP,Utilities,67.3,Credit Card,False
36,young_professional,2026-06-02,Metro Card,Transport,1.61,Debit Card,False
36,young_professional,2026-06-04,Carrefour,Groceries,38.97,Cash,False
36,young_professional,2026-06-04,Netflix,Entertainment,18.24,Cash,False
36,young_professional,2026-06-04,Airline Co,Travel,161.52,Cash,False
36,young_professional,2026-06-05,Local Cafe,Dining,2.67,Mobile Wallet,False
36,young_professional,2026-06-07,Zara,Shopping,110.51,Mobile Wallet,False
36,young_professional,2026-06-08,Walmart,Groceries,67.81,Credit Card,False
36,young_professional,2026-06-08,Walmart,Groceries,38.88,Debit Card,False
36,young_professional,2026-06-08,Pizza Hut,Dining,38.92,Debit Card,False
36,young_professional,2026-06-09,AirBnB,Travel,53.65,Cash,False
36,young_professional,2026-06-09,Landlord Transfer,Rent,514.01,Cash,False
36,young_professional,2026-06-09,Hospital,Healthcare,28.41,Debit Card,False
36,young_professional,2026-06-09,IKEA,Shopping,16.6,Mobile Wallet,False
36,young_professional,2026-06-09,Steam,Entertainment,4.75,Debit Card,False
36,young_professional,2026-06-09,Landlord Transfer,Rent,356.11,Cash,False
36,young_professional,2026-06-11,Zara,Shopping,56.05,Debit Card,False
36,young_professional,2026-06-11,Careem,Transport,15.56,Debit Card,False
36,young_professional,2026-06-11,Cinema,Entertainment,4.31,Mobile Wallet,False
36,young_professional,2026-06-12,Landlord Transfer,Rent,574.68,Debit Card,False
36,young_professional,2026-06-14,Netflix,Entertainment,21.27,Cash,False
36,young_professional,2026-06-15,Metro Card,Transport,13.82,Debit Card,False
36,young_professional,2026-06-17,Pizza Hut,Dining,36.23,Credit Card,False
36,young_professional,2026-06-18,Shell Gas,Transport,13.43,Debit Card,False
36,young_professional,2026-06-18,AirBnB,Travel,299.53,Cash,False
36,young_professional,2026-06-19,Metro Card,Transport,14.44,Debit Card,False
36,young_professional,2026-06-19,Local Mart,Groceries,53.18,Mobile Wallet,False
36,young_professional,2026-06-20,Spotify,Entertainment,1.0,Debit Card,False
36,young_professional,2026-06-20,Local Cafe,Dining,26.52,Debit Card,False
36,young_professional,2026-06-20,Landlord Transfer,Rent,588.5,Cash,False
36,young_professional,2026-06-22,Pizza Hut,Dining,20.17,Credit Card,False
36,young_professional,2026-06-26,Careem,Transport,11.01,Credit Card,False
36,young_professional,2026-06-26,Local Cafe,Dining,11.32,Cash,False
36,young_professional,2026-06-27,Pizza Hut,Dining,36.14,Credit Card,False
36,young_professional,2026-06-28,IKEA,Shopping,1.0,Cash,False
36,young_professional,2026-06-28,Hotel Booking,Travel,393.69,Cash,False
36,young_professional,2026-06-30,Uber,Transport,16.76,Cash,False
36,young_professional,2026-07-01,Steam,Entertainment,5.91,Cash,False
36,young_professional,2026-07-03,Landlord Transfer,Rent,441.0,Debit Card,False
36,young_professional,2026-07-03,McDonalds,Dining,11.39,Debit Card,False
36,young_professional,2026-07-03,Shell Gas,Transport,6.95,Credit Card,False
36,young_professional,2026-07-03,Walmart,Groceries,56.38,Credit Card,False
36,young_professional,2026-07-04,Local Cafe,Dining,18.06,Mobile Wallet,False
36,young_professional,2026-07-04,Starbucks,Dining,14.71,Credit Card,False
36,young_professional,2026-07-04,Spotify,Entertainment,4.47,Cash,False
36,young_professional,2026-07-07,Landlord Transfer,Rent,589.32,Cash,False
36,young_professional,2026-07-07,Landlord Transfer,Rent,422.47,Credit Card,False
36,young_professional,2026-07-07,Pizza Hut,Dining,15.1,Debit Card,False
36,young_professional,2026-07-08,Landlord Transfer,Rent,356.74,Cash,False
36,young_professional,2026-07-08,McDonalds,Dining,31.52,Cash,False
36,young_professional,2026-07-09,Cinema,Entertainment,7.48,Mobile Wallet,False
36,young_professional,2026-07-10,Walmart,Groceries,32.03,Cash,False
36,young_professional,2026-07-10,Zara,Shopping,78.03,Debit Card,False
36,young_professional,2026-07-12,McDonalds,Dining,32.61,Debit Card,False
36,young_professional,2026-07-12,Careem,Transport,1.0,Cash,False
36,young_professional,2026-07-13,Daraz,Shopping,36.41,Mobile Wallet,False
36,young_professional,2026-07-13,Local Cafe,Dining,22.57,Credit Card,False
36,young_professional,2026-07-16,Careem,Transport,19.63,Mobile Wallet,False
36,young_professional,2026-07-18,IKEA,Shopping,71.92,Cash,False
36,young_professional,2026-07-18,Uber,Transport,4.38,Credit Card,False
36,young_professional,2026-07-21,Landlord Transfer,Rent,447.21,Debit Card,False
36,young_professional,2026-07-23,Electric Co,Utilities,38.35,Cash,False
36,young_professional,2026-07-25,Walmart,Groceries,33.85,Credit Card,False
36,young_professional,2026-07-25,Zara,Shopping,2.92,Debit Card,False
36,young_professional,2026-07-26,Dental Care,Healthcare,8.38,Mobile Wallet,False
36,young_professional,2026-07-26,Uber,Transport,4.74,Mobile Wallet,False
36,young_professional,2026-07-26,McDonalds,Dining,23.93,Debit Card,False
36,young_professional,2026-07-27,Landlord Transfer,Rent,497.76,Credit Card,False
36,young_professional,2026-07-28,Local Mart,Groceries,38.19,Cash,False
36,young_professional,2026-07-28,Landlord Transfer,Rent,311.29,Debit Card,False
36,young_professional,2026-07-30,Shell Gas,Transport,2.51,Mobile Wallet,False
36,young_professional,2026-07-30,Starbucks,Dining,25.47,Debit Card,False
36,young_professional,2026-08-02,Cinema,Entertainment,13.97,Mobile Wallet,False
36,young_professional,2026-08-02,Steam,Entertainment,16.97,Credit Card,False
36,young_professional,2026-08-03,Pizza Hut,Dining,23.11,Mobile Wallet,False
36,young_professional,2026-08-03,Metro Card,Transport,8.35,Mobile Wallet,False
36,young_professional,2026-08-04,Pizza Hut,Dining,11.33,Cash,False
36,young_professional,2026-08-06,Careem,Transport,16.41,Debit Card,False
36,young_professional,2026-08-06,Fresh Foods,Groceries,47.89,Cash,False
36,young_professional,2026-08-07,Cinema,Entertainment,11.26,Cash,False
36,young_professional,2026-08-08,Cinema,Entertainment,12.05,Mobile Wallet,False
36,young_professional,2026-08-09,Local Mart,Groceries,28.22,Cash,False
36,young_professional,2026-08-11,Cinema,Entertainment,18.77,Debit Card,False
36,young_professional,2026-08-12,Careem,Transport,23.92,Cash,False
36,young_professional,2026-08-13,Uber,Transport,25.01,Credit Card,False
36,young_professional,2026-08-13,IKEA,Shopping,54.13,Cash,False
36,young_professional,2026-08-15,Netflix,Entertainment,1.0,Debit Card,False
36,young_professional,2026-08-16,Walmart,Groceries,58.65,Credit Card,False
36,young_professional,2026-08-16,Walmart,Groceries,21.95,Debit Card,False
36,young_professional,2026-08-17,Hotel Booking,Travel,316.63,Cash,False
36,young_professional,2026-08-19,Carrefour,Groceries,56.27,Debit Card,False
36,young_professional,2026-08-19,McDonalds,Dining,17.0,Debit Card,False
36,young_professional,2026-08-19,Carrefour,Groceries,70.47,Credit Card,False
36,young_professional,2026-08-21,Zara,Shopping,79.18,Cash,False
36,young_professional,2026-08-23,Amazon,Shopping,60.06,Debit Card,False
36,young_professional,2026-08-23,McDonalds,Dining,6.5,Cash,False
36,young_professional,2026-08-24,Shell Gas,Transport,21.35,Mobile Wallet,False
36,young_professional,2026-08-26,Airline Co,Travel,2.7,Debit Card,False
36,young_professional,2026-08-27,Steam,Entertainment,16.24,Debit Card,False
36,young_professional,2026-08-29,Landlord Transfer,Rent,494.74,Cash,False
36,young_professional,2026-08-29,Internet ISP,Utilities,50.6,Cash,False
37,high_earner,2026-03-09,IKEA,Shopping,1.0,Mobile Wallet,False
37,high_earner,2026-03-10,Airline Co,Travel,8.5,Debit Card,True
37,high_earner,2026-03-10,Landlord Transfer,Rent,410.98,Mobile Wallet,False
37,high_earner,2026-03-10,Dental Care,Healthcare,47.68,Cash,False
37,high_earner,2026-03-11,IKEA,Shopping,112.66,Debit Card,False
37,high_earner,2026-03-12,Landlord Transfer,Rent,518.31,Debit Card,False
37,high_earner,2026-03-13,Hotel Booking,Travel,80.37,Debit Card,False
37,high_earner,2026-03-13,Local Mart,Groceries,23.11,Cash,False
37,high_earner,2026-03-13,Water Board,Utilities,73.65,Credit Card,False
37,high_earner,2026-03-14,Spotify,Entertainment,14.06,Debit Card,False
37,high_earner,2026-03-14,Landlord Transfer,Rent,433.14,Debit Card,False
37,high_earner,2026-03-15,Daraz,Shopping,84.81,Credit Card,False
37,high_earner,2026-03-16,Airline Co,Travel,289.69,Debit Card,False
37,high_earner,2026-03-17,Carrefour,Groceries,29.61,Credit Card,False
37,high_earner,2026-03-17,Local Mart,Groceries,11.24,Credit Card,False
37,high_earner,2026-03-17,Airline Co,Travel,149.72,Mobile Wallet,False
37,high_earner,2026-03-17,Walmart,Groceries,38.64,Credit Card,False
37,high_earner,2026-03-18,Landlord Transfer,Rent,514.72,Mobile Wallet,False
37,high_earner,2026-03-20,Local Mart,Groceries,35.27,Mobile Wallet,False
37,high_earner,2026-03-20,Carrefour,Groceries,47.42,Debit Card,False
37,high_earner,2026-03-22,IKEA,Shopping,113.21,Cash,False
37,high_earner,2026-03-22,Amazon,Shopping,48.54,Debit Card,False
37,high_earner,2026-03-22,Dental Care,Healthcare,11.21,Mobile Wallet,False
37,high_earner,2026-03-24,Amazon,Shopping,64.79,Mobile Wallet,False
37,high_earner,2026-03-24,Landlord Transfer,Rent,542.53,Debit Card,False
37,high_earner,2026-03-24,Landlord Transfer,Rent,550.79,Mobile Wallet,False
37,high_earner,2026-03-27,IKEA,Shopping,59.52,Cash,False
37,high_earner,2026-03-27,Zara,Shopping,76.11,Cash,False
37,high_earner,2026-03-27,Landlord Transfer,Rent,521.7,Mobile Wallet,False
37,high_earner,2026-03-27,Daraz,Shopping,1.0,Mobile Wallet,False
37,high_earner,2026-03-28,Landlord Transfer,Rent,544.38,Credit Card,False
37,high_earner,2026-03-29,Zara,Shopping,131.6,Debit Card,False
37,high_earner,2026-03-31,Amazon,Shopping,48.95,Mobile Wallet,False
37,high_earner,2026-04-01,Hotel Booking,Travel,355.33,Debit Card,False
37,high_earner,2026-04-02,Landlord Transfer,Rent,523.27,Mobile Wallet,False
37,high_earner,2026-04-02,Pharmacy,Healthcare,20.14,Debit Card,False
37,high_earner,2026-04-03,Landlord Transfer,Rent,539.23,Credit Card,False
37,high_earner,2026-04-04,Local Cafe,Dining,19.4,Debit Card,False
37,high_earner,2026-04-04,Airline Co,Travel,178.92,Mobile Wallet,False
37,high_earner,2026-04-05,AirBnB,Travel,358.16,Debit Card,False
37,high_earner,2026-04-05,Airline Co,Travel,1.0,Mobile Wallet,False
37,high_earner,2026-04-07,Starbucks,Dining,6.82,Debit Card,False
37,high_earner,2026-04-07,McDonalds,Dining,16.81,Cash,False
37,high_earner,2026-04-07,Starbucks,Dining,18.09,Debit Card,False
37,high_earner,2026-04-08,Starbucks,Dining,18.78,Debit Card,False
37,high_earner,2026-04-08,Landlord Transfer,Rent,313.15,Debit Card,False
37,high_earner,2026-04-08,Landlord Transfer,Rent,428.67,Mobile Wallet,False
37,high_earner,2026-04-08,Cinema,Entertainment,7.36,Credit Card,False
37,high_earner,2026-04-09,Zara,Shopping,20.43,Debit Card,False
37,high_earner,2026-04-10,Spotify,Entertainment,21.53,Debit Card,False
37,high_earner,2026-04-11,Landlord Transfer,Rent,558.99,Cash,False
37,high_earner,2026-04-15,Local Mart,Groceries,55.0,Debit Card,False
37,high_earner,2026-04-16,Starbucks,Dining,33.63,Cash,False
37,high_earner,2026-04-16,Cinema,Entertainment,15.68,Cash,False
37,high_earner,2026-04-17,Gas Company,Utilities,50.58,Credit Card,False
37,high_earner,2026-04-17,Hotel Booking,Travel,525.48,Mobile Wallet,False
37,high_earner,2026-04-19,IKEA,Shopping,41.43,Debit Card,False
37,high_earner,2026-04-21,Daraz,Shopping,50.58,Mobile Wallet,False
37,high_earner,2026-04-21,Internet ISP,Utilities,78.36,Debit Card,False
37,high_earner,2026-04-22,Amazon,Shopping,138.24,Cash,False
37,high_earner,2026-04-22,Landlord Transfer,Rent,616.77,Cash,False
37,high_earner,2026-04-22,IKEA,Shopping,71.4,Credit Card,False
37,high_earner,2026-04-23,Spotify,Entertainment,26.51,Mobile Wallet,False
37,high_earner,2026-04-23,Dental Care,Healthcare,28.08,Credit Card,False
37,high_earner,2026-04-25,Clinic,Healthcare,1.0,Debit Card,False
37,high_earner,2026-04-26,IKEA,Shopping,53.52,Credit Card,False
37,high_earner,2026-04-26,Daraz,Shopping,54.15,Credit Card,False
37,high_earner,2026-04-27,Internet ISP,Utilities,73.86,Debit Card,False
37,high_earner,2026-04-27,IKEA,Shopping,67.66,Mobile Wallet,False
37,high_earner,2026-04-28,Pharmacy,Healthcare,38.9,Debit Card,False
37,high_earner,2026-04-29,Hotel Booking,Travel,440.93,Cash,False
37,high_earner,2026-05-03,Carrefour,Groceries,12.12,Debit Card,False
37,high_earner,2026-05-04,Landlord Transfer,Rent,401.99,Debit Card,False
37,high_earner,2026-05-05,Netflix,Entertainment,7.53,Credit Card,False
37,high_earner,2026-05-05,Daraz,Shopping,36.82,Cash,False
37,high_earner,2026-05-06,Fresh Foods,Groceries,48.99,Credit Card,False
37,high_earner,2026-05-06,Starbucks,Dining,4.83,Debit Card,False
37,high_earner,2026-05-07,Airline Co,Travel,1.0,Credit Card,False
37,high_earner,2026-05-07,Internet ISP,Utilities,81.99,Mobile Wallet,False
37,high_earner,2026-05-07,Landlord Transfer,Rent,480.45,Mobile Wallet,False
37,high_earner,2026-05-07,Hotel Booking,Travel,246.86,Debit Card,False
37,high_earner,2026-05-07,AirBnB,Travel,88.82,Cash,False
37,high_earner,2026-05-11,Cinema,Entertainment,30.97,Debit Card,False
37,high_earner,2026-05-11,Starbucks,Dining,32.58,Mobile Wallet,False
37,high_earner,2026-05-13,Landlord Transfer,Rent,445.18,Credit Card,False
37,high_earner,2026-05-13,Daraz,Shopping,145.51,Credit Card,False
37,high_earner,2026-05-13,Internet ISP,Utilities,57.15,Cash,False
37,high_earner,2026-05-14,Starbucks,Dining,8.38,Mobile Wallet,False
37,high_earner,2026-05-14,McDonalds,Dining,33.48,Cash,False
37,high_earner,2026-05-16,Airline Co,Travel,120.71,Mobile Wallet,False
37,high_earner,2026-05-17,Walmart,Groceries,64.94,Cash,False
37,high_earner,2026-05-17,Landlord Transfer,Rent,501.74,Debit Card,False
37,high_earner,2026-05-17,McDonalds,Dining,26.07,Credit Card,False
37,high_earner,2026-05-17,Airline Co,Travel,443.72,Debit Card,False
37,high_earner,2026-05-17,Zara,Shopping,22.52,Credit Card,False
37,high_earner,2026-05-20,Electric Co,Utilities,22.37,Cash,False
37,high_earner,2026-05-20,Landlord Transfer,Rent,407.91,Mobile Wallet,False
37,high_earner,2026-05-20,Hotel Booking,Travel,340.99,Debit Card,False
37,high_earner,2026-05-20,Landlord Transfer,Rent,491.09,Debit Card,False
37,high_earner,2026-05-20,Airline Co,Travel,1.0,Mobile Wallet,False
37,high_earner,2026-05-21,IKEA,Shopping,1.0,Credit Card,False
37,high_earner,2026-05-21,Carrefour,Groceries,38.99,Mobile Wallet,False
37,high_earner,2026-05-21,Netflix,Entertainment,11.92,Credit Card,False
37,high_earner,2026-05-24,Starbucks,Dining,30.74,Mobile Wallet,False
37,high_earner,2026-05-29,Amazon,Shopping,1.0,Debit Card,False
37,high_earner,2026-05-30,Daraz,Shopping,26.92,Credit Card,False
37,high_earner,2026-05-31,Airline Co,Travel,122.37,Debit Card,False
37,high_earner,2026-06-02,Walmart,Groceries,13.63,Mobile Wallet,False
37,high_earner,2026-06-02,Hotel Booking,Travel,120.5,Mobile Wallet,False
37,high_earner,2026-06-03,Spotify,Entertainment,6.87,Credit Card,False
37,high_earner,2026-06-06,Netflix,Entertainment,13.4,Credit Card,False
37,high_earner,2026-06-08,Airline Co,Travel,1.0,Credit Card,False
37,high_earner,2026-06-10,Landlord Transfer,Rent,669.8,Mobile Wallet,False
37,high_earner,2026-06-14,Amazon,Shopping,8.72,Debit Card,False
37,high_earner,2026-06-14,Airline Co,Travel,132.15,Credit Card,False
37,high_earner,2026-06-15,Amazon,Shopping,66.71,Credit Card,False
37,high_earner,2026-06-20,Hotel Booking,Travel,1.0,Debit Card,False
37,high_earner,2026-06-21,Pizza Hut,Dining,12.39,Mobile Wallet,False
37,high_earner,2026-06-21,Landlord Transfer,Rent,490.76,Debit Card,False
37,high_earner,2026-06-22,Daraz,Shopping,93.49,Credit Card,False
37,high_earner,2026-06-22,Zara,Shopping,34.92,Debit Card,False
37,high_earner,2026-06-22,Local Cafe,Dining,4.16,Mobile Wallet,False
37,high_earner,2026-06-22,Hotel Booking,Travel,58.21,Debit Card,False
37,high_earner,2026-06-24,Walmart,Groceries,40.18,Debit Card,False
37,high_earner,2026-06-26,Gas Company,Utilities,72.32,Cash,False
37,high_earner,2026-06-26,AirBnB,Travel,24.24,Credit Card,False
37,high_earner,2026-06-28,Airline Co,Travel,223.38,Cash,False
37,high_earner,2026-06-28,Carrefour,Groceries,11.82,Credit Card,False
37,high_earner,2026-06-29,Airline Co,Travel,482.71,Cash,False
37,high_earner,2026-06-29,Pharmacy,Healthcare,19.71,Mobile Wallet,False
37,high_earner,2026-06-29,Daraz,Shopping,27.57,Cash,False
37,high_earner,2026-06-29,Netflix,Entertainment,10.67,Cash,False
37,high_earner,2026-06-30,Daraz,Shopping,67.98,Debit Card,False
37,high_earner,2026-06-30,Internet ISP,Utilities,51.89,Mobile Wallet,False
37,high_earner,2026-07-01,Spotify,Entertainment,1.0,Credit Card,False
37,high_earner,2026-07-01,Clinic,Healthcare,62.11,Cash,False
37,high_earner,2026-07-01,Zara,Shopping,26.71,Mobile Wallet,False
37,high_earner,2026-07-02,McDonalds,Dining,10.6,Credit Card,False
37,high_earner,2026-07-03,Airline Co,Travel,78.11,Cash,False
37,high_earner,2026-07-04,Landlord Transfer,Rent,840.97,Mobile Wallet,False
37,high_earner,2026-07-04,Amazon,Shopping,90.95,Credit Card,False
37,high_earner,2026-07-05,Spotify,Entertainment,6.45,Mobile Wallet,False
37,high_earner,2026-07-12,Amazon,Shopping,108.44,Debit Card,False
37,high_earner,2026-07-12,Pizza Hut,Dining,1.0,Debit Card,False
37,high_earner,2026-07-12,Landlord Transfer,Rent,510.16,Cash,False
37,high_earner,2026-07-13,Landlord Transfer,Rent,735.19,Cash,False
37,high_earner,2026-07-14,Hotel Booking,Travel,345.98,Cash,False
37,high_earner,2026-07-14,Landlord Transfer,Rent,378.37,Debit Card,False
37,high_earner,2026-07-16,Netflix,Entertainment,29.28,Cash,False
37,high_earner,2026-07-17,McDonalds,Dining,34.91,Debit Card,False
37,high_earner,2026-07-17,Airline Co,Travel,83.33,Debit Card,False
37,high_earner,2026-07-19,Local Cafe,Dining,45.21,Credit Card,False
37,high_earner,2026-07-20,Gas Company,Utilities,69.06,Credit Card,False
37,high_earner,2026-07-22,Hotel Booking,Travel,136.01,Debit Card,False
37,high_earner,2026-07-22,Hotel Booking,Travel,59.6,Debit Card,False
37,high_earner,2026-07-23,Landlord Transfer,Rent,364.61,Cash,False
37,high_earner,2026-07-24,Amazon,Shopping,46.65,Debit Card,False
37,high_earner,2026-07-26,McDonalds,Dining,17.7,Mobile Wallet,False
37,high_earner,2026-07-26,Landlord Transfer,Rent,634.54,Mobile Wallet,False
37,high_earner,2026-07-27,Hotel Booking,Travel,114.72,Credit Card,False
37,high_earner,2026-07-28,Landlord Transfer,Rent,409.83,Debit Card,False
37,high_earner,2026-07-28,Airline Co,Travel,531.26,Debit Card,False
37,high_earner,2026-07-30,Zara,Shopping,100.13,Credit Card,False
37,high_earner,2026-07-31,Pizza Hut,Dining,18.7,Cash,False
37,high_earner,2026-07-31,Zara,Shopping,1.0,Debit Card,False
37,high_earner,2026-07-31,Walmart,Groceries,58.1,Debit Card,False
37,high_earner,2026-08-02,Zara,Shopping,26.81,Credit Card,False
37,high_earner,2026-08-03,Daraz,Shopping,54.56,Credit Card,False
37,high_earner,2026-08-03,McDonalds,Dining,28.03,Credit Card,False
37,high_earner,2026-08-03,AirBnB,Travel,270.11,Cash,False
37,high_earner,2026-08-05,IKEA,Shopping,19.87,Mobile Wallet,False
37,high_earner,2026-08-05,IKEA,Shopping,115.54,Cash,False
37,high_earner,2026-08-06,Dental Care,Healthcare,34.06,Cash,False
37,high_earner,2026-08-08,Amazon,Shopping,43.84,Cash,False
37,high_earner,2026-08-08,Local Cafe,Dining,18.49,Cash,False
37,high_earner,2026-08-08,Hotel Booking,Travel,1.0,Cash,False
37,high_earner,2026-08-08,Fresh Foods,Groceries,20.23,Debit Card,False
37,high_earner,2026-08-08,Airline Co,Travel,108.77,Cash,False
37,high_earner,2026-08-09,Landlord Transfer,Rent,463.29,Credit Card,False
37,high_earner,2026-08-11,Airline Co,Travel,242.28,Cash,False
37,high_earner,2026-08-11,Gas Company,Utilities,88.97,Mobile Wallet,False
37,high_earner,2026-08-13,Walmart,Groceries,47.32,Credit Card,False
37,high_earner,2026-08-13,Amazon,Shopping,32.83,Credit Card,False
37,high_earner,2026-08-14,Amazon,Shopping,82.07,Credit Card,False
37,high_earner,2026-08-15,Walmart,Groceries,45.43,Debit Card,False
37,high_earner,2026-08-16,McDonalds,Dining,1.0,Mobile Wallet,False
37,high_earner,2026-08-16,Daraz,Shopping,89.27,Credit Card,False
37,high_earner,2026-08-16,Landlord Transfer,Rent,508.9,Mobile Wallet,False
37,high_earner,2026-08-17,Hotel Booking,Travel,65.1,Credit Card,False
37,high_earner,2026-08-17,Hotel Booking,Travel,385.2,Debit Card,False
37,high_earner,2026-08-17,Local Cafe,Dining,13.97,Credit Card,False
37,high_earner,2026-08-20,McDonalds,Dining,14.26,Credit Card,False
37,high_earner,2026-08-22,Hospital,Healthcare,72.3,Mobile Wallet,False
37,high_earner,2026-08-22,McDonalds,Dining,11.51,Debit Card,False
37,high_earner,2026-08-22,Electric Co,Utilities,70.8,Credit Card,False
37,high_earner,2026-08-22,Pizza Hut,Dining,23.49,Credit Card,False
37,high_earner,2026-08-23,Fresh Foods,Groceries,46.63,Credit Card,False
37,high_earner,2026-08-23,Airline Co,Travel,224.9,Credit Card,False
37,high_earner,2026-08-25,Hotel Booking,Travel,198.96,Mobile Wallet,False
37,high_earner,2026-08-26,Pharmacy,Healthcare,17.22,Debit Card,False
37,high_earner,2026-08-26,Pharmacy,Healthcare,1.0,Mobile Wallet,False
37,high_earner,2026-08-26,Carrefour,Groceries,30.15,Cash,False
37,high_earner,2026-08-27,Landlord Transfer,Rent,478.49,Credit Card,False
37,high_earner,2026-08-27,Hotel Booking,Travel,263.89,Cash,False
37,high_earner,2026-08-28,Landlord Transfer,Rent,506.49,Mobile Wallet,False
37,high_earner,2026-08-29,Hospital,Healthcare,1.0,Debit Card,False
37,high_earner,2026-08-29,Landlord Transfer,Rent,552.9,Debit Card,False
37,high_earner,2026-08-29,Electric Co,Utilities,30.46,Debit Card,False
37,high_earner,2026-08-29,Airline Co,Travel,13.98,Credit Card,False
37,high_earner,2026-08-30,Steam,Entertainment,1.0,Debit Card,False
37,high_earner,2026-08-30,Pizza Hut,Dining,29.75,Cash,False
37,high_earner,2026-08-31,Local Cafe,Dining,11.27,Mobile Wallet,False
37,high_earner,2026-09-01,AirBnB,Travel,229.34,Mobile Wallet,False
37,high_earner,2026-09-01,AirBnB,Travel,65.85,Cash,False
38,high_earner,2026-03-05,Airline Co,Travel,346.9,Debit Card,False
38,high_earner,2026-03-05,Landlord Transfer,Rent,411.31,Credit Card,False
38,high_earner,2026-03-05,Zara,Shopping,35.17,Debit Card,False
38,high_earner,2026-03-05,Daraz,Shopping,46.49,Mobile Wallet,False
38,high_earner,2026-03-06,Airline Co,Travel,144.93,Mobile Wallet,False
38,high_earner,2026-03-07,Landlord Transfer,Rent,359.8,Mobile Wallet,False
38,high_earner,2026-03-10,Fresh Foods,Groceries,8.46,Mobile Wallet,False
38,high_earner,2026-03-11,Airline Co,Travel,393.51,Credit Card,False
38,high_earner,2026-03-11,Zara,Shopping,106.97,Credit Card,False
38,high_earner,2026-03-11,Landlord Transfer,Rent,510.54,Debit Card,False
38,high_earner,2026-03-13,Landlord Transfer,Rent,428.36,Credit Card,False
38,high_earner,2026-03-13,Walmart,Groceries,51.39,Credit Card,False
38,high_earner,2026-03-14,Zara,Shopping,50.18,Mobile Wallet,False
38,high_earner,2026-03-16,Hotel Booking,Travel,218.88,Mobile Wallet,False
38,high_earner,2026-03-17,Netflix,Entertainment,22.95,Cash,False
38,high_earner,2026-03-23,Local Mart,Groceries,32.71,Credit Card,False
38,high_earner,2026-03-23,Landlord Transfer,Rent,425.88,Credit Card,False
38,high_earner,2026-03-23,Airline Co,Travel,190.78,Mobile Wallet,False
38,high_earner,2026-03-24,IKEA,Shopping,29.44,Mobile Wallet,False
38,high_earner,2026-03-25,Airline Co,Travel,327.5,Cash,False
38,high_earner,2026-03-25,Netflix,Entertainment,4.7,Credit Card,False
38,high_earner,2026-03-26,Local Mart,Groceries,42.85,Debit Card,False
38,high_earner,2026-03-27,Electric Co,Utilities,88.27,Cash,False
38,high_earner,2026-03-28,McDonalds,Dining,14.28,Cash,False
38,high_earner,2026-03-29,Daraz,Shopping,46.35,Credit Card,False
38,high_earner,2026-03-30,Local Mart,Groceries,65.58,Debit Card,False
38,high_earner,2026-03-30,Airline Co,Travel,379.65,Cash,False
38,high_earner,2026-03-31,Landlord Transfer,Rent,469.96,Cash,False
38,high_earner,2026-04-01,IKEA,Shopping,1.0,Mobile Wallet,False
38,high_earner,2026-04-01,AirBnB,Travel,431.79,Mobile Wallet,False
38,high_earner,2026-04-01,Landlord Transfer,Rent,407.65,Credit Card,False
38,high_earner,2026-04-01,Landlord Transfer,Rent,402.98,Mobile Wallet,False
38,high_earner,2026-04-01,Landlord Transfer,Rent,669.13,Credit Card,False
38,high_earner,2026-04-03,Local Cafe,Dining,13.22,Mobile Wallet,False
38,high_earner,2026-04-05,AirBnB,Travel,255.43,Cash,False
38,high_earner,2026-04-06,Pharmacy,Healthcare,1.0,Mobile Wallet,False
38,high_earner,2026-04-06,Landlord Transfer,Rent,690.8,Credit Card,False
38,high_earner,2026-04-06,Carrefour,Groceries,28.44,Debit Card,False
38,high_earner,2026-04-06,Landlord Transfer,Rent,611.49,Cash,False
38,high_earner,2026-04-07,McDonalds,Dining,20.27,Mobile Wallet,False
38,high_earner,2026-04-08,IKEA,Shopping,13.77,Cash,False
38,high_earner,2026-04-08,Airline Co,Travel,322.84,Debit Card,False
38,high_earner,2026-04-10,Carrefour,Groceries,68.94,Cash,False
38,high_earner,2026-04-11,Fresh Foods,Groceries,53.32,Debit Card,False
38,high_earner,2026-04-11,Spotify,Entertainment,15.41,Cash,False
38,high_earner,2026-04-11,Netflix,Entertainment,28.31,Mobile Wallet,False
38,high_earner,2026-04-12,Landlord Transfer,Rent,544.95,Credit Card,False
38,high_earner,2026-04-12,Landlord Transfer,Rent,416.89,Debit Card,False
38,high_earner,2026-04-12,IKEA,Shopping,119.42,Debit Card,False
38,high_earner,2026-04-13,Landlord Transfer,Rent,353.23,Debit Card,False
38,high_earner,2026-04-13,Fresh Foods,Groceries,26.9,Credit Card,False
38,high_earner,2026-04-13,Dental Care,Healthcare,3.78,Debit Card,False
38,high_earner,2026-04-13,Amazon,Shopping,13.15,Credit Card,False
38,high_earner,2026-04-13,Hotel Booking,Travel,350.06,Credit Card,False
38,high_earner,2026-04-13,Daraz,Shopping,26.33,Credit Card,False
38,high_earner,2026-04-14,Cinema,Entertainment,11.05,Credit Card,False
38,high_earner,2026-04-16,AirBnB,Travel,138.76,Credit Card,False
38,high_earner,2026-04-16,Daraz,Shopping,480.1,Mobile Wallet,True
38,high_earner,2026-04-17,Airline Co,Travel,99.57,Credit Card,False
38,high_earner,2026-04-21,Walmart,Groceries,55.02,Mobile Wallet,False
38,high_earner,2026-04-21,Landlord Transfer,Rent,470.24,Cash,False
38,high_earner,2026-04-23,Netflix,Entertainment,1.0,Credit Card,False
38,high_earner,2026-04-23,Gas Company,Utilities,73.43,Cash,False
38,high_earner,2026-04-24,Zara,Shopping,67.56,Debit Card,False
38,high_earner,2026-04-24,Spotify,Entertainment,42.44,Credit Card,False
38,high_earner,2026-04-26,Hotel Booking,Travel,182.93,Cash,False
38,high_earner,2026-04-29,Landlord Transfer,Rent,414.02,Mobile Wallet,False
38,high_earner,2026-04-30,Zara,Shopping,26.64,Mobile Wallet,False
38,high_earner,2026-04-30,Pharmacy,Healthcare,94.53,Debit Card,False
38,high_earner,2026-05-01,Landlord Transfer,Rent,592.96,Credit Card,False
38,high_earner,2026-05-02,Landlord Transfer,Rent,604.23,Credit Card,False
38,high_earner,2026-05-02,Fresh Foods,Groceries,75.85,Mobile Wallet,False
38,high_earner,2026-05-03,Hotel Booking,Travel,68.18,Mobile Wallet,False
38,high_earner,2026-05-04,AirBnB,Travel,118.38,Credit Card,False
38,high_earner,2026-05-05,Clinic,Healthcare,42.68,Debit Card,False
38,high_earner,2026-05-06,Local Cafe,Dining,7.75,Credit Card,False
38,high_earner,2026-05-06,Cinema,Entertainment,10.98,Mobile Wallet,False
38,high_earner,2026-05-07,Amazon,Shopping,49.79,Credit Card,False
38,high_earner,2026-05-07,Starbucks,Dining,19.28,Mobile Wallet,False
38,high_earner,2026-05-08,AirBnB,Travel,22.65,Cash,False
38,high_earner,2026-05-09,Carrefour,Groceries,50.73,Mobile Wallet,False
38,high_earner,2026-05-09,Starbucks,Dining,19.49,Mobile Wallet,False
38,high_earner,2026-05-10,IKEA,Shopping,121.63,Mobile Wallet,False
38,high_earner,2026-05-10,Landlord Transfer,Rent,468.71,Cash,False
38,high_earner,2026-05-10,Walmart,Groceries,45.0,Cash,False
38,high_earner,2026-05-12,Daraz,Shopping,64.42,Credit Card,False
38,high_earner,2026-05-13,Landlord Transfer,Rent,297.37,Credit Card,False
38,high_earner,2026-05-14,IKEA,Shopping,61.53,Credit Card,False
38,high_earner,2026-05-14,Landlord Transfer,Rent,603.85,Mobile Wallet,False
38,high_earner,2026-05-15,Walmart,Groceries,25.86,Mobile Wallet,False
38,high_earner,2026-05-16,Spotify,Entertainment,11.13,Debit Card,False
38,high_earner,2026-05-16,Landlord Transfer,Rent,610.87,Cash,False
38,high_earner,2026-05-17,Spotify,Entertainment,1.0,Cash,False
38,high_earner,2026-05-17,Local Cafe,Dining,1.0,Cash,False
38,high_earner,2026-05-17,Walmart,Groceries,35.76,Mobile Wallet,False
38,high_earner,2026-05-17,Local Cafe,Dining,1.69,Debit Card,False
38,high_earner,2026-05-18,Zara,Shopping,17.17,Credit Card,False
38,high_earner,2026-05-18,Fresh Foods,Groceries,17.73,Cash,False
38,high_earner,2026-05-20,Landlord Transfer,Rent,491.54,Mobile Wallet,False
38,high_earner,2026-05-20,Carrefour,Groceries,46.63,Cash,False
38,high_earner,2026-05-20,Local Cafe,Dining,20.47,Credit Card,False
38,high_earner,2026-05-21,Hotel Booking,Travel,1.0,Mobile Wallet,False
38,high_earner,2026-05-21,AirBnB,Travel,232.0,Cash,False
38,high_earner,2026-05-21,Daraz,Shopping,78.51,Credit Card,False
38,high_earner,2026-05-22,Dental Care,Healthcare,8.25,Credit Card,False
38,high_earner,2026-05-23,Airline Co,Travel,85.81,Cash,False
38,high_earner,2026-05-24,Netflix,Entertainment,6.3,Mobile Wallet,False
38,high_earner,2026-05-26,Daraz,Shopping,80.91,Debit Card,False
38,high_earner,2026-05-26,Zara,Shopping,92.9,Debit Card,False
38,high_earner,2026-05-27,Local Cafe,Dining,22.86,Cash,False
38,high_earner,2026-05-27,AirBnB,Travel,42.38,Debit Card,False
38,high_earner,2026-05-27,Amazon,Shopping,89.25,Debit Card,False
38,high_earner,2026-05-28,Landlord Transfer,Rent,678.59,Mobile Wallet,False
38,high_earner,2026-05-28,Landlord Transfer,Rent,370.52,Credit Card,False
38,high_earner,2026-05-29,Landlord Transfer,Rent,651.3,Debit Card,False
38,high_earner,2026-05-30,Local Mart,Groceries,19.63,Mobile Wallet,False
38,high_earner,2026-05-30,Landlord Transfer,Rent,568.9,Debit Card,False
38,high_earner,2026-06-01,Gas Company,Utilities,49.81,Credit Card,False
38,high_earner,2026-06-02,Local Cafe,Dining,13.49,Credit Card,False
38,high_earner,2026-06-02,Amazon,Shopping,1.0,Credit Card,False
38,high_earner,2026-06-06,Pizza Hut,Dining,15.65,Credit Card,False
38,high_earner,2026-06-06,Landlord Transfer,Rent,395.36,Credit Card,False
38,high_earner,2026-06-07,AirBnB,Travel,288.31,Debit Card,False
38,high_earner,2026-06-07,Hotel Booking,Travel,272.29,Debit Card,False
38,high_earner,2026-06-08,Landlord Transfer,Rent,457.01,Mobile Wallet,False
38,high_earner,2026-06-11,Amazon,Shopping,40.14,Debit Card,False
38,high_earner,2026-06-14,Daraz,Shopping,66.71,Mobile Wallet,False
38,high_earner,2026-06-15,Landlord Transfer,Rent,515.01,Credit Card,False
38,high_earner,2026-06-18,Pizza Hut,Dining,23.62,Debit Card,False
38,high_earner,2026-06-18,Starbucks,Dining,15.3,Credit Card,False
38,high_earner,2026-06-21,Local Mart,Groceries,16.52,Cash,False
38,high_earner,2026-06-21,McDonalds,Dining,13.42,Mobile Wallet,False
38,high_earner,2026-06-22,Internet ISP,Utilities,79.33,Credit Card,False
38,high_earner,2026-06-22,Carrefour,Groceries,34.99,Cash,False
38,high_earner,2026-06-23,Pizza Hut,Dining,1.0,Cash,False
38,high_earner,2026-06-23,Local Cafe,Dining,5.94,Debit Card,False
38,high_earner,2026-06-25,Landlord Transfer,Rent,2914.21,Credit Card,True
38,high_earner,2026-06-29,Local Cafe,Dining,27.2,Cash,False
38,high_earner,2026-06-29,AirBnB,Travel,124.06,Credit Card,False
38,high_earner,2026-06-29,Spotify,Entertainment,11.72,Cash,False
38,high_earner,2026-06-29,Zara,Shopping,84.81,Credit Card,False
38,high_earner,2026-06-29,AirBnB,Travel,64.57,Mobile Wallet,False
38,high_earner,2026-06-30,Fresh Foods,Groceries,12.81,Credit Card,False
38,high_earner,2026-06-30,IKEA,Shopping,75.66,Mobile Wallet,False
38,high_earner,2026-06-30,Landlord Transfer,Rent,546.58,Debit Card,False
38,high_earner,2026-07-01,Landlord Transfer,Rent,576.71,Credit Card,False
38,high_earner,2026-07-01,AirBnB,Travel,389.55,Credit Card,False
38,high_earner,2026-07-01,Landlord Transfer,Rent,476.68,Mobile Wallet,False
38,high_earner,2026-07-03,Landlord Transfer,Rent,561.67,Credit Card,False
38,high_earner,2026-07-03,Internet ISP,Utilities,39.6,Credit Card,False
38,high_earner,2026-07-03,Local Cafe,Dining,2.56,Cash,False
38,high_earner,2026-07-04,Landlord Transfer,Rent,640.29,Credit Card,False
38,high_earner,2026-07-06,Starbucks,Dining,6.04,Cash,False
38,high_earner,2026-07-06,Starbucks,Dining,10.11,Mobile Wallet,False
38,high_earner,2026-07-07,Local Cafe,Dining,17.78,Cash,False
38,high_earner,2026-07-08,Fresh Foods,Groceries,54.0,Debit Card,False
38,high_earner,2026-07-08,Steam,Entertainment,2.15,Mobile Wallet,False
38,high_earner,2026-07-10,Hotel Booking,Travel,126.5,Mobile Wallet,False
38,high_earner,2026-07-10,AirBnB,Travel,334.52,Cash,False
38,high_earner,2026-07-11,AirBnB,Travel,1.0,Credit Card,False
38,high_earner,2026-07-14,Local Mart,Groceries,30.48,Cash,False
38,high_earner,2026-07-20,Landlord Transfer,Rent,522.71,Cash,False
38,high_earner,2026-07-20,McDonalds,Dining,11.84,Credit Card,False
38,high_earner,2026-07-21,Airline Co,Travel,214.96,Debit Card,False
38,high_earner,2026-07-23,Spotify,Entertainment,13.2,Credit Card,False
38,high_earner,2026-07-24,Steam,Entertainment,22.64,Cash,False
38,high_earner,2026-07-24,Spotify,Entertainment,31.46,Mobile Wallet,False
38,high_earner,2026-07-25,AirBnB,Travel,324.3,Credit Card,False
38,high_earner,2026-07-26,Landlord Transfer,Rent,605.39,Credit Card,False
38,high_earner,2026-07-27,Netflix,Entertainment,5.38,Mobile Wallet,False
38,high_earner,2026-07-27,Amazon,Shopping,33.63,Mobile Wallet,False
38,high_earner,2026-07-27,Amazon,Shopping,21.92,Debit Card,False
38,high_earner,2026-07-27,AirBnB,Travel,288.0,Mobile Wallet,False
38,high_earner,2026-07-28,Landlord Transfer,Rent,383.82,Mobile Wallet,False
38,high_earner,2026-07-28,Landlord Transfer,Rent,565.23,Debit Card,False
38,high_earner,2026-07-29,Steam,Entertainment,25.61,Debit Card,False
38,high_earner,2026-07-30,Netflix,Entertainment,27.92,Cash,False
38,high_earner,2026-07-30,Landlord Transfer,Rent,421.95,Cash,False
38,high_earner,2026-07-30,Amazon,Shopping,20.19,Mobile Wallet,False
38,high_earner,2026-07-31,IKEA,Shopping,105.7,Credit Card,False
38,high_earner,2026-08-01,McDonalds,Dining,17.09,Credit Card,False
38,high_earner,2026-08-02,Pizza Hut,Dining,8.24,Debit Card,False
38,high_earner,2026-08-03,Hotel Booking,Travel,152.77,Cash,False
38,high_earner,2026-08-03,Daraz,Shopping,85.12,Credit Card,False
38,high_earner,2026-08-04,Hospital,Healthcare,30.71,Mobile Wallet,False
38,high_earner,2026-08-04,Local Cafe,Dining,9.24,Cash,False
38,high_earner,2026-08-05,Local Cafe,Dining,13.56,Mobile Wallet,False
38,high_earner,2026-08-05,Hotel Booking,Travel,225.43,Mobile Wallet,False
38,high_earner,2026-08-06,Airline Co,Travel,245.61,Cash,False
38,high_earner,2026-08-06,IKEA,Shopping,18.85,Cash,False
38,high_earner,2026-08-07,Airline Co,Travel,164.17,Credit Card,False
38,high_earner,2026-08-07,Zara,Shopping,92.66,Cash,False
38,high_earner,2026-08-08,Hotel Booking,Travel,264.23,Cash,False
38,high_earner,2026-08-08,Fresh Foods,Groceries,22.65,Mobile Wallet,False
38,high_earner,2026-08-12,Landlord Transfer,Rent,591.04,Credit Card,False
38,high_earner,2026-08-12,AirBnB,Travel,410.04,Mobile Wallet,False
38,high_earner,2026-08-12,Local Mart,Groceries,34.06,Cash,False
38,high_earner,2026-08-13,Airline Co,Travel,328.06,Debit Card,False
38,high_earner,2026-08-13,Amazon,Shopping,134.02,Mobile Wallet,False
38,high_earner,2026-08-14,Landlord Transfer,Rent,585.73,Debit Card,False
38,high_earner,2026-08-14,Hospital,Healthcare,1.0,Cash,False
38,high_earner,2026-08-15,Local Cafe,Dining,29.65,Mobile Wallet,False
38,high_earner,2026-08-15,Carrefour,Groceries,32.06,Debit Card,False
38,high_earner,2026-08-18,Local Cafe,Dining,7.4,Cash,False
38,high_earner,2026-08-20,Zara,Shopping,82.16,Credit Card,False
38,high_earner,2026-08-20,Amazon,Shopping,23.7,Mobile Wallet,False
38,high_earner,2026-08-20,Pizza Hut,Dining,16.74,Cash,False
38,high_earner,2026-08-21,Starbucks,Dining,18.56,Credit Card,False
38,high_earner,2026-08-22,Walmart,Groceries,41.51,Mobile Wallet,False
38,high_earner,2026-08-23,Clinic,Healthcare,42.02,Debit Card,False
38,high_earner,2026-08-24,Walmart,Groceries,49.9,Debit Card,False
38,high_earner,2026-08-24,Starbucks,Dining,16.67,Cash,False
38,high_earner,2026-08-25,Carrefour,Groceries,16.94,Mobile Wallet,False
38,high_earner,2026-08-25,Steam,Entertainment,12.77,Mobile Wallet,False
38,high_earner,2026-08-28,Dental Care,Healthcare,29.9,Cash,False
38,high_earner,2026-08-29,Landlord Transfer,Rent,478.34,Debit Card,False
38,high_earner,2026-08-29,Landlord Transfer,Rent,506.74,Credit Card,False
38,high_earner,2026-08-30,IKEA,Shopping,39.25,Credit Card,False
38,high_earner,2026-08-30,Walmart,Groceries,32.5,Credit Card,False
38,high_earner,2026-08-31,Carrefour,Groceries,39.45,Cash,False
38,high_earner,2026-09-01,Amazon,Shopping,26.83,Credit Card,False
38,high_earner,2026-09-01,Landlord Transfer,Rent,386.8,Cash,False
39,high_earner,2026-03-05,Amazon,Shopping,57.98,Credit Card,False
39,high_earner,2026-03-05,Amazon,Shopping,5.16,Credit Card,False
39,high_earner,2026-03-06,Landlord Transfer,Rent,746.9,Mobile Wallet,False
39,high_earner,2026-03-07,Landlord Transfer,Rent,402.41,Mobile Wallet,False
39,high_earner,2026-03-08,Carrefour,Groceries,50.25,Debit Card,False
39,high_earner,2026-03-09,Netflix,Entertainment,24.22,Debit Card,False
39,high_earner,2026-03-09,Landlord Transfer,Rent,419.34,Mobile Wallet,False
39,high_earner,2026-03-10,Electric Co,Utilities,67.17,Cash,False
39,high_earner,2026-03-12,Landlord Transfer,Rent,489.75,Debit Card,False
39,high_earner,2026-03-12,AirBnB,Travel,238.08,Mobile Wallet,False
39,high_earner,2026-03-12,Hotel Booking,Travel,294.76,Debit Card,False
39,high_earner,2026-03-13,Landlord Transfer,Rent,466.77,Credit Card,False
39,high_earner,2026-03-14,Landlord Transfer,Rent,526.79,Credit Card,False
39,high_earner,2026-03-14,Carrefour,Groceries,53.83,Credit Card,False
39,high_earner,2026-03-15,Carrefour,Groceries,51.84,Cash,False
39,high_earner,2026-03-15,Spotify,Entertainment,30.24,Mobile Wallet,False
39,high_earner,2026-03-16,Landlord Transfer,Rent,536.6,Debit Card,False
39,high_earner,2026-03-18,Fresh Foods,Groceries,40.02,Cash,False
39,high_earner,2026-03-18,IKEA,Shopping,123.7,Credit Card,False
39,high_earner,2026-03-20,Hotel Booking,Travel,207.34,Cash,False
39,high_earner,2026-03-24,Daraz,Shopping,158.66,Cash,False
39,high_earner,2026-03-24,Cinema,Entertainment,15.05,Debit Card,False
39,high_earner,2026-03-24,Landlord Transfer,Rent,416.52,Debit Card,False
39,high_earner,2026-03-25,Airline Co,Travel,184.34,Debit Card,False
39,high_earner,2026-03-25,Zara,Shopping,92.49,Cash,False
39,high_earner,2026-03-25,Zara,Shopping,1.0,Cash,False
39,high_earner,2026-03-27,Airline Co,Travel,43.85,Credit Card,False
39,high_earner,2026-03-27,Gas Company,Utilities,37.47,Cash,False
39,high_earner,2026-03-27,Local Mart,Groceries,51.2,Cash,False
39,high_earner,2026-03-28,Pizza Hut,Dining,37.57,Mobile Wallet,False
39,high_earner,2026-03-29,Hotel Booking,Travel,45.54,Debit Card,False
39,high_earner,2026-03-30,Starbucks,Dining,27.17,Credit Card,False
39,high_earner,2026-03-31,Amazon,Shopping,45.71,Debit Card,False
39,high_earner,2026-03-31,Daraz,Shopping,105.05,Debit Card,False
39,high_earner,2026-03-31,IKEA,Shopping,127.34,Cash,False
39,high_earner,2026-04-01,Dental Care,Healthcare,12.66,Credit Card,False
39,high_earner,2026-04-02,Fresh Foods,Groceries,17.02,Mobile Wallet,False
39,high_earner,2026-04-03,Fresh Foods,Groceries,30.5,Debit Card,False
39,high_earner,2026-04-04,Daraz,Shopping,1.0,Cash,False
39,high_earner,2026-04-05,AirBnB,Travel,191.63,Debit Card,False
39,high_earner,2026-04-05,IKEA,Shopping,50.8,Debit Card,False
39,high_earner,2026-04-06,McDonalds,Dining,1.0,Debit Card,False
39,high_earner,2026-04-08,Steam,Entertainment,12.68,Debit Card,False
39,high_earner,2026-04-09,Pharmacy,Healthcare,83.26,Mobile Wallet,False
39,high_earner,2026-04-10,Cinema,Entertainment,12.75,Credit Card,False
39,high_earner,2026-04-10,McDonalds,Dining,32.38,Credit Card,False
39,high_earner,2026-04-11,IKEA,Shopping,43.24,Debit Card,False
39,high_earner,2026-04-11,Pharmacy,Healthcare,15.42,Cash,False
39,high_earner,2026-04-11,Pizza Hut,Dining,5.04,Debit Card,False
39,high_earner,2026-04-13,Walmart,Groceries,60.18,Mobile Wallet,False
39,high_earner,2026-04-13,Clinic,Healthcare,28.93,Cash,False
39,high_earner,2026-04-14,AirBnB,Travel,396.26,Debit Card,False
39,high_earner,2026-04-16,Hotel Booking,Travel,26.83,Debit Card,False
39,high_earner,2026-04-16,Pizza Hut,Dining,1.0,Debit Card,False
39,high_earner,2026-04-17,Zara,Shopping,104.29,Credit Card,False
39,high_earner,2026-04-18,Walmart,Groceries,49.87,Credit Card,False
39,high_earner,2026-04-18,AirBnB,Travel,138.72,Credit Card,False
39,high_earner,2026-04-18,IKEA,Shopping,50.62,Mobile Wallet,False
39,high_earner,2026-04-18,Local Cafe,Dining,19.38,Cash,False
39,high_earner,2026-04-18,Electric Co,Utilities,96.98,Mobile Wallet,False
39,high_earner,2026-04-20,Hotel Booking,Travel,274.92,Debit Card,False
39,high_earner,2026-04-20,Hotel Booking,Travel,302.62,Cash,False
39,high_earner,2026-04-21,Hotel Booking,Travel,253.51,Cash,False
39,high_earner,2026-04-21,Internet ISP,Utilities,71.1,Cash,False
39,high_earner,2026-04-22,Local Cafe,Dining,26.82,Credit Card,False
39,high_earner,2026-04-22,Starbucks,Dining,7.64,Cash,False
39,high_earner,2026-04-23,Electric Co,Utilities,42.47,Mobile Wallet,False
39,high_earner,2026-04-23,AirBnB,Travel,385.11,Debit Card,False
39,high_earner,2026-04-24,Gas Company,Utilities,80.43,Credit Card,False
39,high_earner,2026-04-24,Landlord Transfer,Rent,460.26,Cash,False
39,high_earner,2026-04-24,Daraz,Shopping,65.94,Credit Card,False
39,high_earner,2026-04-24,Airline Co,Travel,3.25,Mobile Wallet,False
39,high_earner,2026-04-24,Landlord Transfer,Rent,393.27,Mobile Wallet,False
39,high_earner,2026-04-25,Steam,Entertainment,22.3,Debit Card,False
39,high_earner,2026-04-25,Pharmacy,Healthcare,36.68,Cash,False
39,high_earner,2026-04-28,Hotel Booking,Travel,352.39,Mobile Wallet,False
39,high_earner,2026-04-29,Daraz,Shopping,1.0,Mobile Wallet,False
39,high_earner,2026-04-29,Airline Co,Travel,217.08,Cash,False
39,high_earner,2026-04-29,Dental Care,Healthcare,1.0,Debit Card,False
39,high_earner,2026-04-29,Hotel Booking,Travel,355.1,Mobile Wallet,False
39,high_earner,2026-04-30,Carrefour,Groceries,43.67,Credit Card,False
39,high_earner,2026-04-30,Airline Co,Travel,387.99,Mobile Wallet,False
39,high_earner,2026-05-01,Internet ISP,Utilities,57.76,Debit Card,False
39,high_earner,2026-05-01,Cinema,Entertainment,30.48,Debit Card,False
39,high_earner,2026-05-02,Spotify,Entertainment,21.96,Debit Card,False
39,high_earner,2026-05-07,IKEA,Shopping,43.85,Debit Card,False
39,high_earner,2026-05-07,Daraz,Shopping,71.48,Debit Card,False
39,high_earner,2026-05-08,Amazon,Shopping,8.21,Debit Card,False
39,high_earner,2026-05-10,Airline Co,Travel,388.59,Mobile Wallet,False
39,high_earner,2026-05-11,Amazon,Shopping,40.27,Mobile Wallet,False
39,high_earner,2026-05-11,Daraz,Shopping,47.05,Debit Card,False
39,high_earner,2026-05-11,Daraz,Shopping,24.87,Credit Card,False
39,high_earner,2026-05-13,Daraz,Shopping,14.31,Debit Card,False
39,high_earner,2026-05-14,Airline Co,Travel,360.05,Credit Card,False
39,high_earner,2026-05-14,Landlord Transfer,Rent,673.82,Credit Card,False
39,high_earner,2026-05-15,Pharmacy,Healthcare,20.0,Debit Card,False
39,high_earner,2026-05-16,Spotify,Entertainment,19.71,Debit Card,False
39,high_earner,2026-05-16,Landlord Transfer,Rent,490.2,Credit Card,False
39,high_earner,2026-05-17,McDonalds,Dining,29.2,Mobile Wallet,False
39,high_earner,2026-05-18,Hotel Booking,Travel,552.33,Mobile Wallet,False
39,high_earner,2026-05-18,Fresh Foods,Groceries,1.0,Credit Card,False
39,high_earner,2026-05-19,Amazon,Shopping,1.0,Credit Card,False
39,high_earner,2026-05-22,IKEA,Shopping,9.16,Mobile Wallet,False
39,high_earner,2026-05-23,Amazon,Shopping,1.0,Credit Card,False
39,high_earner,2026-05-23,Landlord Transfer,Rent,481.95,Cash,False
39,high_earner,2026-05-24,Carrefour,Groceries,25.46,Cash,False
39,high_earner,2026-05-24,Landlord Transfer,Rent,632.81,Credit Card,False
39,high_earner,2026-05-25,Pizza Hut,Dining,18.05,Credit Card,False
39,high_earner,2026-05-26,Landlord Transfer,Rent,508.64,Cash,False
39,high_earner,2026-05-26,Cinema,Entertainment,1.0,Debit Card,False
39,high_earner,2026-05-27,Electric Co,Utilities,55.16,Credit Card,False
39,high_earner,2026-05-27,Hotel Booking,Travel,397.56,Cash,False
39,high_earner,2026-05-28,Local Cafe,Dining,1.0,Debit Card,False
39,high_earner,2026-05-29,Landlord Transfer,Rent,379.84,Cash,False
39,high_earner,2026-05-29,Zara,Shopping,1.0,Mobile Wallet,False
39,high_earner,2026-05-30,Internet ISP,Utilities,38.7,Credit Card,False
39,high_earner,2026-05-31,McDonalds,Dining,21.55,Credit Card,False
39,high_earner,2026-05-31,Daraz,Shopping,108.84,Credit Card,False
39,high_earner,2026-05-31,Hotel Booking,Travel,260.69,Mobile Wallet,False
39,high_earner,2026-05-31,Starbucks,Dining,27.53,Credit Card,False
39,high_earner,2026-06-02,Internet ISP,Utilities,81.59,Cash,False
39,high_earner,2026-06-02,Cinema,Entertainment,20.4,Mobile Wallet,False
39,high_earner,2026-06-03,IKEA,Shopping,52.03,Credit Card,False
39,high_earner,2026-06-03,Zara,Shopping,29.64,Credit Card,False
39,high_earner,2026-06-04,Amazon,Shopping,71.89,Mobile Wallet,False
39,high_earner,2026-06-05,Fresh Foods,Groceries,60.48,Mobile Wallet,False
39,high_earner,2026-06-06,Dental Care,Healthcare,55.81,Cash,False
39,high_earner,2026-06-07,Pharmacy,Healthcare,23.31,Credit Card,False
39,high_earner,2026-06-07,Amazon,Shopping,1.0,Mobile Wallet,False
39,high_earner,2026-06-09,Zara,Shopping,16.44,Cash,False
39,high_earner,2026-06-09,Amazon,Shopping,105.04,Credit Card,False
39,high_earner,2026-06-10,Landlord Transfer,Rent,480.33,Cash,False
39,high_earner,2026-06-10,McDonalds,Dining,4.92,Mobile Wallet,False
39,high_earner,2026-06-11,AirBnB,Travel,1.0,Cash,False
39,high_earner,2026-06-13,Landlord Transfer,Rent,631.75,Mobile Wallet,False
39,high_earner,2026-06-14,AirBnB,Travel,254.72,Cash,False
39,high_earner,2026-06-16,IKEA,Shopping,11.44,Credit Card,False
39,high_earner,2026-06-17,McDonalds,Dining,27.37,Cash,False
39,high_earner,2026-06-18,Landlord Transfer,Rent,446.95,Mobile Wallet,False
39,high_earner,2026-06-22,IKEA,Shopping,1.0,Debit Card,False
39,high_earner,2026-06-23,Hospital,Healthcare,70.94,Debit Card,False
39,high_earner,2026-06-23,Landlord Transfer,Rent,616.71,Mobile Wallet,False
39,high_earner,2026-06-23,Daraz,Shopping,18.04,Mobile Wallet,False
39,high_earner,2026-06-25,AirBnB,Travel,1.0,Mobile Wallet,False
39,high_earner,2026-06-25,Amazon,Shopping,12.29,Debit Card,False
39,high_earner,2026-06-26,Local Cafe,Dining,6.72,Credit Card,False
39,high_earner,2026-06-28,Steam,Entertainment,8.06,Mobile Wallet,False
39,high_earner,2026-06-28,Amazon,Shopping,40.58,Cash,False
39,high_earner,2026-06-29,Amazon,Shopping,57.5,Cash,False
39,high_earner,2026-06-30,Steam,Entertainment,8.48,Debit Card,False
39,high_earner,2026-07-01,Pizza Hut,Dining,1.0,Mobile Wallet,False
39,high_earner,2026-07-04,Airline Co,Travel,287.55,Mobile Wallet,False
39,high_earner,2026-07-04,Steam,Entertainment,31.47,Credit Card,False
39,high_earner,2026-07-04,Landlord Transfer,Rent,530.2,Debit Card,False
39,high_earner,2026-07-05,McDonalds,Dining,19.11,Credit Card,False
39,high_earner,2026-07-07,Spotify,Entertainment,15.62,Mobile Wallet,False
39,high_earner,2026-07-08,Internet ISP,Utilities,32.39,Mobile Wallet,False
39,high_earner,2026-07-08,Landlord Transfer,Rent,302.91,Mobile Wallet,False
39,high_earner,2026-07-10,Airline Co,Travel,279.55,Cash,False
39,high_earner,2026-07-10,McDonalds,Dining,17.08,Credit Card,False
39,high_earner,2026-07-11,Zara,Shopping,90.46,Debit Card,False
39,high_earner,2026-07-11,Netflix,Entertainment,20.15,Mobile Wallet,False
39,high_earner,2026-07-14,Pizza Hut,Dining,30.8,Cash,False
39,high_earner,2026-07-15,Zara,Shopping,69.71,Credit Card,False
39,high_earner,2026-07-17,IKEA,Shopping,33.6,Mobile Wallet,False
39,high_earner,2026-07-17,Gas Company,Utilities,77.29,Cash,False
39,high_earner,2026-07-20,McDonalds,Dining,3.89,Debit Card,False
39,high_earner,2026-07-20,Hotel Booking,Travel,1.0,Cash,False
39,high_earner,2026-07-20,Local Cafe,Dining,1.0,Debit Card,False
39,high_earner,2026-07-20,Netflix,Entertainment,9.99,Credit Card,False
39,high_earner,2026-07-21,Starbucks,Dining,18.63,Cash,False
39,high_earner,2026-07-21,Landlord Transfer,Rent,713.12,Mobile Wallet,False
39,high_earner,2026-07-21,Starbucks,Dining,28.58,Mobile Wallet,False
39,high_earner,2026-07-22,Zara,Shopping,2.86,Debit Card,False
39,high_earner,2026-07-22,Spotify,Entertainment,6.92,Debit Card,False
39,high_earner,2026-07-22,Local Cafe,Dining,17.4,Cash,False
39,high_earner,2026-07-24,Walmart,Groceries,45.76,Mobile Wallet,False
39,high_earner,2026-07-25,McDonalds,Dining,14.07,Cash,False
39,high_earner,2026-07-26,Zara,Shopping,89.0,Cash,False
39,high_earner,2026-07-28,Landlord Transfer,Rent,598.53,Credit Card,False
39,high_earner,2026-07-29,AirBnB,Travel,126.19,Cash,False
39,high_earner,2026-07-31,AirBnB,Travel,157.92,Cash,False
39,high_earner,2026-07-31,Landlord Transfer,Rent,373.05,Mobile Wallet,False
39,high_earner,2026-08-01,Airline Co,Travel,184.87,Cash,False
39,high_earner,2026-08-01,IKEA,Shopping,11.21,Debit Card,False
39,high_earner,2026-08-02,McDonalds,Dining,28.83,Debit Card,False
39,high_earner,2026-08-02,Carrefour,Groceries,45.81,Cash,False
39,high_earner,2026-08-04,Fresh Foods,Groceries,3.32,Credit Card,False
39,high_earner,2026-08-05,McDonalds,Dining,28.43,Credit Card,False
39,high_earner,2026-08-05,McDonalds,Dining,1.0,Mobile Wallet,False
39,high_earner,2026-08-05,Daraz,Shopping,59.58,Cash,False
39,high_earner,2026-08-06,Fresh Foods,Groceries,55.5,Cash,False
39,high_earner,2026-08-06,Amazon,Shopping,86.88,Mobile Wallet,False
39,high_earner,2026-08-07,Landlord Transfer,Rent,485.72,Debit Card,False
39,high_earner,2026-08-09,Landlord Transfer,Rent,433.03,Cash,False
39,high_earner,2026-08-09,Fresh Foods,Groceries,18.27,Debit Card,False
39,high_earner,2026-08-10,Starbucks,Dining,12.96,Cash,False
39,high_earner,2026-08-10,AirBnB,Travel,74.46,Cash,False
39,high_earner,2026-08-11,Landlord Transfer,Rent,439.96,Credit Card,False
39,high_earner,2026-08-11,Landlord Transfer,Rent,387.04,Mobile Wallet,False
39,high_earner,2026-08-11,Daraz,Shopping,33.28,Debit Card,False
39,high_earner,2026-08-11,Pizza Hut,Dining,1.82,Mobile Wallet,False
39,high_earner,2026-08-12,Airline Co,Travel,468.23,Credit Card,False
39,high_earner,2026-08-13,Daraz,Shopping,1.0,Mobile Wallet,False
39,high_earner,2026-08-13,Landlord Transfer,Rent,483.89,Mobile Wallet,False
39,high_earner,2026-08-13,Cinema,Entertainment,1.0,Credit Card,False
39,high_earner,2026-08-14,Fresh Foods,Groceries,67.68,Credit Card,False
39,high_earner,2026-08-14,McDonalds,Dining,21.99,Cash,False
39,high_earner,2026-08-15,McDonalds,Dining,13.15,Credit Card,False
39,high_earner,2026-08-16,Landlord Transfer,Rent,507.83,Cash,False
39,high_earner,2026-08-17,McDonalds,Dining,9.54,Debit Card,False
39,high_earner,2026-08-18,Local Cafe,Dining,20.7,Credit Card,False
39,high_earner,2026-08-18,McDonalds,Dining,31.14,Cash,False
39,high_earner,2026-08-22,Clinic,Healthcare,11.33,Mobile Wallet,False
39,high_earner,2026-08-22,Airline Co,Travel,352.97,Credit Card,False
39,high_earner,2026-08-22,Cinema,Entertainment,10.03,Debit Card,False
39,high_earner,2026-08-25,Hotel Booking,Travel,236.1,Credit Card,False
39,high_earner,2026-08-25,Starbucks,Dining,8.69,Debit Card,False
39,high_earner,2026-08-26,Landlord Transfer,Rent,567.97,Credit Card,False
39,high_earner,2026-08-27,Local Cafe,Dining,3.38,Credit Card,False
39,high_earner,2026-08-28,Hotel Booking,Travel,459.75,Cash,False
39,high_earner,2026-08-30,Landlord Transfer,Rent,232.53,Credit Card,False
39,high_earner,2026-08-30,Fresh Foods,Groceries,59.0,Cash,False
39,high_earner,2026-08-30,Amazon,Shopping,5.34,Cash,False
39,high_earner,2026-08-31,AirBnB,Travel,331.58,Cash,False
39,high_earner,2026-09-01,Landlord Transfer,Rent,581.69,Debit Card,False
40,young_professional,2026-03-06,Metro Card,Transport,4.45,Mobile Wallet,False
40,young_professional,2026-03-06,Landlord Transfer,Rent,467.88,Mobile Wallet,False
40,young_professional,2026-03-07,Zara,Shopping,98.69,Debit Card,False
40,young_professional,2026-03-09,Pizza Hut,Dining,29.5,Cash,False
40,young_professional,2026-03-09,Local Cafe,Dining,20.43,Credit Card,False
40,young_professional,2026-03-09,Steam,Entertainment,10.25,Credit Card,False
40,young_professional,2026-03-10,Spotify,Entertainment,1.0,Mobile Wallet,False
40,young_professional,2026-03-10,Daraz,Shopping,85.71,Cash,False
40,young_professional,2026-03-10,Landlord Transfer,Rent,484.07,Debit Card,False
40,young_professional,2026-03-10,Uber,Transport,13.71,Credit Card,False
40,young_professional,2026-03-11,Pizza Hut,Dining,28.94,Cash,False
40,young_professional,2026-03-13,Uber,Transport,24.71,Debit Card,False
40,young_professional,2026-03-14,Shell Gas,Transport,7.45,Mobile Wallet,False
40,young_professional,2026-03-14,Starbucks,Dining,17.52,Debit Card,False
40,young_professional,2026-03-14,Uber,Transport,2.64,Mobile Wallet,False
40,young_professional,2026-03-15,Pizza Hut,Dining,7.79,Debit Card,False
40,young_professional,2026-03-15,Pizza Hut,Dining,10.54,Mobile Wallet,False
40,young_professional,2026-03-16,Shell Gas,Transport,14.66,Debit Card,False
40,young_professional,2026-03-17,Pizza Hut,Dining,1.58,Debit Card,False
40,young_professional,2026-03-17,Steam,Entertainment,14.31,Credit Card,False
40,young_professional,2026-03-17,Landlord Transfer,Rent,526.54,Cash,False
40,young_professional,2026-03-18,Fresh Foods,Groceries,70.27,Credit Card,False
40,young_professional,2026-03-19,IKEA,Shopping,30.02,Mobile Wallet,False
40,young_professional,2026-03-20,Starbucks,Dining,16.03,Debit Card,False
40,young_professional,2026-03-20,Pizza Hut,Dining,27.15,Cash,False
40,young_professional,2026-03-21,Daraz,Shopping,47.26,Cash,False
40,young_professional,2026-03-22,Water Board,Utilities,80.73,Cash,False
40,young_professional,2026-03-23,Water Board,Utilities,65.09,Mobile Wallet,False
40,young_professional,2026-03-25,Local Mart,Groceries,61.21,Mobile Wallet,False
40,young_professional,2026-03-25,Landlord Transfer,Rent,559.73,Credit Card,False
40,young_professional,2026-03-26,Zara,Shopping,102.35,Cash,False
40,young_professional,2026-03-28,Walmart,Groceries,28.83,Mobile Wallet,False
40,young_professional,2026-03-30,Gas Company,Utilities,69.63,Cash,False
40,young_professional,2026-03-31,Landlord Transfer,Rent,440.91,Mobile Wallet,False
40,young_professional,2026-03-31,Shell Gas,Transport,5.7,Mobile Wallet,False
40,young_professional,2026-04-02,AirBnB,Travel,1.0,Cash,False
40,young_professional,2026-04-02,Zara,Shopping,55.38,Credit Card,False
40,young_professional,2026-04-03,Shell Gas,Transport,9.74,Mobile Wallet,False
40,young_professional,2026-04-03,Careem,Transport,11.25,Debit Card,False
40,young_professional,2026-04-05,Carrefour,Groceries,43.76,Credit Card,False
40,young_professional,2026-04-06,McDonalds,Dining,28.7,Cash,False
40,young_professional,2026-04-08,Local Mart,Groceries,36.67,Credit Card,False
40,young_professional,2026-04-08,Amazon,Shopping,91.2,Mobile Wallet,False
40,young_professional,2026-04-11,Shell Gas,Transport,12.86,Credit Card,False
40,young_professional,2026-04-13,McDonalds,Dining,9.52,Debit Card,False
40,young_professional,2026-04-14,Amazon,Shopping,60.48,Credit Card,False
40,young_professional,2026-04-15,Amazon,Shopping,98.11,Mobile Wallet,False
40,young_professional,2026-04-15,Steam,Entertainment,15.26,Credit Card,False
40,young_professional,2026-04-15,McDonalds,Dining,21.9,Debit Card,False
40,young_professional,2026-04-16,Pizza Hut,Dining,16.33,Cash,False
40,young_professional,2026-04-17,Local Cafe,Dining,5.21,Mobile Wallet,False
40,young_professional,2026-04-17,Walmart,Groceries,39.72,Debit Card,False
40,young_professional,2026-04-18,Starbucks,Dining,21.73,Credit Card,False
40,young_professional,2026-04-19,Steam,Entertainment,17.44,Cash,False
40,young_professional,2026-04-22,Carrefour,Groceries,57.41,Cash,False
40,young_professional,2026-04-22,Internet ISP,Utilities,71.04,Credit Card,False
40,young_professional,2026-04-23,Starbucks,Dining,17.76,Credit Card,False
40,young_professional,2026-04-24,Airline Co,Travel,255.62,Debit Card,False
40,young_professional,2026-04-24,Starbucks,Dining,30.14,Mobile Wallet,False
40,young_professional,2026-04-25,Pizza Hut,Dining,11.58,Cash,False
40,young_professional,2026-04-25,Uber,Transport,32.2,Credit Card,False
40,young_professional,2026-04-26,Spotify,Entertainment,26.91,Mobile Wallet,False
40,young_professional,2026-04-26,Amazon,Shopping,87.65,Credit Card,False
40,young_professional,2026-04-26,Shell Gas,Transport,13.76,Credit Card,False
40,young_professional,2026-04-28,Zara,Shopping,39.94,Debit Card,False
40,young_professional,2026-04-30,Spotify,Entertainment,27.72,Cash,False
40,young_professional,2026-04-30,Pizza Hut,Dining,10.53,Mobile Wallet,False
40,young_professional,2026-05-01,Local Mart,Groceries,30.32,Credit Card,False
40,young_professional,2026-05-02,Gas Company,Utilities,53.35,Cash,False
40,young_professional,2026-05-02,Landlord Transfer,Rent,524.44,Mobile Wallet,False
40,young_professional,2026-05-04,Pharmacy,Healthcare,44.84,Mobile Wallet,False
40,young_professional,2026-05-05,Starbucks,Dining,27.61,Debit Card,False
40,young_professional,2026-05-05,Fresh Foods,Groceries,47.56,Credit Card,False
40,young_professional,2026-05-05,Local Mart,Groceries,51.32,Cash,False
40,young_professional,2026-05-06,McDonalds,Dining,12.37,Debit Card,False
40,young_professional,2026-05-07,Netflix,Entertainment,23.76,Credit Card,False
40,young_professional,2026-05-08,Electric Co,Utilities,33.09,Mobile Wallet,False
40,young_professional,2026-05-08,Cinema,Entertainment,27.85,Debit Card,False
40,young_professional,2026-05-09,Shell Gas,Transport,9.88,Credit Card,False
40,young_professional,2026-05-09,Carrefour,Groceries,37.0,Credit Card,False
40,young_professional,2026-05-10,Amazon,Shopping,35.64,Cash,False
40,young_professional,2026-05-13,Pizza Hut,Dining,5.51,Debit Card,False
40,young_professional,2026-05-14,Electric Co,Utilities,56.37,Debit Card,False
40,young_professional,2026-05-15,Metro Card,Transport,1.0,Credit Card,False
40,young_professional,2026-05-15,Local Mart,Groceries,54.44,Credit Card,False
40,young_professional,2026-05-16,Electric Co,Utilities,45.45,Cash,False
40,young_professional,2026-05-18,Amazon,Shopping,30.15,Debit Card,False
40,young_professional,2026-05-19,Shell Gas,Transport,13.21,Debit Card,False
40,young_professional,2026-05-19,Zara,Shopping,66.57,Cash,False
40,young_professional,2026-05-20,Airline Co,Travel,153.12,Cash,False
40,young_professional,2026-05-20,Zara,Shopping,1.0,Debit Card,False
40,young_professional,2026-05-22,Uber,Transport,9.95,Cash,False
40,young_professional,2026-05-22,Metro Card,Transport,4.66,Credit Card,False
40,young_professional,2026-05-24,McDonalds,Dining,10.05,Credit Card,False
40,young_professional,2026-05-25,Local Cafe,Dining,17.49,Mobile Wallet,False
40,young_professional,2026-05-25,Walmart,Groceries,44.04,Credit Card,False
40,young_professional,2026-05-27,IKEA,Shopping,30.51,Mobile Wallet,False
40,young_professional,2026-05-28,Amazon,Shopping,91.71,Credit Card,False
40,young_professional,2026-05-28,Dental Care,Healthcare,65.32,Mobile Wallet,False
40,young_professional,2026-05-28,Fresh Foods,Groceries,11.31,Cash,False
40,young_professional,2026-05-29,Walmart,Groceries,46.74,Debit Card,False
40,young_professional,2026-06-01,IKEA,Shopping,36.25,Cash,False
40,young_professional,2026-06-01,Careem,Transport,4.95,Debit Card,False
40,young_professional,2026-06-03,Carrefour,Groceries,14.52,Cash,False
40,young_professional,2026-06-03,Cinema,Entertainment,12.99,Cash,False
40,young_professional,2026-06-04,Spotify,Entertainment,37.88,Credit Card,False
40,young_professional,2026-06-04,Walmart,Groceries,38.13,Mobile Wallet,False
40,young_professional,2026-06-05,Local Cafe,Dining,12.49,Mobile Wallet,False
40,young_professional,2026-06-06,Gas Company,Utilities,63.29,Debit Card,False
40,young_professional,2026-06-07,Landlord Transfer,Rent,540.05,Cash,False
40,young_professional,2026-06-07,Uber,Transport,13.5,Debit Card,False
40,young_professional,2026-06-09,Spotify,Entertainment,3.48,Cash,False
40,young_professional,2026-06-09,Landlord Transfer,Rent,736.18,Credit Card,False
40,young_professional,2026-06-09,Metro Card,Transport,15.12,Debit Card,False
40,young_professional,2026-06-09,Metro Card,Transport,28.37,Cash,False
40,young_professional,2026-06-09,Zara,Shopping,162.08,Debit Card,False
40,young_professional,2026-06-10,Steam,Entertainment,21.29,Debit Card,False
40,young_professional,2026-06-10,Pizza Hut,Dining,13.49,Credit Card,False
40,young_professional,2026-06-11,IKEA,Shopping,42.41,Cash,False
40,young_professional,2026-06-12,Carrefour,Groceries,64.2,Credit Card,False
40,young_professional,2026-06-12,Landlord Transfer,Rent,655.27,Debit Card,False
40,young_professional,2026-06-13,Starbucks,Dining,29.22,Debit Card,False
40,young_professional,2026-06-14,Pizza Hut,Dining,5.04,Cash,False
40,young_professional,2026-06-19,Walmart,Groceries,51.46,Credit Card,False
40,young_professional,2026-06-20,McDonalds,Dining,15.55,Credit Card,False
40,young_professional,2026-06-20,Pharmacy,Healthcare,41.31,Mobile Wallet,False
40,young_professional,2026-06-20,Uber,Transport,22.19,Cash,False
40,young_professional,2026-06-21,Careem,Transport,10.04,Credit Card,False
40,young_professional,2026-06-24,AirBnB,Travel,235.37,Mobile Wallet,False
40,young_professional,2026-06-26,Pizza Hut,Dining,11.39,Debit Card,False
40,young_professional,2026-06-27,Uber,Transport,8.97,Debit Card,False
40,young_professional,2026-06-27,Uber,Transport,7.57,Credit Card,False
40,young_professional,2026-06-28,Fresh Foods,Groceries,41.03,Mobile Wallet,False
40,young_professional,2026-06-28,Landlord Transfer,Rent,561.91,Debit Card,False
40,young_professional,2026-06-29,Landlord Transfer,Rent,549.01,Credit Card,False
40,young_professional,2026-06-30,Cinema,Entertainment,1.0,Cash,False
40,young_professional,2026-07-01,Hotel Booking,Travel,1.0,Cash,False
40,young_professional,2026-07-02,IKEA,Shopping,82.19,Cash,False
40,young_professional,2026-07-04,Spotify,Entertainment,14.78,Credit Card,False
40,young_professional,2026-07-05,Careem,Transport,21.03,Mobile Wallet,False
40,young_professional,2026-07-05,Landlord Transfer,Rent,555.29,Debit Card,False
40,young_professional,2026-07-05,Landlord Transfer,Rent,776.91,Credit Card,False
40,young_professional,2026-07-05,Carrefour,Groceries,74.24,Debit Card,False
40,young_professional,2026-07-06,Steam,Entertainment,4.06,Debit Card,False
40,young_professional,2026-07-07,Electric Co,Utilities,25.34,Debit Card,False
40,young_professional,2026-07-08,Steam,Entertainment,4.11,Cash,False
40,young_professional,2026-07-08,Shell Gas,Transport,19.8,Debit Card,False
40,young_professional,2026-07-08,McDonalds,Dining,27.19,Cash,False
40,young_professional,2026-07-09,Fresh Foods,Groceries,41.92,Mobile Wallet,False
40,young_professional,2026-07-09,McDonalds,Dining,22.82,Debit Card,False
40,young_professional,2026-07-10,McDonalds,Dining,24.97,Mobile Wallet,False
40,young_professional,2026-07-11,Airline Co,Travel,355.22,Credit Card,False
40,young_professional,2026-07-12,Pizza Hut,Dining,22.29,Debit Card,False
40,young_professional,2026-07-13,Careem,Transport,6.49,Credit Card,False
40,young_professional,2026-07-14,Daraz,Shopping,41.53,Debit Card,False
40,young_professional,2026-07-16,Landlord Transfer,Rent,390.07,Debit Card,False
40,young_professional,2026-07-17,Landlord Transfer,Rent,516.97,Debit Card,False
40,young_professional,2026-07-20,Landlord Transfer,Rent,438.37,Cash,False
40,young_professional,2026-07-20,Landlord Transfer,Rent,394.52,Mobile Wallet,False
40,young_professional,2026-07-21,Amazon,Shopping,1.0,Cash,False
40,young_professional,2026-07-22,Amazon,Shopping,103.83,Mobile Wallet,False
40,young_professional,2026-07-23,McDonalds,Dining,21.1,Credit Card,False
40,young_professional,2026-07-26,Gas Company,Utilities,61.12,Debit Card,False
40,young_professional,2026-07-27,Cinema,Entertainment,28.34,Cash,False
40,young_professional,2026-07-27,McDonalds,Dining,17.52,Cash,False
40,young_professional,2026-07-28,Fresh Foods,Groceries,48.33,Mobile Wallet,False
40,young_professional,2026-07-28,Daraz,Shopping,77.05,Credit Card,False
40,young_professional,2026-07-28,Local Cafe,Dining,12.79,Credit Card,False
40,young_professional,2026-07-28,Uber,Transport,13.08,Cash,False
40,young_professional,2026-07-29,Careem,Transport,4.91,Mobile Wallet,False
40,young_professional,2026-07-29,Carrefour,Groceries,27.74,Credit Card,False
40,young_professional,2026-07-30,Steam,Entertainment,7.42,Debit Card,False
40,young_professional,2026-07-30,Metro Card,Transport,17.24,Debit Card,False
40,young_professional,2026-07-30,Zara,Shopping,77.47,Cash,False
40,young_professional,2026-07-30,Shell Gas,Transport,27.34,Credit Card,False
40,young_professional,2026-07-31,McDonalds,Dining,16.54,Debit Card,False
40,young_professional,2026-07-31,Daraz,Shopping,1.0,Mobile Wallet,False
40,young_professional,2026-07-31,Daraz,Shopping,55.25,Credit Card,False
40,young_professional,2026-08-01,McDonalds,Dining,33.76,Debit Card,False
40,young_professional,2026-08-01,AirBnB,Travel,129.78,Debit Card,False
40,young_professional,2026-08-02,Internet ISP,Utilities,98.78,Debit Card,False
40,young_professional,2026-08-03,Carrefour,Groceries,10.63,Debit Card,False
40,young_professional,2026-08-04,Careem,Transport,5.77,Credit Card,False
40,young_professional,2026-08-05,Shell Gas,Transport,4.94,Credit Card,False
40,young_professional,2026-08-07,Hotel Booking,Travel,162.58,Cash,False
40,young_professional,2026-08-08,IKEA,Shopping,47.58,Cash,False
40,young_professional,2026-08-08,Carrefour,Groceries,38.7,Debit Card,False
40,young_professional,2026-08-09,Electric Co,Utilities,77.72,Credit Card,False
40,young_professional,2026-08-12,IKEA,Shopping,28.69,Cash,False
40,young_professional,2026-08-12,Carrefour,Groceries,36.68,Credit Card,False
40,young_professional,2026-08-14,Clinic,Healthcare,22.79,Credit Card,False
40,young_professional,2026-08-14,Careem,Transport,1.0,Credit Card,False
40,young_professional,2026-08-14,Landlord Transfer,Rent,376.9,Credit Card,False
40,young_professional,2026-08-15,Internet ISP,Utilities,71.2,Debit Card,False
40,young_professional,2026-08-16,Spotify,Entertainment,1.59,Debit Card,False
40,young_professional,2026-08-19,Daraz,Shopping,123.02,Mobile Wallet,False
40,young_professional,2026-08-20,Local Cafe,Dining,10.48,Cash,False
40,young_professional,2026-08-21,Spotify,Entertainment,9.7,Credit Card,False
40,young_professional,2026-08-23,Daraz,Shopping,30.56,Cash,False
40,young_professional,2026-08-23,Starbucks,Dining,9.06,Credit Card,False
40,young_professional,2026-08-24,Spotify,Entertainment,11.84,Credit Card,False
40,young_professional,2026-08-24,Hotel Booking,Travel,139.35,Cash,False
40,young_professional,2026-08-25,Electric Co,Utilities,54.06,Mobile Wallet,False
40,young_professional,2026-08-25,Cinema,Entertainment,31.49,Mobile Wallet,False
40,young_professional,2026-08-28,Carrefour,Groceries,40.43,Credit Card,False
40,young_professional,2026-09-01,Electric Co,Utilities,67.91,Cash,False
41,young_professional,2026-03-05,Metro Card,Transport,24.49,Mobile Wallet,False
41,young_professional,2026-03-05,Metro Card,Transport,1.0,Cash,False
41,young_professional,2026-03-06,Steam,Entertainment,14.47,Credit Card,False
41,young_professional,2026-03-06,Careem,Transport,2.0,Debit Card,False
41,young_professional,2026-03-07,McDonalds,Dining,21.59,Credit Card,False
41,young_professional,2026-03-08,Landlord Transfer,Rent,530.27,Credit Card,False
41,young_professional,2026-03-09,IKEA,Shopping,72.97,Credit Card,False
41,young_professional,2026-03-11,Local Cafe,Dining,37.85,Cash,False
41,young_professional,2026-03-11,Landlord Transfer,Rent,509.62,Credit Card,False
41,young_professional,2026-03-12,Starbucks,Dining,21.89,Debit Card,False
41,young_professional,2026-03-14,McDonalds,Dining,21.24,Credit Card,False
41,young_professional,2026-03-16,Zara,Shopping,6.81,Debit Card,False
41,young_professional,2026-03-17,AirBnB,Travel,275.41,Cash,False
41,young_professional,2026-03-17,McDonalds,Dining,19.85,Mobile Wallet,False
41,young_professional,2026-03-18,Fresh Foods,Groceries,24.97,Debit Card,False
41,young_professional,2026-03-18,Daraz,Shopping,64.16,Credit Card,False
41,young_professional,2026-03-20,Airline Co,Travel,108.63,Credit Card,False
41,young_professional,2026-03-20,Metro Card,Transport,9.84,Mobile Wallet,False
41,young_professional,2026-03-21,Uber,Transport,19.27,Credit Card,False
41,young_professional,2026-03-21,Zara,Shopping,134.93,Mobile Wallet,False
41,young_professional,2026-03-24,Cinema,Entertainment,22.38,Mobile Wallet,False
41,young_professional,2026-03-26,Local Cafe,Dining,1.0,Mobile Wallet,False
41,young_professional,2026-03-26,Uber,Transport,16.02,Mobile Wallet,False
41,young_professional,2026-03-28,Carrefour,Groceries,48.24,Mobile Wallet,False
41,young_professional,2026-03-28,Daraz,Shopping,52.94,Credit Card,False
41,young_professional,2026-03-30,Local Cafe,Dining,23.06,Cash,False
41,young_professional,2026-04-01,Pizza Hut,Dining,28.42,Credit Card,False
41,young_professional,2026-04-01,Shell Gas,Transport,11.72,Cash,False
41,young_professional,2026-04-02,Cinema,Entertainment,18.79,Cash,False
41,young_professional,2026-04-04,McDonalds,Dining,7.6,Mobile Wallet,False
41,young_professional,2026-04-05,Landlord Transfer,Rent,438.92,Mobile Wallet,False
41,young_professional,2026-04-08,Starbucks,Dining,18.57,Cash,False
41,young_professional,2026-04-08,Starbucks,Dining,7.53,Debit Card,False
41,young_professional,2026-04-08,Landlord Transfer,Rent,588.94,Cash,False
41,young_professional,2026-04-13,Netflix,Entertainment,27.33,Cash,False
41,young_professional,2026-04-14,Metro Card,Transport,11.91,Debit Card,False
41,young_professional,2026-04-14,Metro Card,Transport,6.62,Debit Card,False
41,young_professional,2026-04-15,Starbucks,Dining,24.8,Debit Card,False
41,young_professional,2026-04-15,Landlord Transfer,Rent,559.26,Debit Card,False
41,young_professional,2026-04-16,IKEA,Shopping,115.82,Credit Card,False
41,young_professional,2026-04-17,Landlord Transfer,Rent,592.17,Cash,False
41,young_professional,2026-04-18,Carrefour,Groceries,34.9,Cash,False
41,young_professional,2026-04-20,Daraz,Shopping,97.08,Mobile Wallet,False
41,young_professional,2026-04-21,Careem,Transport,10.75,Cash,False
41,young_professional,2026-04-21,Pizza Hut,Dining,24.74,Cash,False
41,young_professional,2026-04-22,Careem,Transport,17.48,Credit Card,False
41,young_professional,2026-04-22,McDonalds,Dining,21.04,Mobile Wallet,False
41,young_professional,2026-04-24,Walmart,Groceries,62.84,Mobile Wallet,False
41,young_professional,2026-04-25,Clinic,Healthcare,13.44,Debit Card,False
41,young_professional,2026-04-26,Landlord Transfer,Rent,609.83,Credit Card,False
41,young_professional,2026-04-26,Landlord Transfer,Rent,576.95,Cash,False
41,young_professional,2026-04-26,Starbucks,Dining,12.48,Debit Card,False
41,young_professional,2026-04-26,Pizza Hut,Dining,29.52,Debit Card,False
41,young_professional,2026-04-26,Carrefour,Groceries,55.4,Cash,False
41,young_professional,2026-04-26,IKEA,Shopping,65.39,Debit Card,False
41,young_professional,2026-04-27,Shell Gas,Transport,2.34,Credit Card,False
41,young_professional,2026-04-29,Zara,Shopping,79.41,Debit Card,False
41,young_professional,2026-04-30,Starbucks,Dining,11.25,Debit Card,False
41,young_professional,2026-05-01,Pizza Hut,Dining,24.87,Debit Card,False
41,young_professional,2026-05-02,Netflix,Entertainment,9.79,Debit Card,False
41,young_professional,2026-05-05,Uber,Transport,19.95,Credit Card,False
41,young_professional,2026-05-06,Pizza Hut,Dining,11.75,Mobile Wallet,False
41,young_professional,2026-05-08,Gas Company,Utilities,63.21,Credit Card,False
41,young_professional,2026-05-10,Local Mart,Groceries,32.92,Cash,False
41,young_professional,2026-05-11,Zara,Shopping,41.12,Mobile Wallet,False
41,young_professional,2026-05-12,IKEA,Shopping,94.32,Cash,False
41,young_professional,2026-05-14,IKEA,Shopping,39.23,Cash,False
41,young_professional,2026-05-14,Gas Company,Utilities,71.72,Mobile Wallet,False
41,young_professional,2026-05-14,Pizza Hut,Dining,18.52,Cash,False
41,young_professional,2026-05-14,Carrefour,Groceries,40.19,Cash,False
41,young_professional,2026-05-15,Spotify,Entertainment,31.87,Mobile Wallet,False
41,young_professional,2026-05-15,Zara,Shopping,78.55,Mobile Wallet,False
41,young_professional,2026-05-15,Cinema,Entertainment,9.7,Mobile Wallet,False
41,young_professional,2026-05-17,Fresh Foods,Groceries,34.7,Mobile Wallet,False
41,young_professional,2026-05-17,Amazon,Shopping,17.5,Mobile Wallet,False
41,young_professional,2026-05-18,Landlord Transfer,Rent,555.11,Cash,False
41,young_professional,2026-05-18,Starbucks,Dining,30.48,Credit Card,False
41,young_professional,2026-05-20,Daraz,Shopping,3.43,Cash,False
41,young_professional,2026-05-21,Local Mart,Groceries,35.02,Cash,False
41,young_professional,2026-05-22,Electric Co,Utilities,58.63,Credit Card,False
41,young_professional,2026-05-22,Zara,Shopping,88.84,Cash,False
41,young_professional,2026-05-23,Landlord Transfer,Rent,551.59,Cash,False
41,young_professional,2026-05-24,Careem,Transport,4.28,Mobile Wallet,False
41,young_professional,2026-05-25,Careem,Transport,1.0,Cash,False
41,young_professional,2026-05-27,Shell Gas,Transport,9.97,Mobile Wallet,False
41,young_professional,2026-05-27,Metro Card,Transport,6.54,Cash,False
41,young_professional,2026-05-28,IKEA,Shopping,99.74,Debit Card,False
41,young_professional,2026-05-29,Amazon,Shopping,108.16,Debit Card,False
41,young_professional,2026-05-29,Uber,Transport,16.93,Mobile Wallet,False
41,young_professional,2026-05-30,Shell Gas,Transport,6.04,Debit Card,False
41,young_professional,2026-05-30,Starbucks,Dining,4.42,Cash,False
41,young_professional,2026-05-30,Uber,Transport,4.58,Cash,False
41,young_professional,2026-05-30,Starbucks,Dining,10.39,Mobile Wallet,False
41,young_professional,2026-05-31,McDonalds,Dining,22.71,Cash,False
41,young_professional,2026-06-03,McDonalds,Dining,9.02,Cash,False
41,young_professional,2026-06-04,AirBnB,Travel,87.74,Debit Card,False
41,young_professional,2026-06-05,Spotify,Entertainment,16.19,Debit Card,False
41,young_professional,2026-06-05,Local Cafe,Dining,28.72,Credit Card,False
41,young_professional,2026-06-05,Landlord Transfer,Rent,623.36,Cash,False
41,young_professional,2026-06-06,Shell Gas,Transport,15.19,Debit Card,False
41,young_professional,2026-06-07,Uber,Transport,1.0,Mobile Wallet,False
41,young_professional,2026-06-07,IKEA,Shopping,82.1,Debit Card,False
41,young_professional,2026-06-14,IKEA,Shopping,35.37,Debit Card,False
41,young_professional,2026-06-15,McDonalds,Dining,15.12,Credit Card,False
41,young_professional,2026-06-15,Amazon,Shopping,25.46,Credit Card,False
41,young_professional,2026-06-15,Gas Company,Utilities,52.96,Cash,False
41,young_professional,2026-06-17,Daraz,Shopping,35.91,Debit Card,False
41,young_professional,2026-06-17,Pharmacy,Healthcare,1.91,Credit Card,False
41,young_professional,2026-06-17,Landlord Transfer,Rent,364.16,Mobile Wallet,False
41,young_professional,2026-06-18,Netflix,Entertainment,29.73,Cash,False
41,young_professional,2026-06-18,Zara,Shopping,61.97,Debit Card,False
41,young_professional,2026-06-18,Water Board,Utilities,53.51,Cash,False
41,young_professional,2026-06-19,Internet ISP,Utilities,17.32,Debit Card,False
41,young_professional,2026-06-23,IKEA,Shopping,53.81,Mobile Wallet,False
41,young_professional,2026-06-23,Zara,Shopping,15.97,Cash,False
41,young_professional,2026-06-24,Gas Company,Utilities,24.77,Credit Card,False
41,young_professional,2026-06-24,Airline Co,Travel,200.31,Mobile Wallet,False
41,young_professional,2026-06-25,Daraz,Shopping,45.55,Debit Card,False
41,young_professional,2026-06-25,McDonalds,Dining,3.47,Mobile Wallet,False
41,young_professional,2026-06-25,Pizza Hut,Dining,20.69,Debit Card,False
41,young_professional,2026-06-25,Careem,Transport,9.46,Mobile Wallet,False
41,young_professional,2026-06-27,Fresh Foods,Groceries,43.56,Mobile Wallet,False
41,young_professional,2026-06-27,Landlord Transfer,Rent,411.91,Mobile Wallet,False
41,young_professional,2026-06-27,Local Cafe,Dining,20.02,Cash,False
41,young_professional,2026-06-28,Fresh Foods,Groceries,35.59,Debit Card,False
41,young_professional,2026-06-28,Daraz,Shopping,24.61,Mobile Wallet,False
41,young_professional,2026-06-28,Electric Co,Utilities,69.76,Credit Card,False
41,young_professional,2026-06-29,Pizza Hut,Dining,16.15,Credit Card,False
41,young_professional,2026-06-30,Landlord Transfer,Rent,477.06,Cash,False
41,young_professional,2026-06-30,Careem,Transport,4.47,Mobile Wallet,False
41,young_professional,2026-06-30,Walmart,Groceries,32.03,Credit Card,False
41,young_professional,2026-06-30,Landlord Transfer,Rent,609.01,Cash,False
41,young_professional,2026-07-01,McDonalds,Dining,25.26,Credit Card,False
41,young_professional,2026-07-02,Walmart,Groceries,53.67,Debit Card,False
41,young_professional,2026-07-02,Metro Card,Transport,4.55,Debit Card,False
41,young_professional,2026-07-03,Careem,Transport,13.03,Credit Card,False
41,young_professional,2026-07-03,Pizza Hut,Dining,1.0,Debit Card,False
41,young_professional,2026-07-03,Shell Gas,Transport,16.71,Mobile Wallet,False
41,young_professional,2026-07-04,Careem,Transport,4.3,Credit Card,False
41,young_professional,2026-07-04,IKEA,Shopping,108.27,Credit Card,False
41,young_professional,2026-07-05,Shell Gas,Transport,4.88,Debit Card,False
41,young_professional,2026-07-06,McDonalds,Dining,31.2,Debit Card,False
41,young_professional,2026-07-07,Metro Card,Transport,18.93,Credit Card,False
41,young_professional,2026-07-07,Local Cafe,Dining,19.22,Debit Card,False
41,young_professional,2026-07-09,Airline Co,Travel,369.31,Debit Card,False
41,young_professional,2026-07-09,Uber,Transport,6.3,Debit Card,False
41,young_professional,2026-07-09,Gas Company,Utilities,78.65,Cash,False
41,young_professional,2026-07-10,Pizza Hut,Dining,24.16,Debit Card,False
41,young_professional,2026-07-10,Metro Card,Transport,16.63,Debit Card,False
41,young_professional,2026-07-11,Electric Co,Utilities,70.73,Debit Card,False
41,young_professional,2026-07-11,Local Cafe,Dining,22.14,Debit Card,False
41,young_professional,2026-07-12,Zara,Shopping,154.21,Debit Card,False
41,young_professional,2026-07-13,Zara,Shopping,61.28,Cash,False
41,young_professional,2026-07-16,Carrefour,Groceries,27.87,Debit Card,False
41,young_professional,2026-07-16,Carrefour,Groceries,47.74,Debit Card,False
41,young_professional,2026-07-16,Spotify,Entertainment,1.0,Mobile Wallet,False
41,young_professional,2026-07-17,Careem,Transport,1.88,Debit Card,False
41,young_professional,2026-07-18,Spotify,Entertainment,1.0,Credit Card,False
41,young_professional,2026-07-18,Pizza Hut,Dining,14.25,Cash,False
41,young_professional,2026-07-19,Gas Company,Utilities,41.29,Debit Card,False
41,young_professional,2026-07-19,Local Mart,Groceries,77.07,Debit Card,False
41,young_professional,2026-07-19,Daraz,Shopping,62.14,Debit Card,False
41,young_professional,2026-07-20,Fresh Foods,Groceries,20.82,Mobile Wallet,False
41,young_professional,2026-07-20,Airline Co,Travel,1.0,Cash,False
41,young_professional,2026-07-20,Netflix,Entertainment,16.72,Mobile Wallet,False
41,young_professional,2026-07-20,IKEA,Shopping,25.18,Credit Card,False
41,young_professional,2026-07-20,McDonalds,Dining,26.9,Mobile Wallet,False
41,young_professional,2026-07-20,Landlord Transfer,Rent,4061.85,Mobile Wallet,True
41,young_professional,2026-07-20,Local Cafe,Dining,27.78,Credit Card,False
41,young_professional,2026-07-20,Landlord Transfer,Rent,314.45,Debit Card,False
41,young_professional,2026-07-21,IKEA,Shopping,37.32,Credit Card,False
41,young_professional,2026-07-24,Electric Co,Utilities,38.23,Credit Card,False
41,young_professional,2026-07-27,Landlord Transfer,Rent,513.85,Credit Card,False
41,young_professional,2026-07-27,Daraz,Shopping,23.66,Mobile Wallet,False
41,young_professional,2026-07-27,Landlord Transfer,Rent,473.43,Cash,False
41,young_professional,2026-07-27,Starbucks,Dining,13.09,Debit Card,False
41,young_professional,2026-07-29,Landlord Transfer,Rent,712.04,Mobile Wallet,False
41,young_professional,2026-07-29,Fresh Foods,Groceries,57.83,Cash,False
41,young_professional,2026-07-29,Pizza Hut,Dining,2.65,Mobile Wallet,False
41,young_professional,2026-07-30,Fresh Foods,Groceries,42.33,Debit Card,False
41,young_professional,2026-07-31,Zara,Shopping,83.73,Mobile Wallet,False
41,young_professional,2026-08-01,Local Mart,Groceries,46.66,Debit Card,False
41,young_professional,2026-08-01,Water Board,Utilities,32.31,Debit Card,False
41,young_professional,2026-08-02,Landlord Transfer,Rent,629.36,Debit Card,False
41,young_professional,2026-08-04,Careem,Transport,22.53,Debit Card,False
41,young_professional,2026-08-04,Amazon,Shopping,80.93,Credit Card,False
41,young_professional,2026-08-06,Local Mart,Groceries,56.66,Cash,False
41,young_professional,2026-08-08,Careem,Transport,18.71,Cash,False
41,young_professional,2026-08-09,Starbucks,Dining,7.08,Debit Card,False
41,young_professional,2026-08-09,Careem,Transport,18.3,Cash,False
41,young_professional,2026-08-10,Local Cafe,Dining,20.34,Credit Card,False
41,young_professional,2026-08-11,Fresh Foods,Groceries,52.14,Debit Card,False
41,young_professional,2026-08-11,Landlord Transfer,Rent,485.88,Debit Card,False
41,young_professional,2026-08-13,Zara,Shopping,19.19,Credit Card,False
41,young_professional,2026-08-18,Metro Card,Transport,15.7,Debit Card,False
41,young_professional,2026-08-21,AirBnB,Travel,74.83,Mobile Wallet,False
41,young_professional,2026-08-21,Careem,Transport,15.7,Credit Card,False
41,young_professional,2026-08-24,Walmart,Groceries,32.11,Credit Card,False
41,young_professional,2026-08-25,Zara,Shopping,73.49,Mobile Wallet,False
41,young_professional,2026-08-25,Steam,Entertainment,4.27,Cash,False
41,young_professional,2026-08-27,McDonalds,Dining,10.95,Debit Card,False
41,young_professional,2026-08-28,Airline Co,Travel,455.65,Mobile Wallet,False
41,young_professional,2026-08-28,Landlord Transfer,Rent,739.98,Debit Card,False
41,young_professional,2026-08-28,Shell Gas,Transport,13.72,Credit Card,False
41,young_professional,2026-08-28,Cinema,Entertainment,12.11,Debit Card,False
41,young_professional,2026-08-29,Electric Co,Utilities,59.86,Credit Card,False
41,young_professional,2026-08-30,Daraz,Shopping,55.53,Mobile Wallet,False
41,young_professional,2026-08-30,Airline Co,Travel,406.81,Mobile Wallet,False
41,young_professional,2026-08-30,McDonalds,Dining,21.3,Cash,False
41,young_professional,2026-08-30,Gas Company,Utilities,44.73,Debit Card,False
41,young_professional,2026-08-31,Local Cafe,Dining,10.04,Cash,False
41,young_professional,2026-08-31,Gas Company,Utilities,54.69,Credit Card,False
41,young_professional,2026-08-31,Internet ISP,Utilities,60.43,Cash,False
42,high_earner,2026-03-05,Airline Co,Travel,66.75,Cash,False
42,high_earner,2026-03-06,Local Mart,Groceries,36.18,Cash,False
42,high_earner,2026-03-09,AirBnB,Travel,175.67,Credit Card,False
42,high_earner,2026-03-10,Starbucks,Dining,19.51,Credit Card,False
42,high_earner,2026-03-11,Zara,Shopping,44.48,Credit Card,False
42,high_earner,2026-03-12,Dental Care,Healthcare,12.01,Cash,False
42,high_earner,2026-03-13,McDonalds,Dining,23.02,Credit Card,False
42,high_earner,2026-03-15,AirBnB,Travel,566.89,Cash,False
42,high_earner,2026-03-16,Internet ISP,Utilities,68.01,Mobile Wallet,False
42,high_earner,2026-03-18,Cinema,Entertainment,20.76,Credit Card,False
42,high_earner,2026-03-18,AirBnB,Travel,212.13,Credit Card,False
42,high_earner,2026-03-19,Landlord Transfer,Rent,586.33,Debit Card,False
42,high_earner,2026-03-20,Zara,Shopping,94.72,Mobile Wallet,False
42,high_earner,2026-03-20,Steam,Entertainment,5.76,Cash,False
42,high_earner,2026-03-20,Landlord Transfer,Rent,455.25,Credit Card,False
42,high_earner,2026-03-20,IKEA,Shopping,66.27,Credit Card,False
42,high_earner,2026-03-22,Daraz,Shopping,78.33,Credit Card,False
42,high_earner,2026-03-23,Cinema,Entertainment,17.2,Debit Card,False
42,high_earner,2026-03-23,IKEA,Shopping,69.34,Debit Card,False
42,high_earner,2026-03-24,Walmart,Groceries,20.63,Credit Card,False
42,high_earner,2026-03-24,IKEA,Shopping,67.26,Credit Card,False
42,high_earner,2026-03-25,Daraz,Shopping,1.0,Credit Card,False
42,high_earner,2026-03-25,Daraz,Shopping,90.65,Cash,False
42,high_earner,2026-03-26,Airline Co,Travel,445.83,Debit Card,False
42,high_earner,2026-03-28,Landlord Transfer,Rent,624.36,Mobile Wallet,False
42,high_earner,2026-03-28,Fresh Foods,Groceries,50.15,Mobile Wallet,False
42,high_earner,2026-03-29,IKEA,Shopping,33.9,Mobile Wallet,False
42,high_earner,2026-03-29,Amazon,Shopping,91.79,Mobile Wallet,False
42,high_earner,2026-03-30,Airline Co,Travel,112.04,Credit Card,False
42,high_earner,2026-03-30,Water Board,Utilities,37.24,Mobile Wallet,False
42,high_earner,2026-03-30,Steam,Entertainment,15.36,Mobile Wallet,False
42,high_earner,2026-03-31,Carrefour,Groceries,52.27,Credit Card,False
42,high_earner,2026-04-01,Starbucks,Dining,4.3,Debit Card,False
42,high_earner,2026-04-01,Steam,Entertainment,28.64,Mobile Wallet,False
42,high_earner,2026-04-02,Landlord Transfer,Rent,511.73,Mobile Wallet,False
42,high_earner,2026-04-02,Cinema,Entertainment,3.27,Mobile Wallet,False
42,high_earner,2026-04-03,Gas Company,Utilities,76.27,Cash,False
42,high_earner,2026-04-04,Starbucks,Dining,4.43,Debit Card,False
42,high_earner,2026-04-05,Pizza Hut,Dining,17.81,Debit Card,False
42,high_earner,2026-04-05,Netflix,Entertainment,22.8,Credit Card,False
42,high_earner,2026-04-05,IKEA,Shopping,24.07,Cash,False
42,high_earner,2026-04-06,Pizza Hut,Dining,20.67,Debit Card,False
42,high_earner,2026-04-06,McDonalds,Dining,21.82,Cash,False
42,high_earner,2026-04-07,Airline Co,Travel,1.0,Debit Card,False
42,high_earner,2026-04-07,Amazon,Shopping,90.29,Debit Card,False
42,high_earner,2026-04-07,McDonalds,Dining,28.3,Debit Card,False
42,high_earner,2026-04-08,Landlord Transfer,Rent,623.18,Credit Card,False
42,high_earner,2026-04-09,Pizza Hut,Dining,5.71,Credit Card,False
42,high_earner,2026-04-09,Hotel Booking,Travel,211.4,Mobile Wallet,False
42,high_earner,2026-04-09,Landlord Transfer,Rent,553.43,Cash,False
42,high_earner,2026-04-10,Pizza Hut,Dining,25.38,Mobile Wallet,False
42,high_earner,2026-04-11,Hotel Booking,Travel,270.29,Mobile Wallet,False
42,high_earner,2026-04-12,McDonalds,Dining,5.71,Credit Card,False
42,high_earner,2026-04-12,Airline Co,Travel,275.87,Debit Card,False
42,high_earner,2026-04-14,Steam,Entertainment,26.51,Mobile Wallet,False
42,high_earner,2026-04-14,Landlord Transfer,Rent,707.54,Cash,False
42,high_earner,2026-04-15,Pizza Hut,Dining,27.4,Mobile Wallet,False
42,high_earner,2026-04-16,Hotel Booking,Travel,192.93,Mobile Wallet,False
42,high_earner,2026-04-17,Hotel Booking,Travel,145.91,Mobile Wallet,False
42,high_earner,2026-04-18,Local Cafe,Dining,28.16,Cash,False
42,high_earner,2026-04-18,Netflix,Entertainment,27.07,Mobile Wallet,False
42,high_earner,2026-04-18,Starbucks,Dining,6.71,Mobile Wallet,False
42,high_earner,2026-04-18,Zara,Shopping,58.96,Mobile Wallet,False
42,high_earner,2026-04-19,AirBnB,Travel,207.24,Credit Card,False
42,high_earner,2026-04-20,Landlord Transfer,Rent,438.77,Cash,False
42,high_earner,2026-04-21,Airline Co,Travel,33.41,Credit Card,False
42,high_earner,2026-04-21,Landlord Transfer,Rent,268.26,Debit Card,False
42,high_earner,2026-04-21,Hotel Booking,Travel,73.39,Cash,False
42,high_earner,2026-04-21,Carrefour,Groceries,14.8,Mobile Wallet,False
42,high_earner,2026-04-26,Daraz,Shopping,47.7,Credit Card,False
42,high_earner,2026-04-26,AirBnB,Travel,1.0,Mobile Wallet,False
42,high_earner,2026-04-30,Pizza Hut,Dining,23.96,Mobile Wallet,False
42,high_earner,2026-05-01,Starbucks,Dining,26.03,Mobile Wallet,False
42,high_earner,2026-05-02,Landlord Transfer,Rent,608.29,Credit Card,False
42,high_earner,2026-05-04,Amazon,Shopping,8.58,Cash,False
42,high_earner,2026-05-04,Carrefour,Groceries,48.43,Mobile Wallet,False
42,high_earner,2026-05-05,Landlord Transfer,Rent,3585.5,Credit Card,True
42,high_earner,2026-05-06,Pizza Hut,Dining,27.48,Mobile Wallet,False
42,high_earner,2026-05-07,McDonalds,Dining,32.25,Debit Card,False
42,high_earner,2026-05-07,Hotel Booking,Travel,369.67,Cash,False
42,high_earner,2026-05-08,McDonalds,Dining,13.24,Debit Card,False
42,high_earner,2026-05-09,Starbucks,Dining,31.73,Mobile Wallet,False
42,high_earner,2026-05-11,Local Cafe,Dining,5.25,Debit Card,False
42,high_earner,2026-05-11,Landlord Transfer,Rent,446.82,Cash,False
42,high_earner,2026-05-11,Landlord Transfer,Rent,571.21,Credit Card,False
42,high_earner,2026-05-14,Hotel Booking,Travel,36.2,Cash,False
42,high_earner,2026-05-14,Zara,Shopping,138.27,Mobile Wallet,False
42,high_earner,2026-05-16,Internet ISP,Utilities,76.69,Cash,False
42,high_earner,2026-05-18,Landlord Transfer,Rent,625.45,Mobile Wallet,False
42,high_earner,2026-05-19,Daraz,Shopping,1.0,Cash,False
42,high_earner,2026-05-20,Internet ISP,Utilities,63.76,Cash,False
42,high_earner,2026-05-20,Internet ISP,Utilities,85.33,Debit Card,False
42,high_earner,2026-05-20,Local Mart,Groceries,43.64,Cash,False
42,high_earner,2026-05-22,Airline Co,Travel,131.15,Cash,False
42,high_earner,2026-05-22,McDonalds,Dining,8.49,Mobile Wallet,False
42,high_earner,2026-05-23,Starbucks,Dining,13.92,Debit Card,False
42,high_earner,2026-05-24,Pizza Hut,Dining,7.76,Cash,False
42,high_earner,2026-05-25,Local Cafe,Dining,32.6,Cash,False
42,high_earner,2026-05-25,Spotify,Entertainment,15.48,Cash,False
42,high_earner,2026-05-27,Hotel Booking,Travel,76.13,Cash,False
42,high_earner,2026-05-27,Amazon,Shopping,7.12,Debit Card,False
42,high_earner,2026-05-27,Starbucks,Dining,18.29,Debit Card,False
42,high_earner,2026-05-27,Amazon,Shopping,1.66,Cash,False
42,high_earner,2026-05-27,Dental Care,Healthcare,68.47,Debit Card,False
42,high_earner,2026-05-29,Steam,Entertainment,31.71,Debit Card,False
42,high_earner,2026-05-29,Zara,Shopping,1.0,Credit Card,False
42,high_earner,2026-05-29,Daraz,Shopping,1.0,Debit Card,False
42,high_earner,2026-05-30,McDonalds,Dining,17.28,Credit Card,False
42,high_earner,2026-06-02,Steam,Entertainment,108.39,Debit Card,True
42,high_earner,2026-06-02,McDonalds,Dining,9.59,Mobile Wallet,False
42,high_earner,2026-06-03,Airline Co,Travel,1.0,Mobile Wallet,False
42,high_earner,2026-06-03,Cinema,Entertainment,11.54,Cash,False
42,high_earner,2026-06-04,AirBnB,Travel,95.05,Cash,False
42,high_earner,2026-06-04,Daraz,Shopping,49.52,Cash,False
42,high_earner,2026-06-04,IKEA,Shopping,18.43,Cash,False
42,high_earner,2026-06-07,Landlord Transfer,Rent,3068.01,Debit Card,True
42,high_earner,2026-06-07,Water Board,Utilities,62.69,Credit Card,False
42,high_earner,2026-06-07,Starbucks,Dining,28.98,Credit Card,False
42,high_earner,2026-06-08,McDonalds,Dining,13.17,Cash,False
42,high_earner,2026-06-10,Pizza Hut,Dining,20.4,Mobile Wallet,False
42,high_earner,2026-06-10,Local Mart,Groceries,33.96,Mobile Wallet,False
42,high_earner,2026-06-11,Airline Co,Travel,269.46,Debit Card,False
42,high_earner,2026-06-11,Landlord Transfer,Rent,494.76,Credit Card,False
42,high_earner,2026-06-11,McDonalds,Dining,8.33,Debit Card,False
42,high_earner,2026-06-12,Zara,Shopping,79.52,Credit Card,False
42,high_earner,2026-06-14,Landlord Transfer,Rent,332.51,Credit Card,False
42,high_earner,2026-06-15,Spotify,Entertainment,20.1,Mobile Wallet,False
42,high_earner,2026-06-16,Zara,Shopping,1.0,Mobile Wallet,False
42,high_earner,2026-06-16,Landlord Transfer,Rent,507.02,Mobile Wallet,False
42,high_earner,2026-06-16,Airline Co,Travel,274.36,Cash,False
42,high_earner,2026-06-17,Pizza Hut,Dining,19.89,Mobile Wallet,False
42,high_earner,2026-06-18,McDonalds,Dining,24.17,Mobile Wallet,False
42,high_earner,2026-06-19,Landlord Transfer,Rent,367.64,Debit Card,False
42,high_earner,2026-06-19,Airline Co,Travel,230.5,Cash,False
42,high_earner,2026-06-20,Zara,Shopping,31.02,Cash,False
42,high_earner,2026-06-20,Landlord Transfer,Rent,533.75,Cash,False
42,high_earner,2026-06-21,Landlord Transfer,Rent,558.52,Mobile Wallet,False
42,high_earner,2026-06-21,Hotel Booking,Travel,213.96,Debit Card,False
42,high_earner,2026-06-23,Amazon,Shopping,41.63,Credit Card,False
42,high_earner,2026-06-24,Landlord Transfer,Rent,411.77,Cash,False
42,high_earner,2026-06-25,Landlord Transfer,Rent,597.64,Debit Card,False
42,high_earner,2026-06-26,Zara,Shopping,68.4,Debit Card,False
42,high_earner,2026-06-27,Carrefour,Groceries,39.45,Mobile Wallet,False
42,high_earner,2026-06-27,Spotify,Entertainment,13.65,Debit Card,False
42,high_earner,2026-06-29,Netflix,Entertainment,8.32,Debit Card,False
42,high_earner,2026-06-29,Airline Co,Travel,2.73,Cash,False
42,high_earner,2026-06-29,Steam,Entertainment,11.48,Cash,False
42,high_earner,2026-06-30,Clinic,Healthcare,37.92,Cash,False
42,high_earner,2026-06-30,Hotel Booking,Travel,237.61,Debit Card,False
42,high_earner,2026-07-01,Landlord Transfer,Rent,353.37,Credit Card,False
42,high_earner,2026-07-01,Zara,Shopping,46.57,Debit Card,False
42,high_earner,2026-07-02,AirBnB,Travel,43.99,Mobile Wallet,False
42,high_earner,2026-07-03,Landlord Transfer,Rent,491.9,Mobile Wallet,False
42,high_earner,2026-07-04,Amazon,Shopping,62.65,Credit Card,False
42,high_earner,2026-07-07,Local Mart,Groceries,46.01,Debit Card,False
42,high_earner,2026-07-08,Pizza Hut,Dining,13.8,Mobile Wallet,False
42,high_earner,2026-07-10,Amazon,Shopping,87.27,Debit Card,False
42,high_earner,2026-07-13,Amazon,Shopping,49.74,Mobile Wallet,False
42,high_earner,2026-07-14,Local Cafe,Dining,22.03,Cash,False
42,high_earner,2026-07-17,McDonalds,Dining,19.99,Mobile Wallet,False
42,high_earner,2026-07-17,Landlord Transfer,Rent,516.32,Debit Card,False
42,high_earner,2026-07-17,Netflix,Entertainment,21.33,Cash,False
42,high_earner,2026-07-18,Spotify,Entertainment,16.77,Cash,False
42,high_earner,2026-07-19,Walmart,Groceries,55.06,Debit Card,False
42,high_earner,2026-07-19,Water Board,Utilities,58.99,Cash,False
42,high_earner,2026-07-20,McDonalds,Dining,22.63,Debit Card,False
42,high_earner,2026-07-21,Airline Co,Travel,153.4,Cash,False
42,high_earner,2026-07-21,Landlord Transfer,Rent,539.73,Mobile Wallet,False
42,high_earner,2026-07-21,Pizza Hut,Dining,23.42,Debit Card,False
42,high_earner,2026-07-22,Hotel Booking,Travel,370.27,Cash,False
42,high_earner,2026-07-22,Daraz,Shopping,13.51,Debit Card,False
42,high_earner,2026-07-24,Airline Co,Travel,184.72,Debit Card,False
42,high_earner,2026-07-25,Clinic,Healthcare,55.12,Debit Card,False
42,high_earner,2026-07-25,Amazon,Shopping,111.62,Debit Card,False
42,high_earner,2026-07-27,Airline Co,Travel,384.76,Debit Card,False
42,high_earner,2026-07-27,Hotel Booking,Travel,276.78,Mobile Wallet,False
42,high_earner,2026-07-27,Landlord Transfer,Rent,538.02,Debit Card,False
42,high_earner,2026-07-28,Starbucks,Dining,28.49,Credit Card,False
42,high_earner,2026-07-29,Carrefour,Groceries,48.8,Credit Card,False
42,high_earner,2026-07-31,Airline Co,Travel,268.12,Debit Card,False
42,high_earner,2026-07-31,Pizza Hut,Dining,11.05,Mobile Wallet,False
42,high_earner,2026-08-01,Steam,Entertainment,27.08,Mobile Wallet,False
42,high_earner,2026-08-01,Landlord Transfer,Rent,355.85,Credit Card,False
42,high_earner,2026-08-01,Steam,Entertainment,20.58,Mobile Wallet,False
42,high_earner,2026-08-01,Pizza Hut,Dining,1.0,Credit Card,False
42,high_earner,2026-08-03,Gas Company,Utilities,99.22,Mobile Wallet,False
42,high_earner,2026-08-04,Daraz,Shopping,116.1,Mobile Wallet,False
42,high_earner,2026-08-06,Local Mart,Groceries,45.0,Cash,False
42,high_earner,2026-08-08,Airline Co,Travel,101.67,Credit Card,False
42,high_earner,2026-08-10,Daraz,Shopping,40.29,Cash,False
42,high_earner,2026-08-10,Zara,Shopping,49.98,Debit Card,False
42,high_earner,2026-08-10,Landlord Transfer,Rent,399.1,Credit Card,False
42,high_earner,2026-08-11,Carrefour,Groceries,5.37,Debit Card,False
42,high_earner,2026-08-12,Landlord Transfer,Rent,674.4,Mobile Wallet,False
42,high_earner,2026-08-12,Daraz,Shopping,46.11,Debit Card,False
42,high_earner,2026-08-13,Electric Co,Utilities,57.93,Debit Card,False
42,high_earner,2026-08-14,Zara,Shopping,81.99,Debit Card,False
42,high_earner,2026-08-15,Amazon,Shopping,52.08,Debit Card,False
42,high_earner,2026-08-15,Internet ISP,Utilities,50.63,Mobile Wallet,False
42,high_earner,2026-08-15,Airline Co,Travel,158.91,Credit Card,False
42,high_earner,2026-08-16,McDonalds,Dining,20.48,Mobile Wallet,False
42,high_earner,2026-08-16,Starbucks,Dining,6.32,Debit Card,False
42,high_earner,2026-08-17,Daraz,Shopping,115.45,Cash,False
42,high_earner,2026-08-18,Airline Co,Travel,23.04,Cash,False
42,high_earner,2026-08-18,Landlord Transfer,Rent,368.95,Mobile Wallet,False
42,high_earner,2026-08-19,Dental Care,Healthcare,19.63,Cash,False
42,high_earner,2026-08-20,AirBnB,Travel,65.89,Mobile Wallet,False
42,high_earner,2026-08-20,Netflix,Entertainment,10.0,Mobile Wallet,False
42,high_earner,2026-08-21,Landlord Transfer,Rent,638.99,Cash,False
42,high_earner,2026-08-23,Landlord Transfer,Rent,356.9,Mobile Wallet,False
42,high_earner,2026-08-24,Walmart,Groceries,26.19,Debit Card,False
42,high_earner,2026-08-25,Zara,Shopping,144.93,Credit Card,False
42,high_earner,2026-08-26,Hotel Booking,Travel,1725.31,Debit Card,True
42,high_earner,2026-08-26,AirBnB,Travel,246.28,Mobile Wallet,False
42,high_earner,2026-08-26,Daraz,Shopping,92.69,Mobile Wallet,False
42,high_earner,2026-08-26,AirBnB,Travel,176.89,Debit Card,False
42,high_earner,2026-08-27,Cinema,Entertainment,13.56,Credit Card,False
42,high_earner,2026-08-28,Daraz,Shopping,1.0,Debit Card,False
42,high_earner,2026-08-29,Pizza Hut,Dining,24.45,Credit Card,False
42,high_earner,2026-08-29,Local Mart,Groceries,53.63,Mobile Wallet,False
42,high_earner,2026-08-30,Landlord Transfer,Rent,471.2,Cash,False
42,high_earner,2026-08-31,Pizza Hut,Dining,5.76,Debit Card,False
42,high_earner,2026-08-31,Water Board,Utilities,45.77,Mobile Wallet,False
42,high_earner,2026-09-01,Carrefour,Groceries,22.68,Debit Card,False
42,high_earner,2026-09-01,Local Cafe,Dining,14.35,Credit Card,False
43,young_professional,2026-03-06,Electric Co,Utilities,64.22,Debit Card,False
43,young_professional,2026-03-06,Airline Co,Travel,281.82,Credit Card,False
43,young_professional,2026-03-07,McDonalds,Dining,36.04,Credit Card,False
43,young_professional,2026-03-07,Local Cafe,Dining,16.41,Credit Card,False
43,young_professional,2026-03-07,Water Board,Utilities,58.94,Cash,False
43,young_professional,2026-03-11,Metro Card,Transport,1.0,Credit Card,False
43,young_professional,2026-03-11,Landlord Transfer,Rent,588.78,Mobile Wallet,False
43,young_professional,2026-03-11,Electric Co,Utilities,66.76,Mobile Wallet,False
43,young_professional,2026-03-11,Hotel Booking,Travel,502.63,Credit Card,False
43,young_professional,2026-03-11,Water Board,Utilities,34.9,Debit Card,False
43,young_professional,2026-03-13,Pizza Hut,Dining,17.53,Credit Card,False
43,young_professional,2026-03-14,Cinema,Entertainment,27.28,Cash,False
43,young_professional,2026-03-16,Starbucks,Dining,6.05,Cash,False
43,young_professional,2026-03-16,Amazon,Shopping,65.65,Mobile Wallet,False
43,young_professional,2026-03-17,Amazon,Shopping,49.86,Debit Card,False
43,young_professional,2026-03-17,Starbucks,Dining,15.08,Debit Card,False
43,young_professional,2026-03-17,Fresh Foods,Groceries,35.68,Mobile Wallet,False
43,young_professional,2026-03-18,Cinema,Entertainment,1.0,Debit Card,False
43,young_professional,2026-03-20,Starbucks,Dining,26.04,Mobile Wallet,False
43,young_professional,2026-03-21,Spotify,Entertainment,4.14,Debit Card,False
43,young_professional,2026-03-21,Electric Co,Utilities,37.18,Cash,False
43,young_professional,2026-03-21,Local Mart,Groceries,59.02,Debit Card,False
43,young_professional,2026-03-21,Spotify,Entertainment,8.06,Credit Card,False
43,young_professional,2026-03-23,Steam,Entertainment,12.3,Debit Card,False
43,young_professional,2026-03-24,IKEA,Shopping,111.87,Cash,False
43,young_professional,2026-03-25,Zara,Shopping,80.11,Mobile Wallet,False
43,young_professional,2026-03-27,Starbucks,Dining,7.65,Debit Card,False
43,young_professional,2026-03-28,Netflix,Entertainment,14.88,Debit Card,False
43,young_professional,2026-03-30,Starbucks,Dining,23.92,Cash,False
43,young_professional,2026-03-30,Local Mart,Groceries,51.06,Cash,False
43,young_professional,2026-03-30,Metro Card,Transport,15.88,Credit Card,False
43,young_professional,2026-04-02,Shell Gas,Transport,13.62,Mobile Wallet,False
43,young_professional,2026-04-04,Zara,Shopping,1.0,Credit Card,False
43,young_professional,2026-04-04,Pizza Hut,Dining,23.08,Mobile Wallet,False
43,young_professional,2026-04-04,Walmart,Groceries,77.57,Debit Card,False
43,young_professional,2026-04-06,Walmart,Groceries,48.12,Cash,False
43,young_professional,2026-04-06,Local Cafe,Dining,23.2,Cash,False
43,young_professional,2026-04-08,Electric Co,Utilities,91.14,Cash,False
43,young_professional,2026-04-08,Careem,Transport,4.22,Mobile Wallet,False
43,young_professional,2026-04-10,IKEA,Shopping,71.54,Cash,False
43,young_professional,2026-04-10,Daraz,Shopping,66.72,Mobile Wallet,False
43,young_professional,2026-04-12,Landlord Transfer,Rent,600.89,Debit Card,False
43,young_professional,2026-04-14,Daraz,Shopping,68.64,Cash,False
43,young_professional,2026-04-14,Metro Card,Transport,15.37,Debit Card,False
43,young_professional,2026-04-15,Internet ISP,Utilities,72.9,Debit Card,False
43,young_professional,2026-04-16,Gas Company,Utilities,26.36,Mobile Wallet,False
43,young_professional,2026-04-16,Hotel Booking,Travel,206.23,Cash,False
43,young_professional,2026-04-17,Water Board,Utilities,61.29,Debit Card,False
43,young_professional,2026-04-17,Internet ISP,Utilities,23.9,Debit Card,False
43,young_professional,2026-04-18,McDonalds,Dining,12.26,Mobile Wallet,False
43,young_professional,2026-04-18,Uber,Transport,6.12,Mobile Wallet,False
43,young_professional,2026-04-19,Shell Gas,Transport,5.53,Credit Card,False
43,young_professional,2026-04-22,Water Board,Utilities,80.49,Debit Card,False
43,young_professional,2026-04-24,McDonalds,Dining,13.6,Cash,False
43,young_professional,2026-04-25,Landlord Transfer,Rent,538.45,Debit Card,False
43,young_professional,2026-04-27,Zara,Shopping,53.93,Credit Card,False
43,young_professional,2026-04-28,McDonalds,Dining,34.99,Cash,False
43,young_professional,2026-04-29,Hotel Booking,Travel,1.0,Debit Card,False
43,young_professional,2026-04-29,Landlord Transfer,Rent,609.72,Debit Card,False
43,young_professional,2026-04-30,Pizza Hut,Dining,1.0,Cash,False
43,young_professional,2026-04-30,Fresh Foods,Groceries,49.92,Debit Card,False
43,young_professional,2026-05-01,Steam,Entertainment,35.11,Debit Card,False
43,young_professional,2026-05-01,Landlord Transfer,Rent,407.92,Debit Card,False
43,young_professional,2026-05-02,Local Cafe,Dining,6.21,Cash,True
43,young_professional,2026-05-02,Carrefour,Groceries,42.7,Credit Card,False
43,young_professional,2026-05-02,Fresh Foods,Groceries,38.48,Mobile Wallet,False
43,young_professional,2026-05-04,Walmart,Groceries,51.38,Cash,False
43,young_professional,2026-05-06,Cinema,Entertainment,17.14,Credit Card,False
43,young_professional,2026-05-06,Local Mart,Groceries,42.16,Credit Card,False
43,young_professional,2026-05-07,Careem,Transport,17.6,Debit Card,False
43,young_professional,2026-05-08,Amazon,Shopping,1.0,Debit Card,False
43,young_professional,2026-05-09,McDonalds,Dining,25.11,Credit Card,False
43,young_professional,2026-05-09,Landlord Transfer,Rent,591.34,Debit Card,False
43,young_professional,2026-05-09,Careem,Transport,18.15,Credit Card,False
43,young_professional,2026-05-10,Uber,Transport,1.0,Debit Card,False
43,young_professional,2026-05-11,Daraz,Shopping,27.11,Credit Card,False
43,young_professional,2026-05-11,Carrefour,Groceries,40.84,Credit Card,False
43,young_professional,2026-05-12,Zara,Shopping,43.38,Cash,False
43,young_professional,2026-05-13,Uber,Transport,17.81,Cash,False
43,young_professional,2026-05-13,Careem,Transport,5.35,Mobile Wallet,False
43,young_professional,2026-05-13,Gas Company,Utilities,89.88,Mobile Wallet,False
43,young_professional,2026-05-14,Local Cafe,Dining,18.42,Cash,False
43,young_professional,2026-05-15,Landlord Transfer,Rent,392.52,Credit Card,False
43,young_professional,2026-05-17,Netflix,Entertainment,3.07,Cash,False
43,young_professional,2026-05-18,Internet ISP,Utilities,68.21,Credit Card,False
43,young_professional,2026-05-19,Metro Card,Transport,8.78,Cash,False
43,young_professional,2026-05-20,Local Mart,Groceries,42.84,Debit Card,False
43,young_professional,2026-05-20,Walmart,Groceries,35.71,Credit Card,False
43,young_professional,2026-05-21,Local Cafe,Dining,26.21,Debit Card,False
43,young_professional,2026-05-22,Fresh Foods,Groceries,32.28,Mobile Wallet,False
43,young_professional,2026-05-23,Local Cafe,Dining,20.15,Debit Card,False
43,young_professional,2026-05-24,Cinema,Entertainment,18.24,Cash,False
43,young_professional,2026-05-25,Steam,Entertainment,12.04,Mobile Wallet,False
43,young_professional,2026-05-26,Local Mart,Groceries,29.08,Mobile Wallet,False
43,young_professional,2026-05-28,Shell Gas,Transport,18.08,Credit Card,False
43,young_professional,2026-05-28,Metro Card,Transport,3.88,Debit Card,False
43,young_professional,2026-05-28,Starbucks,Dining,36.76,Cash,False
43,young_professional,2026-05-29,Carrefour,Groceries,34.82,Credit Card,False
43,young_professional,2026-05-29,Landlord Transfer,Rent,522.53,Mobile Wallet,False
43,young_professional,2026-05-29,Careem,Transport,25.78,Debit Card,False
43,young_professional,2026-05-29,Walmart,Groceries,42.96,Debit Card,False
43,young_professional,2026-05-30,Starbucks,Dining,4.26,Credit Card,False
43,young_professional,2026-06-01,Shell Gas,Transport,12.38,Credit Card,False
43,young_professional,2026-06-02,Amazon,Shopping,124.62,Cash,False
43,young_professional,2026-06-02,Spotify,Entertainment,3.14,Cash,False
43,young_professional,2026-06-02,Landlord Transfer,Rent,828.03,Credit Card,False
43,young_professional,2026-06-03,Pizza Hut,Dining,24.14,Mobile Wallet,False
43,young_professional,2026-06-03,McDonalds,Dining,59.74,Mobile Wallet,True
43,young_professional,2026-06-04,Water Board,Utilities,73.92,Mobile Wallet,False
43,young_professional,2026-06-05,Shell Gas,Transport,1.0,Credit Card,False
43,young_professional,2026-06-07,Clinic,Healthcare,15.16,Debit Card,False
43,young_professional,2026-06-07,Uber,Transport,14.19,Credit Card,False
43,young_professional,2026-06-07,Walmart,Groceries,30.02,Debit Card,False
43,young_professional,2026-06-08,Landlord Transfer,Rent,448.0,Mobile Wallet,False
43,young_professional,2026-06-08,Fresh Foods,Groceries,59.97,Credit Card,False
43,young_professional,2026-06-09,Spotify,Entertainment,19.64,Credit Card,False
43,young_professional,2026-06-09,Landlord Transfer,Rent,507.24,Credit Card,False
43,young_professional,2026-06-10,Pizza Hut,Dining,4.94,Debit Card,False
43,young_professional,2026-06-10,Careem,Transport,7.72,Cash,False
43,young_professional,2026-06-10,Starbucks,Dining,25.55,Mobile Wallet,False
43,young_professional,2026-06-11,Careem,Transport,8.37,Credit Card,False
43,young_professional,2026-06-12,Airline Co,Travel,183.26,Cash,False
43,young_professional,2026-06-12,Pharmacy,Healthcare,57.34,Cash,False
43,young_professional,2026-06-12,Carrefour,Groceries,38.94,Cash,False
43,young_professional,2026-06-13,Careem,Transport,20.82,Debit Card,False
43,young_professional,2026-06-15,Amazon,Shopping,59.86,Cash,False
43,young_professional,2026-06-16,Daraz,Shopping,72.83,Mobile Wallet,False
43,young_professional,2026-06-17,Daraz,Shopping,112.9,Credit Card,False
43,young_professional,2026-06-17,Walmart,Groceries,28.48,Mobile Wallet,False
43,young_professional,2026-06-17,Hotel Booking,Travel,142.1,Mobile Wallet,False
43,young_professional,2026-06-17,Careem,Transport,12.03,Mobile Wallet,False
43,young_professional,2026-06-20,Fresh Foods,Groceries,34.24,Debit Card,False
43,young_professional,2026-06-23,Spotify,Entertainment,9.85,Debit Card,False
43,young_professional,2026-06-23,Careem,Transport,29.72,Mobile Wallet,False
43,young_professional,2026-06-23,Carrefour,Groceries,47.45,Debit Card,False
43,young_professional,2026-06-24,Metro Card,Transport,7.84,Mobile Wallet,False
43,young_professional,2026-06-24,Amazon,Shopping,44.37,Cash,False
43,young_professional,2026-06-25,Walmart,Groceries,45.96,Mobile Wallet,False
43,young_professional,2026-06-28,Water Board,Utilities,71.05,Mobile Wallet,False
43,young_professional,2026-06-29,Local Cafe,Dining,28.32,Credit Card,False
43,young_professional,2026-06-29,Careem,Transport,16.65,Mobile Wallet,False
43,young_professional,2026-06-30,AirBnB,Travel,318.83,Cash,False
43,young_professional,2026-07-03,Airline Co,Travel,213.6,Credit Card,False
43,young_professional,2026-07-03,McDonalds,Dining,31.19,Debit Card,False
43,young_professional,2026-07-04,Landlord Transfer,Rent,506.78,Debit Card,False
43,young_professional,2026-07-05,Careem,Transport,13.35,Debit Card,False
43,young_professional,2026-07-06,Water Board,Utilities,60.49,Credit Card,False
43,young_professional,2026-07-06,Daraz,Shopping,89.61,Cash,False
43,young_professional,2026-07-07,Landlord Transfer,Rent,524.98,Mobile Wallet,False
43,young_professional,2026-07-07,Walmart,Groceries,38.32,Mobile Wallet,False
43,young_professional,2026-07-08,Cinema,Entertainment,19.75,Credit Card,False
43,young_professional,2026-07-10,Metro Card,Transport,5.68,Mobile Wallet,False
43,young_professional,2026-07-10,Landlord Transfer,Rent,483.95,Mobile Wallet,False
43,young_professional,2026-07-10,McDonalds,Dining,18.61,Credit Card,False
43,young_professional,2026-07-11,Local Cafe,Dining,14.42,Cash,False
43,young_professional,2026-07-12,Carrefour,Groceries,29.6,Credit Card,False
43,young_professional,2026-07-15,Amazon,Shopping,63.85,Cash,False
43,young_professional,2026-07-17,Carrefour,Groceries,35.88,Credit Card,False
43,young_professional,2026-07-18,Landlord Transfer,Rent,449.12,Mobile Wallet,False
43,young_professional,2026-07-22,IKEA,Shopping,69.08,Mobile Wallet,False
43,young_professional,2026-07-22,Pharmacy,Healthcare,24.92,Mobile Wallet,False
43,young_professional,2026-07-24,Landlord Transfer,Rent,487.71,Cash,False
43,young_professional,2026-07-24,IKEA,Shopping,87.46,Debit Card,False
43,young_professional,2026-07-24,Zara,Shopping,49.79,Cash,False
43,young_professional,2026-07-26,Steam,Entertainment,18.79,Debit Card,False
43,young_professional,2026-07-27,Walmart,Groceries,63.88,Debit Card,False
43,young_professional,2026-07-27,IKEA,Shopping,54.55,Mobile Wallet,False
43,young_professional,2026-07-27,Cinema,Entertainment,32.97,Mobile Wallet,False
43,young_professional,2026-07-29,Dental Care,Healthcare,16.98,Debit Card,False
43,young_professional,2026-07-30,Hospital,Healthcare,62.12,Credit Card,False
43,young_professional,2026-07-31,Daraz,Shopping,21.3,Cash,False
43,young_professional,2026-07-31,Local Cafe,Dining,15.44,Debit Card,False
43,young_professional,2026-08-01,Hotel Booking,Travel,259.88,Debit Card,False
43,young_professional,2026-08-02,Zara,Shopping,130.96,Cash,False
43,young_professional,2026-08-05,Starbucks,Dining,12.04,Cash,False
43,young_professional,2026-08-05,Local Cafe,Dining,22.52,Credit Card,False
43,young_professional,2026-08-06,Local Cafe,Dining,33.43,Cash,False
43,young_professional,2026-08-06,Spotify,Entertainment,1.75,Credit Card,False
43,young_professional,2026-08-06,IKEA,Shopping,15.3,Cash,False
43,young_professional,2026-08-06,Local Cafe,Dining,18.48,Debit Card,False
43,young_professional,2026-08-07,Local Cafe,Dining,28.11,Mobile Wallet,False
43,young_professional,2026-08-07,Zara,Shopping,40.08,Credit Card,False
43,young_professional,2026-08-08,Metro Card,Transport,8.94,Mobile Wallet,False
43,young_professional,2026-08-08,Metro Card,Transport,13.75,Credit Card,False
43,young_professional,2026-08-08,Electric Co,Utilities,46.31,Mobile Wallet,False
43,young_professional,2026-08-08,Pizza Hut,Dining,10.68,Mobile Wallet,False
43,young_professional,2026-08-09,Landlord Transfer,Rent,499.81,Cash,False
43,young_professional,2026-08-09,Pizza Hut,Dining,26.23,Mobile Wallet,False
43,young_professional,2026-08-11,Pizza Hut,Dining,9.86,Credit Card,False
43,young_professional,2026-08-12,Carrefour,Groceries,41.22,Cash,False
43,young_professional,2026-08-12,McDonalds,Dining,11.22,Mobile Wallet,False
43,young_professional,2026-08-12,Landlord Transfer,Rent,411.14,Debit Card,False
43,young_professional,2026-08-13,Pizza Hut,Dining,20.27,Mobile Wallet,False
43,young_professional,2026-08-14,Local Mart,Groceries,19.99,Debit Card,False
43,young_professional,2026-08-15,Local Cafe,Dining,17.97,Credit Card,False
43,young_professional,2026-08-15,Gas Company,Utilities,37.92,Cash,False
43,young_professional,2026-08-16,Landlord Transfer,Rent,540.64,Cash,False
43,young_professional,2026-08-16,Cinema,Entertainment,23.82,Cash,False
43,young_professional,2026-08-17,Uber,Transport,12.84,Debit Card,False
43,young_professional,2026-08-17,Fresh Foods,Groceries,21.43,Credit Card,False
43,young_professional,2026-08-17,Cinema,Entertainment,26.16,Debit Card,False
43,young_professional,2026-08-18,Pharmacy,Healthcare,70.49,Credit Card,False
43,young_professional,2026-08-18,Starbucks,Dining,5.95,Mobile Wallet,False
43,young_professional,2026-08-19,Carrefour,Groceries,43.82,Mobile Wallet,False
43,young_professional,2026-08-20,Walmart,Groceries,54.35,Mobile Wallet,False
43,young_professional,2026-08-20,IKEA,Shopping,85.86,Cash,False
43,young_professional,2026-08-21,Landlord Transfer,Rent,341.06,Credit Card,False
43,young_professional,2026-08-21,Daraz,Shopping,4.68,Cash,False
43,young_professional,2026-08-21,Pizza Hut,Dining,1.22,Cash,False
43,young_professional,2026-08-22,Uber,Transport,31.88,Debit Card,False
43,young_professional,2026-08-22,Uber,Transport,17.37,Debit Card,False
43,young_professional,2026-08-23,Uber,Transport,19.45,Cash,False
43,young_professional,2026-08-23,IKEA,Shopping,64.17,Cash,False
43,young_professional,2026-08-24,Clinic,Healthcare,1.0,Mobile Wallet,False
43,young_professional,2026-08-24,Landlord Transfer,Rent,498.01,Credit Card,False
43,young_professional,2026-08-24,Pizza Hut,Dining,18.14,Mobile Wallet,False
43,young_professional,2026-08-26,Daraz,Shopping,29.81,Credit Card,False
43,young_professional,2026-08-27,Daraz,Shopping,79.32,Mobile Wallet,False
43,young_professional,2026-08-27,Local Mart,Groceries,49.34,Credit Card,False
43,young_professional,2026-08-29,Walmart,Groceries,34.29,Credit Card,False
43,young_professional,2026-08-29,Starbucks,Dining,9.62,Credit Card,False
43,young_professional,2026-08-30,Cinema,Entertainment,20.24,Mobile Wallet,False
43,young_professional,2026-08-30,Dental Care,Healthcare,1.96,Credit Card,False
43,young_professional,2026-08-30,Local Mart,Groceries,45.36,Debit Card,False
43,young_professional,2026-08-30,Netflix,Entertainment,12.98,Cash,False
43,young_professional,2026-08-30,Fresh Foods,Groceries,54.88,Cash,False
43,young_professional,2026-09-01,Netflix,Entertainment,18.41,Cash,False
44,young_professional,2026-03-07,Fresh Foods,Groceries,65.75,Cash,False
44,young_professional,2026-03-09,IKEA,Shopping,16.35,Mobile Wallet,False
44,young_professional,2026-03-11,Landlord Transfer,Rent,411.99,Mobile Wallet,False
44,young_professional,2026-03-11,Electric Co,Utilities,63.21,Credit Card,False
44,young_professional,2026-03-12,Local Cafe,Dining,24.93,Debit Card,False
44,young_professional,2026-03-13,IKEA,Shopping,89.41,Credit Card,False
44,young_professional,2026-03-14,Pharmacy,Healthcare,61.74,Credit Card,False
44,young_professional,2026-03-14,Daraz,Shopping,75.52,Mobile Wallet,False
44,young_professional,2026-03-15,Pizza Hut,Dining,23.18,Credit Card,False
44,young_professional,2026-03-16,Uber,Transport,13.55,Debit Card,False
44,young_professional,2026-03-16,Cinema,Entertainment,9.12,Cash,False
44,young_professional,2026-03-17,Shell Gas,Transport,10.39,Cash,False
44,young_professional,2026-03-20,Spotify,Entertainment,16.1,Credit Card,False
44,young_professional,2026-03-24,Landlord Transfer,Rent,531.96,Mobile Wallet,False
44,young_professional,2026-03-25,Internet ISP,Utilities,45.54,Cash,False
44,young_professional,2026-03-28,Metro Card,Transport,1.0,Mobile Wallet,False
44,young_professional,2026-03-28,Zara,Shopping,77.84,Debit Card,False
44,young_professional,2026-03-29,Shell Gas,Transport,1.0,Credit Card,False
44,young_professional,2026-03-30,Gas Company,Utilities,74.95,Debit Card,False
44,young_professional,2026-03-30,Daraz,Shopping,121.66,Credit Card,False
44,young_professional,2026-03-30,Shell Gas,Transport,14.11,Cash,False
44,young_professional,2026-03-30,Fresh Foods,Groceries,615.37,Debit Card,True
44,young_professional,2026-04-01,Pizza Hut,Dining,16.31,Mobile Wallet,False
44,young_professional,2026-04-02,Starbucks,Dining,3.58,Debit Card,False
44,young_professional,2026-04-02,Careem,Transport,21.85,Credit Card,False
44,young_professional,2026-04-03,Amazon,Shopping,23.05,Cash,False
44,young_professional,2026-04-04,Starbucks,Dining,22.58,Debit Card,False
44,young_professional,2026-04-05,Pizza Hut,Dining,2.74,Mobile Wallet,False
44,young_professional,2026-04-06,Amazon,Shopping,19.97,Cash,False
44,young_professional,2026-04-07,Steam,Entertainment,23.57,Cash,False
44,young_professional,2026-04-07,Metro Card,Transport,21.03,Mobile Wallet,False
44,young_professional,2026-04-08,Pizza Hut,Dining,5.61,Cash,False
44,young_professional,2026-04-09,Local Mart,Groceries,44.64,Cash,False
44,young_professional,2026-04-09,Daraz,Shopping,125.97,Mobile Wallet,False
44,young_professional,2026-04-12,Landlord Transfer,Rent,573.03,Debit Card,False
44,young_professional,2026-04-13,Walmart,Groceries,26.77,Debit Card,False
44,young_professional,2026-04-14,Landlord Transfer,Rent,613.28,Cash,False
44,young_professional,2026-04-14,Electric Co,Utilities,86.55,Mobile Wallet,False
44,young_professional,2026-04-16,McDonalds,Dining,7.23,Debit Card,False
44,young_professional,2026-04-16,Landlord Transfer,Rent,591.93,Cash,False
44,young_professional,2026-04-17,Shell Gas,Transport,17.65,Debit Card,False
44,young_professional,2026-04-18,Amazon,Shopping,45.5,Debit Card,False
44,young_professional,2026-04-19,Netflix,Entertainment,20.95,Credit Card,False
44,young_professional,2026-04-20,Water Board,Utilities,70.1,Mobile Wallet,False
44,young_professional,2026-04-22,Carrefour,Groceries,16.53,Debit Card,False
44,young_professional,2026-04-23,Airline Co,Travel,165.5,Credit Card,False
44,young_professional,2026-04-24,AirBnB,Travel,109.23,Mobile Wallet,False
44,young_professional,2026-04-25,Daraz,Shopping,81.09,Debit Card,False
44,young_professional,2026-04-25,AirBnB,Travel,159.6,Mobile Wallet,False
44,young_professional,2026-04-28,Hotel Booking,Travel,367.2,Debit Card,False
44,young_professional,2026-04-29,IKEA,Shopping,46.37,Cash,False
44,young_professional,2026-04-30,Starbucks,Dining,17.31,Cash,False
44,young_professional,2026-05-01,Local Mart,Groceries,37.0,Cash,False
44,young_professional,2026-05-02,Shell Gas,Transport,44.18,Cash,True
44,young_professional,2026-05-04,Water Board,Utilities,72.76,Cash,False
44,young_professional,2026-05-05,Carrefour,Groceries,28.78,Cash,False
44,young_professional,2026-05-05,Uber,Transport,208.77,Cash,True
44,young_professional,2026-05-06,Local Cafe,Dining,10.76,Cash,False
44,young_professional,2026-05-08,Walmart,Groceries,34.55,Mobile Wallet,False
44,young_professional,2026-05-13,McDonalds,Dining,2.58,Credit Card,False
44,young_professional,2026-05-13,Zara,Shopping,1.0,Credit Card,False
44,young_professional,2026-05-14,Landlord Transfer,Rent,540.65,Cash,False
44,young_professional,2026-05-15,Zara,Shopping,57.15,Credit Card,False
44,young_professional,2026-05-15,Internet ISP,Utilities,55.22,Mobile Wallet,False
44,young_professional,2026-05-15,IKEA,Shopping,108.58,Cash,False
44,young_professional,2026-05-16,Cinema,Entertainment,14.13,Mobile Wallet,False
44,young_professional,2026-05-17,Spotify,Entertainment,4.63,Cash,False
44,young_professional,2026-05-18,Starbucks,Dining,8.34,Cash,False
44,young_professional,2026-05-18,Starbucks,Dining,30.13,Cash,False
44,young_professional,2026-05-18,Local Cafe,Dining,7.41,Cash,False
44,young_professional,2026-05-20,Airline Co,Travel,329.23,Mobile Wallet,False
44,young_professional,2026-05-23,Walmart,Groceries,33.26,Cash,False
44,young_professional,2026-05-23,Shell Gas,Transport,10.87,Mobile Wallet,False
44,young_professional,2026-05-24,Spotify,Entertainment,28.86,Cash,False
44,young_professional,2026-05-24,Local Mart,Groceries,34.27,Debit Card,False
44,young_professional,2026-05-25,Uber,Transport,14.44,Cash,False
44,young_professional,2026-05-27,Landlord Transfer,Rent,624.36,Mobile Wallet,False
44,young_professional,2026-05-27,McDonalds,Dining,7.59,Debit Card,False
44,young_professional,2026-05-28,Starbucks,Dining,26.39,Credit Card,False
44,young_professional,2026-05-29,Starbucks,Dining,4.51,Mobile Wallet,False
44,young_professional,2026-05-30,Uber,Transport,4.13,Credit Card,False
44,young_professional,2026-05-30,Carrefour,Groceries,28.49,Debit Card,False
44,young_professional,2026-05-31,Starbucks,Dining,9.99,Mobile Wallet,False
44,young_professional,2026-06-02,Amazon,Shopping,60.38,Mobile Wallet,False
44,young_professional,2026-06-03,Daraz,Shopping,49.85,Credit Card,False
44,young_professional,2026-06-04,Shell Gas,Transport,10.11,Debit Card,False
44,young_professional,2026-06-05,Fresh Foods,Groceries,37.17,Mobile Wallet,False
44,young_professional,2026-06-06,Water Board,Utilities,57.73,Credit Card,False
44,young_professional,2026-06-07,Landlord Transfer,Rent,469.14,Mobile Wallet,False
44,young_professional,2026-06-08,Careem,Transport,15.59,Cash,False
44,young_professional,2026-06-09,McDonalds,Dining,24.68,Cash,False
44,young_professional,2026-06-10,Careem,Transport,18.53,Credit Card,False
44,young_professional,2026-06-11,Local Cafe,Dining,17.58,Cash,False
44,young_professional,2026-06-16,Local Cafe,Dining,32.15,Cash,False
44,young_professional,2026-06-17,Starbucks,Dining,19.53,Cash,False
44,young_professional,2026-06-17,Starbucks,Dining,2.77,Mobile Wallet,False
44,young_professional,2026-06-18,Netflix,Entertainment,5.68,Credit Card,False
44,young_professional,2026-06-20,Uber,Transport,4.38,Cash,False
44,young_professional,2026-06-21,Dental Care,Healthcare,23.87,Mobile Wallet,False
44,young_professional,2026-06-23,Spotify,Entertainment,22.3,Cash,False
44,young_professional,2026-06-24,Landlord Transfer,Rent,620.81,Mobile Wallet,False
44,young_professional,2026-06-25,IKEA,Shopping,47.23,Credit Card,False
44,young_professional,2026-06-25,Fresh Foods,Groceries,25.31,Mobile Wallet,False
44,young_professional,2026-06-25,Local Cafe,Dining,25.81,Debit Card,False
44,young_professional,2026-06-27,IKEA,Shopping,35.93,Credit Card,False
44,young_professional,2026-06-28,Internet ISP,Utilities,54.22,Debit Card,False
44,young_professional,2026-06-28,Landlord Transfer,Rent,468.54,Mobile Wallet,False
44,young_professional,2026-06-28,Spotify,Entertainment,24.01,Cash,False
44,young_professional,2026-06-29,Gas Company,Utilities,43.62,Mobile Wallet,False
44,young_professional,2026-06-29,Pizza Hut,Dining,13.31,Cash,False
44,young_professional,2026-07-01,Walmart,Groceries,38.39,Credit Card,False
44,young_professional,2026-07-02,Amazon,Shopping,22.26,Credit Card,False
44,young_professional,2026-07-04,McDonalds,Dining,10.71,Cash,False
44,young_professional,2026-07-05,Steam,Entertainment,30.95,Debit Card,False
44,young_professional,2026-07-06,Uber,Transport,1.0,Debit Card,False
44,young_professional,2026-07-07,Pizza Hut,Dining,8.63,Debit Card,False
44,young_professional,2026-07-10,Electric Co,Utilities,46.6,Credit Card,False
44,young_professional,2026-07-10,Landlord Transfer,Rent,299.15,Cash,False
44,young_professional,2026-07-10,Shell Gas,Transport,10.03,Debit Card,False
44,young_professional,2026-07-11,Pizza Hut,Dining,3.5,Mobile Wallet,False
44,young_professional,2026-07-12,Internet ISP,Utilities,95.47,Cash,False
44,young_professional,2026-07-13,IKEA,Shopping,91.3,Cash,False
44,young_professional,2026-07-15,Gas Company,Utilities,69.97,Debit Card,False
44,young_professional,2026-07-16,Pizza Hut,Dining,11.02,Mobile Wallet,False
44,young_professional,2026-07-18,Local Mart,Groceries,50.62,Cash,False
44,young_professional,2026-07-19,Careem,Transport,14.01,Credit Card,False
44,young_professional,2026-07-19,Walmart,Groceries,191.25,Credit Card,True
44,young_professional,2026-07-19,Local Cafe,Dining,33.53,Mobile Wallet,False
44,young_professional,2026-07-20,Uber,Transport,14.57,Debit Card,False
44,young_professional,2026-07-20,Shell Gas,Transport,2.81,Debit Card,False
44,young_professional,2026-07-20,Gas Company,Utilities,67.8,Credit Card,False
44,young_professional,2026-07-21,Local Cafe,Dining,5.79,Credit Card,False
44,young_professional,2026-07-22,Local Mart,Groceries,36.89,Cash,False
44,young_professional,2026-07-23,Landlord Transfer,Rent,482.2,Cash,False
44,young_professional,2026-07-24,McDonalds,Dining,26.39,Cash,False
44,young_professional,2026-07-24,Carrefour,Groceries,27.55,Mobile Wallet,False
44,young_professional,2026-07-25,Landlord Transfer,Rent,524.72,Debit Card,False
44,young_professional,2026-07-25,Metro Card,Transport,5.02,Credit Card,False
44,young_professional,2026-07-27,Pharmacy,Healthcare,75.19,Debit Card,False
44,young_professional,2026-07-27,Water Board,Utilities,67.46,Credit Card,False
44,young_professional,2026-07-28,Careem,Transport,13.93,Cash,False
44,young_professional,2026-07-28,Fresh Foods,Groceries,50.6,Credit Card,False
44,young_professional,2026-07-29,Walmart,Groceries,50.03,Debit Card,False
44,young_professional,2026-07-29,Landlord Transfer,Rent,521.13,Credit Card,False
44,young_professional,2026-07-30,Landlord Transfer,Rent,405.55,Cash,False
44,young_professional,2026-07-30,Uber,Transport,15.8,Credit Card,False
44,young_professional,2026-07-30,Daraz,Shopping,48.82,Credit Card,False
44,young_professional,2026-07-30,Local Cafe,Dining,18.08,Mobile Wallet,False
44,young_professional,2026-07-31,Amazon,Shopping,11.09,Cash,False
44,young_professional,2026-07-31,Shell Gas,Transport,12.05,Debit Card,False
44,young_professional,2026-08-01,Local Cafe,Dining,13.44,Mobile Wallet,False
44,young_professional,2026-08-02,Daraz,Shopping,6.45,Debit Card,False
44,young_professional,2026-08-02,Local Mart,Groceries,60.66,Credit Card,False
44,young_professional,2026-08-02,Shell Gas,Transport,23.72,Credit Card,False
44,young_professional,2026-08-02,Steam,Entertainment,14.16,Credit Card,False
44,young_professional,2026-08-02,Cinema,Entertainment,27.16,Debit Card,False
44,young_professional,2026-08-03,Landlord Transfer,Rent,556.35,Mobile Wallet,False
44,young_professional,2026-08-05,Netflix,Entertainment,14.83,Credit Card,False
44,young_professional,2026-08-05,Amazon,Shopping,19.1,Debit Card,False
44,young_professional,2026-08-06,McDonalds,Dining,11.53,Credit Card,False
44,young_professional,2026-08-06,Careem,Transport,27.24,Debit Card,False
44,young_professional,2026-08-07,Steam,Entertainment,24.15,Cash,False
44,young_professional,2026-08-07,Carrefour,Groceries,40.82,Cash,False
44,young_professional,2026-08-08,Internet ISP,Utilities,62.58,Credit Card,False
44,young_professional,2026-08-08,Daraz,Shopping,15.08,Mobile Wallet,False
44,young_professional,2026-08-08,Uber,Transport,11.59,Credit Card,False
44,young_professional,2026-08-09,Zara,Shopping,29.33,Credit Card,False
44,young_professional,2026-08-09,Walmart,Groceries,22.29,Credit Card,False
44,young_professional,2026-08-09,Internet ISP,Utilities,58.18,Cash,False
44,young_professional,2026-08-10,Amazon,Shopping,38.08,Debit Card,False
44,young_professional,2026-08-10,Zara,Shopping,103.52,Debit Card,False
44,young_professional,2026-08-11,Metro Card,Transport,1.0,Debit Card,False
44,young_professional,2026-08-13,Steam,Entertainment,10.12,Credit Card,False
44,young_professional,2026-08-13,Landlord Transfer,Rent,396.89,Mobile Wallet,False
44,young_professional,2026-08-14,Careem,Transport,12.41,Mobile Wallet,False
44,young_professional,2026-08-14,Fresh Foods,Groceries,35.99,Debit Card,False
44,young_professional,2026-08-14,IKEA,Shopping,62.45,Credit Card,False
44,young_professional,2026-08-15,Daraz,Shopping,27.43,Cash,False
44,young_professional,2026-08-15,Local Cafe,Dining,8.64,Debit Card,False
44,young_professional,2026-08-15,Careem,Transport,20.38,Cash,False
44,young_professional,2026-08-15,Starbucks,Dining,26.75,Credit Card,False
44,young_professional,2026-08-16,Pharmacy,Healthcare,26.98,Cash,False
44,young_professional,2026-08-16,Local Mart,Groceries,48.55,Mobile Wallet,False
44,young_professional,2026-08-16,Netflix,Entertainment,11.3,Cash,False
44,young_professional,2026-08-17,Shell Gas,Transport,3.04,Mobile Wallet,False
44,young_professional,2026-08-18,Careem,Transport,5.51,Credit Card,False
44,young_professional,2026-08-18,Hospital,Healthcare,74.3,Mobile Wallet,False
44,young_professional,2026-08-19,Steam,Entertainment,24.89,Debit Card,False
44,young_professional,2026-08-20,Metro Card,Transport,1.9,Debit Card,False
44,young_professional,2026-08-21,Cinema,Entertainment,13.91,Cash,False
44,young_professional,2026-08-22,Amazon,Shopping,47.48,Credit Card,False
44,young_professional,2026-08-23,Local Cafe,Dining,9.89,Cash,False
44,young_professional,2026-08-23,Carrefour,Groceries,14.33,Mobile Wallet,False
44,young_professional,2026-08-24,Netflix,Entertainment,1.0,Debit Card,False
44,young_professional,2026-08-25,Carrefour,Groceries,26.88,Mobile Wallet,False
44,young_professional,2026-08-25,Local Cafe,Dining,31.26,Debit Card,False
44,young_professional,2026-08-26,Local Cafe,Dining,1.0,Credit Card,False
44,young_professional,2026-08-30,Carrefour,Groceries,45.83,Mobile Wallet,False
44,young_professional,2026-08-30,Steam,Entertainment,1.0,Mobile Wallet,False
44,young_professional,2026-08-30,McDonalds,Dining,3.15,Cash,False
44,young_professional,2026-09-01,Carrefour,Groceries,45.07,Cash,False
45,young_professional,2026-03-05,Walmart,Groceries,43.38,Mobile Wallet,False
45,young_professional,2026-03-06,Cinema,Entertainment,7.86,Cash,False
45,young_professional,2026-03-06,McDonalds,Dining,23.24,Mobile Wallet,False
45,young_professional,2026-03-06,Electric Co,Utilities,38.18,Credit Card,False
45,young_professional,2026-03-08,Amazon,Shopping,55.47,Mobile Wallet,False
45,young_professional,2026-03-10,Internet ISP,Utilities,61.04,Debit Card,False
45,young_professional,2026-03-11,Pizza Hut,Dining,33.34,Cash,False
45,young_professional,2026-03-11,Local Cafe,Dining,7.0,Cash,False
45,young_professional,2026-03-11,Walmart,Groceries,10.41,Cash,False
45,young_professional,2026-03-11,Uber,Transport,15.24,Credit Card,False
45,young_professional,2026-03-12,Carrefour,Groceries,62.78,Credit Card,False
45,young_professional,2026-03-12,Daraz,Shopping,32.8,Mobile Wallet,False
45,young_professional,2026-03-13,Carrefour,Groceries,28.68,Credit Card,False
45,young_professional,2026-03-13,Pizza Hut,Dining,7.7,Debit Card,False
45,young_professional,2026-03-14,IKEA,Shopping,31.08,Mobile Wallet,False
45,young_professional,2026-03-14,Landlord Transfer,Rent,549.48,Mobile Wallet,False
45,young_professional,2026-03-15,Carrefour,Groceries,32.21,Credit Card,False
45,young_professional,2026-03-15,Landlord Transfer,Rent,494.67,Cash,False
45,young_professional,2026-03-16,Zara,Shopping,62.45,Mobile Wallet,False
45,young_professional,2026-03-17,Electric Co,Utilities,52.59,Debit Card,False
45,young_professional,2026-03-17,Internet ISP,Utilities,51.57,Debit Card,False
45,young_professional,2026-03-17,Amazon,Shopping,135.99,Mobile Wallet,False
45,young_professional,2026-03-21,Landlord Transfer,Rent,615.56,Mobile Wallet,False
45,young_professional,2026-03-21,Metro Card,Transport,13.38,Mobile Wallet,False
45,young_professional,2026-03-24,Cinema,Entertainment,27.49,Credit Card,False
45,young_professional,2026-03-25,Daraz,Shopping,59.07,Debit Card,False
45,young_professional,2026-03-25,Local Mart,Groceries,18.42,Mobile Wallet,False
45,young_professional,2026-03-25,Zara,Shopping,123.63,Cash,False
45,young_professional,2026-03-26,Cinema,Entertainment,8.41,Credit Card,False
45,young_professional,2026-03-27,Carrefour,Groceries,35.88,Cash,False
45,young_professional,2026-03-27,Metro Card,Transport,127.94,Mobile Wallet,True
45,young_professional,2026-03-28,Uber,Transport,3.71,Mobile Wallet,False
45,young_professional,2026-03-29,Shell Gas,Transport,7.02,Debit Card,False
45,young_professional,2026-03-29,Uber,Transport,5.32,Mobile Wallet,False
45,young_professional,2026-03-30,Uber,Transport,7.27,Credit Card,False
45,young_professional,2026-03-30,Gas Company,Utilities,74.24,Cash,False
45,young_professional,2026-03-31,Walmart,Groceries,25.5,Debit Card,False
45,young_professional,2026-03-31,Landlord Transfer,Rent,569.79,Debit Card,False
45,young_professional,2026-04-01,McDonalds,Dining,23.31,Mobile Wallet,False
45,young_professional,2026-04-02,Landlord Transfer,Rent,555.82,Mobile Wallet,False
45,young_professional,2026-04-02,Landlord Transfer,Rent,538.4,Cash,False
45,young_professional,2026-04-02,Spotify,Entertainment,17.06,Debit Card,False
45,young_professional,2026-04-04,Carrefour,Groceries,34.9,Mobile Wallet,False
45,young_professional,2026-04-05,Local Mart,Groceries,51.54,Mobile Wallet,False
45,young_professional,2026-04-06,Landlord Transfer,Rent,354.27,Credit Card,False
45,young_professional,2026-04-07,Local Mart,Groceries,62.21,Credit Card,False
45,young_professional,2026-04-08,Landlord Transfer,Rent,488.93,Credit Card,False
45,young_professional,2026-04-08,McDonalds,Dining,11.14,Credit Card,False
45,young_professional,2026-04-08,Landlord Transfer,Rent,681.48,Debit Card,False
45,young_professional,2026-04-09,Fresh Foods,Groceries,54.75,Credit Card,False
45,young_professional,2026-04-09,Spotify,Entertainment,11.89,Debit Card,False
45,young_professional,2026-04-10,Local Cafe,Dining,20.97,Debit Card,False
45,young_professional,2026-04-11,Cinema,Entertainment,1.0,Cash,False
45,young_professional,2026-04-12,Landlord Transfer,Rent,376.53,Credit Card,False
45,young_professional,2026-04-13,Pizza Hut,Dining,13.43,Credit Card,False
45,young_professional,2026-04-16,Daraz,Shopping,64.74,Debit Card,False
45,young_professional,2026-04-17,Netflix,Entertainment,13.9,Credit Card,False
45,young_professional,2026-04-18,Shell Gas,Transport,18.02,Mobile Wallet,False
45,young_professional,2026-04-19,Fresh Foods,Groceries,51.25,Debit Card,False
45,young_professional,2026-04-21,Amazon,Shopping,85.75,Cash,False
45,young_professional,2026-04-21,Shell Gas,Transport,12.0,Credit Card,False
45,young_professional,2026-04-21,Walmart,Groceries,28.16,Credit Card,False
45,young_professional,2026-04-22,Gas Company,Utilities,66.36,Cash,False
45,young_professional,2026-04-22,Landlord Transfer,Rent,594.82,Debit Card,False
45,young_professional,2026-04-23,Starbucks,Dining,16.48,Cash,False
45,young_professional,2026-04-24,Shell Gas,Transport,11.42,Debit Card,False
45,young_professional,2026-04-25,McDonalds,Dining,1.0,Credit Card,False
45,young_professional,2026-04-25,Fresh Foods,Groceries,16.61,Cash,False
45,young_professional,2026-04-25,McDonalds,Dining,14.93,Debit Card,False
45,young_professional,2026-04-26,Daraz,Shopping,41.98,Cash,False
45,young_professional,2026-04-26,Fresh Foods,Groceries,48.25,Credit Card,False
45,young_professional,2026-04-27,Steam,Entertainment,28.77,Debit Card,False
45,young_professional,2026-04-27,Local Cafe,Dining,32.39,Cash,False
45,young_professional,2026-04-28,Fresh Foods,Groceries,32.77,Debit Card,False
45,young_professional,2026-04-28,Carrefour,Groceries,61.48,Debit Card,False
45,young_professional,2026-04-29,Cinema,Entertainment,7.46,Credit Card,False
45,young_professional,2026-04-30,Fresh Foods,Groceries,22.13,Cash,False
45,young_professional,2026-05-01,Carrefour,Groceries,18.17,Debit Card,False
45,young_professional,2026-05-02,Internet ISP,Utilities,62.77,Credit Card,False
45,young_professional,2026-05-04,Local Mart,Groceries,68.64,Debit Card,False
45,young_professional,2026-05-04,Carrefour,Groceries,44.6,Mobile Wallet,False
45,young_professional,2026-05-05,Uber,Transport,7.84,Credit Card,False
45,young_professional,2026-05-05,Netflix,Entertainment,30.72,Credit Card,False
45,young_professional,2026-05-06,Starbucks,Dining,23.53,Cash,False
45,young_professional,2026-05-06,Fresh Foods,Groceries,43.46,Mobile Wallet,False
45,young_professional,2026-05-08,Amazon,Shopping,54.0,Mobile Wallet,False
45,young_professional,2026-05-09,Water Board,Utilities,75.2,Credit Card,False
45,young_professional,2026-05-10,Dental Care,Healthcare,47.03,Credit Card,False
45,young_professional,2026-05-10,Starbucks,Dining,8.24,Mobile Wallet,False
45,young_professional,2026-05-14,Metro Card,Transport,1.51,Debit Card,False
45,young_professional,2026-05-15,Netflix,Entertainment,31.91,Debit Card,False
45,young_professional,2026-05-15,Netflix,Entertainment,11.47,Credit Card,False
45,young_professional,2026-05-16,Zara,Shopping,10.4,Debit Card,False
45,young_professional,2026-05-16,IKEA,Shopping,44.92,Mobile Wallet,False
45,young_professional,2026-05-16,AirBnB,Travel,184.0,Debit Card,False
45,young_professional,2026-05-16,McDonalds,Dining,16.27,Cash,False
45,young_professional,2026-05-16,Landlord Transfer,Rent,556.11,Mobile Wallet,False
45,young_professional,2026-05-17,Netflix,Entertainment,1.0,Credit Card,False
45,young_professional,2026-05-17,Shell Gas,Transport,15.0,Mobile Wallet,False
45,young_professional,2026-05-17,Fresh Foods,Groceries,22.61,Cash,False
45,young_professional,2026-05-20,Amazon,Shopping,41.25,Credit Card,False
45,young_professional,2026-05-21,Amazon,Shopping,159.98,Mobile Wallet,False
45,young_professional,2026-05-23,Water Board,Utilities,57.82,Debit Card,False
45,young_professional,2026-05-23,Pizza Hut,Dining,39.01,Credit Card,False
45,young_professional,2026-05-24,McDonalds,Dining,16.55,Mobile Wallet,False
45,young_professional,2026-05-25,Carrefour,Groceries,19.93,Mobile Wallet,False
45,young_professional,2026-05-25,Landlord Transfer,Rent,616.38,Debit Card,False
45,young_professional,2026-05-25,Amazon,Shopping,1.0,Mobile Wallet,False
45,young_professional,2026-05-26,Careem,Transport,14.44,Debit Card,False
45,young_professional,2026-05-26,Netflix,Entertainment,3.6,Credit Card,False
45,young_professional,2026-05-27,Clinic,Healthcare,69.6,Mobile Wallet,False
45,young_professional,2026-05-29,Electric Co,Utilities,58.52,Mobile Wallet,False
45,young_professional,2026-05-30,McDonalds,Dining,20.48,Mobile Wallet,False
45,young_professional,2026-05-30,Steam,Entertainment,31.96,Debit Card,False
45,young_professional,2026-05-31,Starbucks,Dining,17.59,Credit Card,False
45,young_professional,2026-06-01,Airline Co,Travel,55.04,Cash,False
45,young_professional,2026-06-02,Internet ISP,Utilities,74.11,Cash,False
45,young_professional,2026-06-02,IKEA,Shopping,80.63,Credit Card,False
45,young_professional,2026-06-02,IKEA,Shopping,46.1,Credit Card,False
45,young_professional,2026-06-02,Water Board,Utilities,81.36,Credit Card,False
45,young_professional,2026-06-03,IKEA,Shopping,33.14,Credit Card,False
45,young_professional,2026-06-03,Metro Card,Transport,14.37,Cash,False
45,young_professional,2026-06-04,Shell Gas,Transport,10.93,Debit Card,False
45,young_professional,2026-06-05,Metro Card,Transport,15.12,Credit Card,False
45,young_professional,2026-06-06,Water Board,Utilities,63.66,Debit Card,False
45,young_professional,2026-06-08,Internet ISP,Utilities,69.12,Cash,False
45,young_professional,2026-06-09,Starbucks,Dining,12.05,Debit Card,False
45,young_professional,2026-06-09,Local Mart,Groceries,41.48,Debit Card,False
45,young_professional,2026-06-10,McDonalds,Dining,1.91,Mobile Wallet,False
45,young_professional,2026-06-11,Uber,Transport,5.75,Debit Card,False
45,young_professional,2026-06-12,Pizza Hut,Dining,27.89,Debit Card,False
45,young_professional,2026-06-12,Careem,Transport,17.89,Cash,False
45,young_professional,2026-06-13,Walmart,Groceries,62.37,Debit Card,False
45,young_professional,2026-06-13,Uber,Transport,21.79,Cash,False
45,young_professional,2026-06-13,Cinema,Entertainment,14.47,Mobile Wallet,False
45,young_professional,2026-06-14,Fresh Foods,Groceries,42.56,Debit Card,False
45,young_professional,2026-06-15,Local Cafe,Dining,17.3,Credit Card,False
45,young_professional,2026-06-15,Careem,Transport,10.18,Debit Card,False
45,young_professional,2026-06-16,Local Cafe,Dining,24.5,Cash,False
45,young_professional,2026-06-17,Landlord Transfer,Rent,528.37,Credit Card,False
45,young_professional,2026-06-20,Starbucks,Dining,26.25,Debit Card,False
45,young_professional,2026-06-20,IKEA,Shopping,62.19,Mobile Wallet,False
45,young_professional,2026-06-20,McDonalds,Dining,11.26,Mobile Wallet,False
45,young_professional,2026-06-22,Cinema,Entertainment,6.78,Credit Card,False
45,young_professional,2026-06-22,Spotify,Entertainment,12.32,Cash,False
45,young_professional,2026-06-24,Cinema,Entertainment,34.14,Cash,False
45,young_professional,2026-06-24,Internet ISP,Utilities,64.15,Credit Card,False
45,young_professional,2026-06-25,Gas Company,Utilities,28.7,Credit Card,False
45,young_professional,2026-06-26,Water Board,Utilities,48.38,Credit Card,False
45,young_professional,2026-06-26,Walmart,Groceries,55.61,Credit Card,False
45,young_professional,2026-06-26,Shell Gas,Transport,11.15,Credit Card,False
45,young_professional,2026-06-27,Starbucks,Dining,8.88,Mobile Wallet,False
45,young_professional,2026-06-29,Metro Card,Transport,1.0,Cash,False
45,young_professional,2026-06-30,Fresh Foods,Groceries,45.51,Cash,False
45,young_professional,2026-06-30,Fresh Foods,Groceries,42.89,Mobile Wallet,False
45,young_professional,2026-07-01,Steam,Entertainment,22.43,Debit Card,False
45,young_professional,2026-07-01,Starbucks,Dining,7.39,Mobile Wallet,False
45,young_professional,2026-07-01,Steam,Entertainment,19.47,Credit Card,False
45,young_professional,2026-07-05,Netflix,Entertainment,29.59,Cash,False
45,young_professional,2026-07-06,Local Mart,Groceries,56.2,Mobile Wallet,False
45,young_professional,2026-07-08,Cinema,Entertainment,12.44,Credit Card,False
45,young_professional,2026-07-08,Daraz,Shopping,81.66,Mobile Wallet,False
45,young_professional,2026-07-09,Electric Co,Utilities,753.66,Credit Card,True
45,young_professional,2026-07-09,Walmart,Groceries,56.92,Mobile Wallet,False
45,young_professional,2026-07-10,Pizza Hut,Dining,10.76,Debit Card,False
45,young_professional,2026-07-11,Uber,Transport,6.52,Mobile Wallet,False
45,young_professional,2026-07-13,Pizza Hut,Dining,21.62,Credit Card,False
45,young_professional,2026-07-13,Netflix,Entertainment,18.64,Mobile Wallet,False
45,young_professional,2026-07-14,Spotify,Entertainment,14.76,Mobile Wallet,False
45,young_professional,2026-07-15,Landlord Transfer,Rent,449.39,Debit Card,False
45,young_professional,2026-07-15,Shell Gas,Transport,22.26,Debit Card,False
45,young_professional,2026-07-16,Shell Gas,Transport,10.45,Cash,False
45,young_professional,2026-07-16,Steam,Entertainment,7.75,Cash,False
45,young_professional,2026-07-18,IKEA,Shopping,83.9,Credit Card,False
45,young_professional,2026-07-18,Daraz,Shopping,1.0,Credit Card,False
45,young_professional,2026-07-18,Daraz,Shopping,112.7,Mobile Wallet,False
45,young_professional,2026-07-18,Zara,Shopping,32.91,Cash,False
45,young_professional,2026-07-20,Metro Card,Transport,15.62,Debit Card,False
45,young_professional,2026-07-20,Careem,Transport,2.97,Credit Card,False
45,young_professional,2026-07-20,Starbucks,Dining,8.16,Credit Card,False
45,young_professional,2026-07-21,Starbucks,Dining,29.01,Debit Card,False
45,young_professional,2026-07-22,Gas Company,Utilities,31.99,Debit Card,False
45,young_professional,2026-07-22,Walmart,Groceries,39.81,Cash,False
45,young_professional,2026-07-23,Hospital,Healthcare,54.63,Credit Card,False
45,young_professional,2026-07-23,Daraz,Shopping,65.47,Debit Card,False
45,young_professional,2026-07-23,Walmart,Groceries,23.72,Credit Card,False
45,young_professional,2026-07-25,Uber,Transport,23.1,Credit Card,False
45,young_professional,2026-07-26,Gas Company,Utilities,102.99,Debit Card,False
45,young_professional,2026-07-27,Pizza Hut,Dining,2.91,Mobile Wallet,False
45,young_professional,2026-07-27,Local Cafe,Dining,3.12,Debit Card,False
45,young_professional,2026-07-28,Landlord Transfer,Rent,694.24,Credit Card,False
45,young_professional,2026-07-29,Walmart,Groceries,26.7,Credit Card,False
45,young_professional,2026-07-29,Uber,Transport,2.61,Cash,False
45,young_professional,2026-07-30,Landlord Transfer,Rent,733.7,Mobile Wallet,False
45,young_professional,2026-07-31,Landlord Transfer,Rent,530.2,Credit Card,False
45,young_professional,2026-08-01,Netflix,Entertainment,20.38,Mobile Wallet,False
45,young_professional,2026-08-01,Starbucks,Dining,8.49,Debit Card,False
45,young_professional,2026-08-01,Starbucks,Dining,20.25,Mobile Wallet,False
45,young_professional,2026-08-02,Landlord Transfer,Rent,692.59,Mobile Wallet,False
45,young_professional,2026-08-03,Fresh Foods,Groceries,7.39,Credit Card,False
45,young_professional,2026-08-06,Gas Company,Utilities,59.21,Credit Card,False
45,young_professional,2026-08-07,Zara,Shopping,106.12,Cash,False
45,young_professional,2026-08-08,Landlord Transfer,Rent,587.87,Mobile Wallet,False
45,young_professional,2026-08-10,Metro Card,Transport,3.93,Cash,False
45,young_professional,2026-08-12,Steam,Entertainment,23.41,Debit Card,False
45,young_professional,2026-08-13,Walmart,Groceries,58.49,Credit Card,False
45,young_professional,2026-08-14,Uber,Transport,12.95,Cash,False
45,young_professional,2026-08-14,Starbucks,Dining,17.99,Debit Card,False
45,young_professional,2026-08-16,Dental Care,Healthcare,35.25,Credit Card,False
45,young_professional,2026-08-17,Walmart,Groceries,55.22,Debit Card,False
45,young_professional,2026-08-18,Metro Card,Transport,14.27,Credit Card,False
45,young_professional,2026-08-19,Amazon,Shopping,38.09,Credit Card,False
45,young_professional,2026-08-19,Pizza Hut,Dining,2.81,Credit Card,False
45,young_professional,2026-08-20,Pizza Hut,Dining,12.59,Cash,False
45,young_professional,2026-08-20,Local Mart,Groceries,63.61,Debit Card,False
45,young_professional,2026-08-20,Shell Gas,Transport,26.7,Debit Card,False
45,young_professional,2026-08-22,Electric Co,Utilities,46.06,Debit Card,False
45,young_professional,2026-08-23,Cinema,Entertainment,34.61,Credit Card,False
45,young_professional,2026-08-24,Amazon,Shopping,78.32,Cash,False
45,young_professional,2026-08-25,Starbucks,Dining,21.41,Cash,False
45,young_professional,2026-08-26,Daraz,Shopping,87.19,Cash,False
45,young_professional,2026-08-27,Fresh Foods,Groceries,39.43,Mobile Wallet,False
45,young_professional,2026-08-27,McDonalds,Dining,33.72,Mobile Wallet,False
45,young_professional,2026-08-28,Cinema,Entertainment,22.16,Mobile Wallet,False
45,young_professional,2026-08-28,Internet ISP,Utilities,49.56,Cash,False
45,young_professional,2026-08-30,Pizza Hut,Dining,24.76,Mobile Wallet,False
45,young_professional,2026-08-31,Hotel Booking,Travel,87.34,Mobile Wallet,False
45,young_professional,2026-09-01,Airline Co,Travel,83.79,Credit Card,False
45,young_professional,2026-09-01,Airline Co,Travel,223.45,Credit Card,False
45,young_professional,2026-09-01,Water Board,Utilities,78.82,Cash,False
46,student,2026-03-05,Spotify,Entertainment,15.36,Credit Card,False
46,student,2026-03-05,Coursera,Education,37.18,Debit Card,False
46,student,2026-03-06,Spotify,Entertainment,23.45,Mobile Wallet,False
46,student,2026-03-07,Hospital,Healthcare,1.0,Credit Card,False
46,student,2026-03-09,Careem,Transport,9.17,Mobile Wallet,False
46,student,2026-03-09,Water Board,Utilities,6.53,Credit Card,False
46,student,2026-03-11,Pizza Hut,Dining,20.91,Credit Card,False
46,student,2026-03-11,Fresh Foods,Groceries,21.99,Cash,False
46,student,2026-03-12,Zara,Shopping,99.98,Debit Card,False
46,student,2026-03-13,Steam,Entertainment,9.13,Debit Card,False
46,student,2026-03-13,Pizza Hut,Dining,19.1,Debit Card,False
46,student,2026-03-14,Local Cafe,Dining,32.52,Cash,False
46,student,2026-03-14,Starbucks,Dining,1.72,Debit Card,False
46,student,2026-03-14,Pizza Hut,Dining,18.98,Mobile Wallet,False
46,student,2026-03-18,Walmart,Groceries,13.32,Credit Card,False
46,student,2026-03-20,Hospital,Healthcare,36.81,Credit Card,False
46,student,2026-03-21,Starbucks,Dining,19.81,Credit Card,False
46,student,2026-03-21,Starbucks,Dining,2.66,Cash,False
46,student,2026-03-22,Netflix,Entertainment,19.34,Credit Card,False
46,student,2026-03-22,Tuition Center,Education,55.24,Credit Card,False
46,student,2026-03-23,Starbucks,Dining,25.6,Cash,False
46,student,2026-03-25,Local Mart,Groceries,58.61,Credit Card,False
46,student,2026-03-25,Local Mart,Groceries,24.16,Mobile Wallet,False
46,student,2026-03-28,Netflix,Entertainment,23.07,Credit Card,False
46,student,2026-03-29,McDonalds,Dining,5.78,Mobile Wallet,False
46,student,2026-03-30,Carrefour,Groceries,35.95,Debit Card,False
46,student,2026-03-31,Amazon,Shopping,66.96,Cash,False
46,student,2026-04-01,Steam,Entertainment,7.15,Mobile Wallet,False
46,student,2026-04-01,Udemy,Education,26.14,Credit Card,False
46,student,2026-04-02,Uber,Transport,16.48,Debit Card,False
46,student,2026-04-03,Spotify,Entertainment,12.33,Debit Card,False
46,student,2026-04-03,Fresh Foods,Groceries,47.54,Credit Card,False
46,student,2026-04-03,Netflix,Entertainment,1.0,Credit Card,False
46,student,2026-04-05,Careem,Transport,1.0,Debit Card,False
46,student,2026-04-06,Carrefour,Groceries,37.97,Mobile Wallet,False
46,student,2026-04-07,Udemy,Education,1.0,Cash,False
46,student,2026-04-07,McDonalds,Dining,16.92,Debit Card,False
46,student,2026-04-08,Uber,Transport,16.79,Cash,False
46,student,2026-04-08,Shell Gas,Transport,6.32,Credit Card,False
46,student,2026-04-09,Steam,Entertainment,18.22,Mobile Wallet,False
46,student,2026-04-10,Local Cafe,Dining,20.6,Cash,False
46,student,2026-04-10,Carrefour,Groceries,38.56,Cash,False
46,student,2026-04-10,Pizza Hut,Dining,17.28,Mobile Wallet,False
46,student,2026-04-11,Walmart,Groceries,50.13,Cash,False
46,student,2026-04-13,Carrefour,Groceries,31.06,Debit Card,False
46,student,2026-04-16,Fresh Foods,Groceries,37.75,Mobile Wallet,False
46,student,2026-04-17,Starbucks,Dining,28.16,Cash,False
46,student,2026-04-18,Fresh Foods,Groceries,18.11,Credit Card,False
46,student,2026-04-18,McDonalds,Dining,14.5,Credit Card,False
46,student,2026-04-19,Shell Gas,Transport,7.55,Debit Card,False
46,student,2026-04-19,Walmart,Groceries,38.8,Cash,False
46,student,2026-04-22,Metro Card,Transport,17.97,Debit Card,False
46,student,2026-04-22,Zara,Shopping,169.08,Mobile Wallet,False
46,student,2026-04-22,Spotify,Entertainment,18.07,Cash,False
46,student,2026-04-23,Coursera,Education,23.31,Cash,False
46,student,2026-04-25,Fresh Foods,Groceries,39.18,Credit Card,False
46,student,2026-04-26,Fresh Foods,Groceries,40.75,Mobile Wallet,False
46,student,2026-04-26,Carrefour,Groceries,43.01,Debit Card,False
46,student,2026-04-27,Shell Gas,Transport,5.34,Credit Card,False
46,student,2026-04-28,Starbucks,Dining,1.93,Mobile Wallet,False
46,student,2026-04-29,Spotify,Entertainment,15.34,Mobile Wallet,False
46,student,2026-04-30,Fresh Foods,Groceries,38.21,Credit Card,False
46,student,2026-04-30,Local Cafe,Dining,458.89,Mobile Wallet,True
46,student,2026-05-01,Pizza Hut,Dining,2.59,Mobile Wallet,False
46,student,2026-05-02,Careem,Transport,18.9,Debit Card,False
46,student,2026-05-03,Shell Gas,Transport,1.0,Credit Card,False
46,student,2026-05-04,Fresh Foods,Groceries,23.76,Mobile Wallet,False
46,student,2026-05-04,Fresh Foods,Groceries,40.66,Cash,False
46,student,2026-05-04,Local Mart,Groceries,41.59,Mobile Wallet,False
46,student,2026-05-06,Steam,Entertainment,30.94,Credit Card,False
46,student,2026-05-08,Spotify,Entertainment,27.88,Credit Card,False
46,student,2026-05-09,Carrefour,Groceries,36.4,Cash,False
46,student,2026-05-09,Amazon,Shopping,108.33,Credit Card,False
46,student,2026-05-09,Dental Care,Healthcare,91.37,Credit Card,False
46,student,2026-05-10,Shell Gas,Transport,9.1,Mobile Wallet,False
46,student,2026-05-10,Cinema,Entertainment,12.98,Debit Card,False
46,student,2026-05-11,Spotify,Entertainment,4.81,Debit Card,False
46,student,2026-05-11,Local Mart,Groceries,34.55,Cash,False
46,student,2026-05-12,Spotify,Entertainment,18.51,Cash,False
46,student,2026-05-16,McDonalds,Dining,35.95,Cash,False
46,student,2026-05-16,Steam,Entertainment,28.97,Mobile Wallet,False
46,student,2026-05-16,Carrefour,Groceries,48.98,Credit Card,False
46,student,2026-05-16,Starbucks,Dining,14.71,Credit Card,False
46,student,2026-05-16,Pizza Hut,Dining,2.19,Mobile Wallet,False
46,student,2026-05-16,Cinema,Entertainment,8.58,Cash,False
46,student,2026-05-16,Coursera,Education,34.82,Cash,False
46,student,2026-05-16,Cinema,Entertainment,18.9,Debit Card,False
46,student,2026-05-17,Walmart,Groceries,35.63,Mobile Wallet,False
46,student,2026-05-19,Zara,Shopping,64.27,Cash,False
46,student,2026-05-20,Uber,Transport,15.6,Credit Card,False
46,student,2026-05-20,Netflix,Entertainment,12.25,Mobile Wallet,False
46,student,2026-05-20,Careem,Transport,13.52,Credit Card,False
46,student,2026-05-22,Carrefour,Groceries,29.24,Mobile Wallet,False
46,student,2026-05-22,Spotify,Entertainment,17.6,Credit Card,False
46,student,2026-05-22,Fresh Foods,Groceries,50.1,Debit Card,False
46,student,2026-05-23,Local Mart,Groceries,45.14,Debit Card,False
46,student,2026-05-23,Local Mart,Groceries,16.26,Cash,False
46,student,2026-05-24,Carrefour,Groceries,39.54,Credit Card,False
46,student,2026-05-25,Cinema,Entertainment,1.72,Mobile Wallet,False
46,student,2026-05-25,McDonalds,Dining,7.07,Mobile Wallet,False
46,student,2026-05-25,Steam,Entertainment,21.42,Cash,False
46,student,2026-05-26,McDonalds,Dining,27.68,Cash,False
46,student,2026-05-26,Netflix,Entertainment,11.89,Credit Card,False
46,student,2026-05-26,Netflix,Entertainment,9.23,Debit Card,False
46,student,2026-05-26,McDonalds,Dining,27.16,Debit Card,False
46,student,2026-05-28,Cinema,Entertainment,12.91,Cash,False
46,student,2026-05-28,Carrefour,Groceries,38.52,Cash,False
46,student,2026-05-28,Udemy,Education,52.77,Debit Card,False
46,student,2026-05-30,Carrefour,Groceries,32.59,Credit Card,False
46,student,2026-05-31,McDonalds,Dining,31.39,Mobile Wallet,False
46,student,2026-05-31,Udemy,Education,54.7,Cash,False
46,student,2026-06-01,Steam,Entertainment,3.8,Credit Card,False
46,student,2026-06-03,Daraz,Shopping,81.46,Mobile Wallet,False
46,student,2026-06-04,Daraz,Shopping,53.47,Credit Card,False
46,student,2026-06-05,Metro Card,Transport,1.34,Credit Card,False
46,student,2026-06-05,Netflix,Entertainment,13.3,Debit Card,False
46,student,2026-06-05,Carrefour,Groceries,33.56,Credit Card,False
46,student,2026-06-06,Careem,Transport,8.24,Credit Card,False
46,student,2026-06-07,IKEA,Shopping,101.82,Credit Card,False
46,student,2026-06-08,Udemy,Education,52.45,Credit Card,False
46,student,2026-06-08,Shell Gas,Transport,9.84,Credit Card,False
46,student,2026-06-09,Uber,Transport,22.45,Debit Card,False
46,student,2026-06-10,Shell Gas,Transport,22.92,Mobile Wallet,False
46,student,2026-06-10,Amazon,Shopping,20.27,Debit Card,False
46,student,2026-06-13,Walmart,Groceries,45.17,Mobile Wallet,False
46,student,2026-06-13,Uber,Transport,17.73,Mobile Wallet,False
46,student,2026-06-14,Fresh Foods,Groceries,46.13,Credit Card,False
46,student,2026-06-14,McDonalds,Dining,31.77,Mobile Wallet,False
46,student,2026-06-14,Clinic,Healthcare,33.66,Cash,False
46,student,2026-06-15,Amazon,Shopping,66.9,Cash,False
46,student,2026-06-15,Electric Co,Utilities,94.34,Cash,False
46,student,2026-06-16,IKEA,Shopping,53.06,Cash,False
46,student,2026-06-16,Cinema,Entertainment,4.99,Credit Card,False
46,student,2026-06-18,McDonalds,Dining,13.66,Credit Card,False
46,student,2026-06-19,Coursera,Education,65.31,Mobile Wallet,False
46,student,2026-06-19,Pizza Hut,Dining,10.57,Debit Card,False
46,student,2026-06-20,Shell Gas,Transport,19.94,Debit Card,False
46,student,2026-06-24,Amazon,Shopping,21.82,Credit Card,False
46,student,2026-06-24,Fresh Foods,Groceries,16.62,Debit Card,False
46,student,2026-06-25,Fresh Foods,Groceries,32.87,Credit Card,False
46,student,2026-06-28,Steam,Entertainment,10.45,Debit Card,False
46,student,2026-06-28,Steam,Entertainment,10.28,Credit Card,False
46,student,2026-06-28,Starbucks,Dining,15.39,Mobile Wallet,False
46,student,2026-06-28,McDonalds,Dining,1.0,Mobile Wallet,False
46,student,2026-06-29,Netflix,Entertainment,1.0,Mobile Wallet,False
46,student,2026-06-30,Udemy,Education,18.81,Credit Card,False
46,student,2026-06-30,Fresh Foods,Groceries,39.82,Debit Card,False
46,student,2026-07-02,Starbucks,Dining,20.04,Debit Card,False
46,student,2026-07-03,Steam,Entertainment,21.2,Cash,False
46,student,2026-07-04,Metro Card,Transport,18.84,Mobile Wallet,False
46,student,2026-07-05,Netflix,Entertainment,24.91,Debit Card,False
46,student,2026-07-05,Fresh Foods,Groceries,68.3,Cash,False
46,student,2026-07-06,Spotify,Entertainment,5.98,Credit Card,False
46,student,2026-07-06,Local Cafe,Dining,12.9,Mobile Wallet,False
46,student,2026-07-07,McDonalds,Dining,12.64,Credit Card,False
46,student,2026-07-08,Carrefour,Groceries,17.91,Cash,False
46,student,2026-07-09,Walmart,Groceries,25.74,Cash,False
46,student,2026-07-10,Hospital,Healthcare,29.08,Mobile Wallet,False
46,student,2026-07-11,Uber,Transport,22.99,Credit Card,False
46,student,2026-07-13,Water Board,Utilities,83.28,Cash,False
46,student,2026-07-13,Zara,Shopping,105.0,Debit Card,False
46,student,2026-07-14,Careem,Transport,11.11,Debit Card,False
46,student,2026-07-15,Local Cafe,Dining,20.17,Debit Card,False
46,student,2026-07-16,Careem,Transport,5.45,Credit Card,False
46,student,2026-07-17,Tuition Center,Education,42.54,Credit Card,False
46,student,2026-07-17,Local Cafe,Dining,25.56,Mobile Wallet,False
46,student,2026-07-17,Local Mart,Groceries,46.25,Mobile Wallet,False
46,student,2026-07-18,Shell Gas,Transport,8.39,Mobile Wallet,False
46,student,2026-07-19,Local Cafe,Dining,36.34,Credit Card,False
46,student,2026-07-25,Fresh Foods,Groceries,38.92,Mobile Wallet,False
46,student,2026-07-27,Pizza Hut,Dining,22.6,Credit Card,False
46,student,2026-07-27,Tuition Center,Education,15.31,Credit Card,False
46,student,2026-07-28,Spotify,Entertainment,36.93,Cash,False
46,student,2026-07-28,Carrefour,Groceries,55.84,Credit Card,False
46,student,2026-07-28,Cinema,Entertainment,8.6,Credit Card,False
46,student,2026-07-29,McDonalds,Dining,8.78,Mobile Wallet,False
46,student,2026-07-29,Zara,Shopping,48.6,Debit Card,False
46,student,2026-07-30,IKEA,Shopping,1.0,Credit Card,False
46,student,2026-07-31,Uber,Transport,12.1,Mobile Wallet,False
46,student,2026-07-31,Walmart,Groceries,59.7,Debit Card,False
46,student,2026-07-31,Careem,Transport,26.99,Cash,False
46,student,2026-08-01,Netflix,Entertainment,11.55,Cash,False
46,student,2026-08-03,Starbucks,Dining,31.74,Cash,False
46,student,2026-08-04,Coursera,Education,19.93,Credit Card,False
46,student,2026-08-04,Starbucks,Dining,16.85,Debit Card,False
46,student,2026-08-05,Local Mart,Groceries,17.2,Cash,False
46,student,2026-08-05,McDonalds,Dining,26.67,Debit Card,False
46,student,2026-08-05,Netflix,Entertainment,20.02,Credit Card,False
46,student,2026-08-05,Cinema,Entertainment,1.0,Credit Card,False
46,student,2026-08-06,Tuition Center,Education,19.33,Credit Card,False
46,student,2026-08-06,Walmart,Groceries,54.82,Cash,False
46,student,2026-08-06,Starbucks,Dining,27.94,Credit Card,False
46,student,2026-08-08,Careem,Transport,10.77,Credit Card,False
46,student,2026-08-08,Pizza Hut,Dining,6.09,Credit Card,False
46,student,2026-08-09,Steam,Entertainment,16.59,Mobile Wallet,False
46,student,2026-08-09,Shell Gas,Transport,14.1,Mobile Wallet,False
46,student,2026-08-09,Zara,Shopping,54.87,Mobile Wallet,False
46,student,2026-08-12,Carrefour,Groceries,67.84,Debit Card,False
46,student,2026-08-12,Shell Gas,Transport,9.11,Debit Card,False
46,student,2026-08-13,Pizza Hut,Dining,1.0,Credit Card,False
46,student,2026-08-13,Uber,Transport,7.6,Credit Card,False
46,student,2026-08-16,Cinema,Entertainment,8.27,Credit Card,False
46,student,2026-08-16,Netflix,Entertainment,23.81,Cash,False
46,student,2026-08-17,Metro Card,Transport,10.54,Mobile Wallet,False
46,student,2026-08-17,Shell Gas,Transport,8.15,Debit Card,False
46,student,2026-08-21,IKEA,Shopping,59.97,Mobile Wallet,False
46,student,2026-08-21,Walmart,Groceries,74.87,Cash,False
46,student,2026-08-21,Steam,Entertainment,19.8,Debit Card,False
46,student,2026-08-22,Bookstore,Education,72.29,Cash,False
46,student,2026-08-23,Udemy,Education,80.67,Debit Card,False
46,student,2026-08-24,Electric Co,Utilities,60.59,Mobile Wallet,False
46,student,2026-08-24,Fresh Foods,Groceries,69.38,Cash,False
46,student,2026-08-26,Udemy,Education,1.0,Debit Card,False
46,student,2026-08-26,Coursera,Education,25.57,Cash,False
46,student,2026-08-27,Local Cafe,Dining,1.0,Credit Card,False
46,student,2026-08-27,Internet ISP,Utilities,95.35,Cash,False
46,student,2026-08-28,Cinema,Entertainment,21.22,Debit Card,False
46,student,2026-08-28,Fresh Foods,Groceries,36.06,Credit Card,False
46,student,2026-08-28,Steam,Entertainment,13.62,Debit Card,False
46,student,2026-08-29,Careem,Transport,13.16,Mobile Wallet,False
46,student,2026-08-31,Udemy,Education,1.0,Debit Card,False
46,student,2026-09-01,Cinema,Entertainment,1.0,Cash,False
47,high_earner,2026-03-07,Pizza Hut,Dining,33.03,Cash,False
47,high_earner,2026-03-07,Hotel Booking,Travel,89.56,Mobile Wallet,False
47,high_earner,2026-03-08,IKEA,Shopping,10.61,Debit Card,False
47,high_earner,2026-03-08,Amazon,Shopping,23.51,Cash,False
47,high_earner,2026-03-08,Airline Co,Travel,216.36,Mobile Wallet,False
47,high_earner,2026-03-09,Landlord Transfer,Rent,492.88,Credit Card,False
47,high_earner,2026-03-11,Hotel Booking,Travel,1.0,Debit Card,False
47,high_earner,2026-03-11,McDonalds,Dining,16.99,Mobile Wallet,False
47,high_earner,2026-03-11,McDonalds,Dining,15.18,Cash,False
47,high_earner,2026-03-13,Local Cafe,Dining,10.12,Cash,False
47,high_earner,2026-03-14,Landlord Transfer,Rent,428.97,Debit Card,False
47,high_earner,2026-03-14,Hotel Booking,Travel,379.45,Credit Card,False
47,high_earner,2026-03-15,Landlord Transfer,Rent,565.67,Credit Card,False
47,high_earner,2026-03-15,Hotel Booking,Travel,543.25,Cash,False
47,high_earner,2026-03-18,Hotel Booking,Travel,195.76,Debit Card,False
47,high_earner,2026-03-21,Landlord Transfer,Rent,552.93,Debit Card,False
47,high_earner,2026-03-21,Hotel Booking,Travel,267.54,Cash,False
47,high_earner,2026-03-22,McDonalds,Dining,11.54,Cash,True
47,high_earner,2026-03-23,Fresh Foods,Groceries,59.76,Debit Card,False
47,high_earner,2026-03-23,Fresh Foods,Groceries,45.03,Credit Card,False
47,high_earner,2026-03-24,Daraz,Shopping,56.67,Debit Card,False
47,high_earner,2026-03-25,Zara,Shopping,21.56,Cash,False
47,high_earner,2026-03-27,Dental Care,Healthcare,54.24,Mobile Wallet,False
47,high_earner,2026-03-29,Airline Co,Travel,313.96,Mobile Wallet,False
47,high_earner,2026-03-29,Starbucks,Dining,4.51,Cash,False
47,high_earner,2026-03-30,Amazon,Shopping,42.53,Mobile Wallet,False
47,high_earner,2026-03-31,Fresh Foods,Groceries,54.66,Mobile Wallet,False
47,high_earner,2026-03-31,Internet ISP,Utilities,52.1,Debit Card,False
47,high_earner,2026-03-31,Airline Co,Travel,97.62,Mobile Wallet,False
47,high_earner,2026-04-01,IKEA,Shopping,1.0,Debit Card,False
47,high_earner,2026-04-01,Daraz,Shopping,85.83,Mobile Wallet,False
47,high_earner,2026-04-01,Walmart,Groceries,57.58,Debit Card,False
47,high_earner,2026-04-02,Hotel Booking,Travel,6.72,Debit Card,False
47,high_earner,2026-04-03,Local Cafe,Dining,8.98,Mobile Wallet,False
47,high_earner,2026-04-03,Fresh Foods,Groceries,46.41,Debit Card,False
47,high_earner,2026-04-03,Zara,Shopping,132.65,Debit Card,False
47,high_earner,2026-04-04,Landlord Transfer,Rent,549.44,Mobile Wallet,False
47,high_earner,2026-04-05,Gas Company,Utilities,43.29,Credit Card,False
47,high_earner,2026-04-05,Hotel Booking,Travel,375.55,Credit Card,False
47,high_earner,2026-04-06,Hotel Booking,Travel,435.89,Mobile Wallet,False
47,high_earner,2026-04-06,Carrefour,Groceries,56.02,Debit Card,False
47,high_earner,2026-04-07,Amazon,Shopping,41.09,Cash,False
47,high_earner,2026-04-07,Zara,Shopping,75.07,Debit Card,False
47,high_earner,2026-04-08,Hospital,Healthcare,48.14,Credit Card,False
47,high_earner,2026-04-09,Landlord Transfer,Rent,575.04,Credit Card,False
47,high_earner,2026-04-09,Daraz,Shopping,76.96,Mobile Wallet,False
47,high_earner,2026-04-10,Landlord Transfer,Rent,574.84,Mobile Wallet,False
47,high_earner,2026-04-10,AirBnB,Travel,367.81,Credit Card,False
47,high_earner,2026-04-12,Landlord Transfer,Rent,364.99,Mobile Wallet,False
47,high_earner,2026-04-12,Local Cafe,Dining,15.33,Cash,False
47,high_earner,2026-04-12,Walmart,Groceries,17.26,Cash,False
47,high_earner,2026-04-12,Spotify,Entertainment,25.75,Cash,False
47,high_earner,2026-04-13,Gas Company,Utilities,70.79,Mobile Wallet,False
47,high_earner,2026-04-13,Pharmacy,Healthcare,62.64,Mobile Wallet,False
47,high_earner,2026-04-16,Gas Company,Utilities,89.09,Mobile Wallet,False
47,high_earner,2026-04-16,Landlord Transfer,Rent,352.59,Cash,False
47,high_earner,2026-04-17,Hotel Booking,Travel,177.26,Debit Card,False
47,high_earner,2026-04-19,Landlord Transfer,Rent,506.93,Credit Card,False
47,high_earner,2026-04-19,Amazon,Shopping,1.0,Debit Card,False
47,high_earner,2026-04-20,Zara,Shopping,128.9,Debit Card,False
47,high_earner,2026-04-20,Daraz,Shopping,70.31,Mobile Wallet,False
47,high_earner,2026-04-21,Airline Co,Travel,1.0,Mobile Wallet,False
47,high_earner,2026-04-21,AirBnB,Travel,4419.15,Mobile Wallet,True
47,high_earner,2026-04-21,Daraz,Shopping,1.49,Debit Card,False
47,high_earner,2026-04-21,Netflix,Entertainment,16.94,Debit Card,False
47,high_earner,2026-04-21,Landlord Transfer,Rent,540.57,Debit Card,False
47,high_earner,2026-04-22,Fresh Foods,Groceries,56.64,Credit Card,False
47,high_earner,2026-04-25,Landlord Transfer,Rent,609.43,Credit Card,False
47,high_earner,2026-04-26,Fresh Foods,Groceries,48.43,Cash,False
47,high_earner,2026-04-29,IKEA,Shopping,19.6,Mobile Wallet,False
47,high_earner,2026-04-29,Landlord Transfer,Rent,509.2,Mobile Wallet,False
47,high_earner,2026-05-01,Electric Co,Utilities,57.05,Mobile Wallet,False
47,high_earner,2026-05-01,Spotify,Entertainment,19.98,Credit Card,False
47,high_earner,2026-05-03,Pizza Hut,Dining,9.67,Debit Card,False
47,high_earner,2026-05-03,Cinema,Entertainment,12.23,Credit Card,False
47,high_earner,2026-05-03,Hotel Booking,Travel,1.0,Cash,False
47,high_earner,2026-05-04,IKEA,Shopping,62.38,Debit Card,False
47,high_earner,2026-05-05,Landlord Transfer,Rent,478.44,Cash,False
47,high_earner,2026-05-06,Carrefour,Groceries,45.24,Credit Card,False
47,high_earner,2026-05-06,Hotel Booking,Travel,119.17,Credit Card,False
47,high_earner,2026-05-09,Starbucks,Dining,13.51,Debit Card,False
47,high_earner,2026-05-09,Landlord Transfer,Rent,542.63,Credit Card,False
47,high_earner,2026-05-11,Carrefour,Groceries,36.46,Mobile Wallet,False
47,high_earner,2026-05-11,Landlord Transfer,Rent,439.0,Credit Card,False
47,high_earner,2026-05-11,Internet ISP,Utilities,64.65,Debit Card,False
47,high_earner,2026-05-11,AirBnB,Travel,96.61,Mobile Wallet,False
47,high_earner,2026-05-13,Local Mart,Groceries,36.42,Mobile Wallet,False
47,high_earner,2026-05-13,Landlord Transfer,Rent,433.83,Credit Card,False
47,high_earner,2026-05-14,Dental Care,Healthcare,42.89,Credit Card,False
47,high_earner,2026-05-14,McDonalds,Dining,8.02,Mobile Wallet,False
47,high_earner,2026-05-14,Gas Company,Utilities,59.78,Credit Card,False
47,high_earner,2026-05-15,Water Board,Utilities,55.27,Credit Card,False
47,high_earner,2026-05-15,Hotel Booking,Travel,270.24,Debit Card,False
47,high_earner,2026-05-15,Landlord Transfer,Rent,389.64,Credit Card,False
47,high_earner,2026-05-16,Internet ISP,Utilities,66.66,Credit Card,False
47,high_earner,2026-05-16,Netflix,Entertainment,32.33,Cash,False
47,high_earner,2026-05-17,Landlord Transfer,Rent,491.09,Debit Card,False
47,high_earner,2026-05-18,Daraz,Shopping,38.87,Mobile Wallet,False
47,high_earner,2026-05-18,Local Cafe,Dining,1.0,Debit Card,False
47,high_earner,2026-05-19,Pizza Hut,Dining,39.48,Cash,False
47,high_earner,2026-05-20,IKEA,Shopping,79.68,Debit Card,False
47,high_earner,2026-05-22,McDonalds,Dining,15.82,Mobile Wallet,False
47,high_earner,2026-05-25,Daraz,Shopping,14.3,Cash,False
47,high_earner,2026-05-25,IKEA,Shopping,140.01,Mobile Wallet,False
47,high_earner,2026-05-25,Airline Co,Travel,264.53,Credit Card,False
47,high_earner,2026-05-26,Landlord Transfer,Rent,507.51,Credit Card,False
47,high_earner,2026-05-26,Landlord Transfer,Rent,518.19,Cash,False
47,high_earner,2026-05-26,Landlord Transfer,Rent,596.0,Credit Card,False
47,high_earner,2026-05-28,Airline Co,Travel,313.73,Cash,False
47,high_earner,2026-05-29,AirBnB,Travel,293.41,Cash,False
47,high_earner,2026-05-31,Walmart,Groceries,48.65,Debit Card,False
47,high_earner,2026-06-01,Daraz,Shopping,46.24,Debit Card,False
47,high_earner,2026-06-02,Fresh Foods,Groceries,47.02,Debit Card,False
47,high_earner,2026-06-07,Local Cafe,Dining,14.11,Debit Card,False
47,high_earner,2026-06-08,McDonalds,Dining,10.67,Debit Card,False
47,high_earner,2026-06-08,Amazon,Shopping,81.98,Mobile Wallet,False
47,high_earner,2026-06-09,Starbucks,Dining,28.34,Cash,False
47,high_earner,2026-06-09,AirBnB,Travel,358.07,Credit Card,False
47,high_earner,2026-06-09,Cinema,Entertainment,12.98,Mobile Wallet,False
47,high_earner,2026-06-12,McDonalds,Dining,2.2,Debit Card,False
47,high_earner,2026-06-12,Dental Care,Healthcare,7.19,Mobile Wallet,False
47,high_earner,2026-06-12,Fresh Foods,Groceries,48.05,Mobile Wallet,False
47,high_earner,2026-06-12,Internet ISP,Utilities,71.7,Debit Card,False
47,high_earner,2026-06-12,IKEA,Shopping,12.73,Debit Card,False
47,high_earner,2026-06-13,Zara,Shopping,38.89,Cash,False
47,high_earner,2026-06-18,Daraz,Shopping,39.79,Mobile Wallet,False
47,high_earner,2026-06-19,Local Mart,Groceries,26.36,Cash,False
47,high_earner,2026-06-19,McDonalds,Dining,1.0,Mobile Wallet,False
47,high_earner,2026-06-20,McDonalds,Dining,12.14,Mobile Wallet,False
47,high_earner,2026-06-21,Hotel Booking,Travel,296.03,Credit Card,False
47,high_earner,2026-06-21,Steam,Entertainment,5.52,Mobile Wallet,False
47,high_earner,2026-06-22,Hotel Booking,Travel,1.0,Mobile Wallet,False
47,high_earner,2026-06-23,McDonalds,Dining,25.3,Debit Card,False
47,high_earner,2026-06-23,Amazon,Shopping,3.31,Credit Card,False
47,high_earner,2026-06-24,Landlord Transfer,Rent,452.79,Debit Card,False
47,high_earner,2026-06-25,Landlord Transfer,Rent,729.25,Debit Card,False
47,high_earner,2026-06-25,Landlord Transfer,Rent,414.03,Credit Card,False
47,high_earner,2026-06-26,Landlord Transfer,Rent,452.85,Cash,False
47,high_earner,2026-06-26,Landlord Transfer,Rent,293.18,Credit Card,False
47,high_earner,2026-06-27,Internet ISP,Utilities,79.99,Cash,False
47,high_earner,2026-06-28,Pharmacy,Healthcare,34.47,Debit Card,False
47,high_earner,2026-06-28,Starbucks,Dining,36.23,Debit Card,False
47,high_earner,2026-06-28,Zara,Shopping,65.6,Debit Card,False
47,high_earner,2026-06-29,Spotify,Entertainment,14.97,Debit Card,False
47,high_earner,2026-06-29,Airline Co,Travel,171.62,Credit Card,False
47,high_earner,2026-06-30,Airline Co,Travel,426.81,Debit Card,False
47,high_earner,2026-07-01,Cinema,Entertainment,1.0,Credit Card,False
47,high_earner,2026-07-01,Airline Co,Travel,258.34,Debit Card,False
47,high_earner,2026-07-06,Landlord Transfer,Rent,674.29,Cash,False
47,high_earner,2026-07-07,Hotel Booking,Travel,317.29,Credit Card,False
47,high_earner,2026-07-07,Airline Co,Travel,1.0,Debit Card,False
47,high_earner,2026-07-08,Internet ISP,Utilities,52.98,Cash,False
47,high_earner,2026-07-09,Hotel Booking,Travel,389.8,Credit Card,False
47,high_earner,2026-07-09,Daraz,Shopping,44.83,Mobile Wallet,False
47,high_earner,2026-07-14,Cinema,Entertainment,104.18,Debit Card,True
47,high_earner,2026-07-14,Landlord Transfer,Rent,256.1,Debit Card,False
47,high_earner,2026-07-15,Water Board,Utilities,92.6,Debit Card,False
47,high_earner,2026-07-16,Hospital,Healthcare,94.25,Debit Card,False
47,high_earner,2026-07-19,Local Cafe,Dining,22.92,Debit Card,False
47,high_earner,2026-07-20,Steam,Entertainment,19.6,Debit Card,False
47,high_earner,2026-07-20,Amazon,Shopping,10.6,Credit Card,False
47,high_earner,2026-07-21,Pizza Hut,Dining,10.06,Debit Card,False
47,high_earner,2026-07-22,Walmart,Groceries,58.83,Debit Card,False
47,high_earner,2026-07-22,Landlord Transfer,Rent,460.5,Cash,False
47,high_earner,2026-07-22,Amazon,Shopping,85.91,Debit Card,False
47,high_earner,2026-07-23,Netflix,Entertainment,20.74,Mobile Wallet,False
47,high_earner,2026-07-24,Hotel Booking,Travel,412.15,Mobile Wallet,False
47,high_earner,2026-07-24,Local Mart,Groceries,58.25,Debit Card,False
47,high_earner,2026-07-24,Amazon,Shopping,92.04,Credit Card,False
47,high_earner,2026-07-25,Clinic,Healthcare,14.99,Debit Card,False
47,high_earner,2026-07-26,Hotel Booking,Travel,359.8,Mobile Wallet,False
47,high_earner,2026-07-27,Landlord Transfer,Rent,510.73,Credit Card,False
47,high_earner,2026-07-27,Landlord Transfer,Rent,584.58,Mobile Wallet,False
47,high_earner,2026-07-28,Hotel Booking,Travel,427.79,Cash,False
47,high_earner,2026-07-29,Local Mart,Groceries,25.34,Debit Card,False
47,high_earner,2026-07-29,Walmart,Groceries,72.06,Credit Card,False
47,high_earner,2026-08-01,Local Cafe,Dining,1.0,Debit Card,False
47,high_earner,2026-08-01,Pizza Hut,Dining,29.58,Credit Card,False
47,high_earner,2026-08-01,Daraz,Shopping,57.23,Mobile Wallet,False
47,high_earner,2026-08-01,Hospital,Healthcare,10.47,Credit Card,False
47,high_earner,2026-08-01,AirBnB,Travel,1.0,Debit Card,False
47,high_earner,2026-08-02,Daraz,Shopping,41.77,Mobile Wallet,False
47,high_earner,2026-08-04,Local Cafe,Dining,22.22,Credit Card,False
47,high_earner,2026-08-04,Daraz,Shopping,95.48,Credit Card,False
47,high_earner,2026-08-06,IKEA,Shopping,1.0,Cash,False
47,high_earner,2026-08-07,Spotify,Entertainment,14.01,Mobile Wallet,False
47,high_earner,2026-08-09,Spotify,Entertainment,2.44,Mobile Wallet,False
47,high_earner,2026-08-09,Landlord Transfer,Rent,442.82,Mobile Wallet,False
47,high_earner,2026-08-12,Pizza Hut,Dining,20.69,Debit Card,False
47,high_earner,2026-08-13,IKEA,Shopping,18.62,Cash,False
47,high_earner,2026-08-14,Hotel Booking,Travel,1.0,Credit Card,False
47,high_earner,2026-08-14,Carrefour,Groceries,56.39,Credit Card,False
47,high_earner,2026-08-15,AirBnB,Travel,215.47,Mobile Wallet,False
47,high_earner,2026-08-15,Amazon,Shopping,1.0,Mobile Wallet,False
47,high_earner,2026-08-15,Airline Co,Travel,186.3,Credit Card,False
47,high_earner,2026-08-17,Landlord Transfer,Rent,440.48,Debit Card,False
47,high_earner,2026-08-17,Zara,Shopping,112.82,Cash,False
47,high_earner,2026-08-18,Landlord Transfer,Rent,697.76,Cash,False
47,high_earner,2026-08-19,Airline Co,Travel,330.51,Debit Card,False
47,high_earner,2026-08-20,Carrefour,Groceries,33.06,Credit Card,False
47,high_earner,2026-08-21,Airline Co,Travel,208.53,Cash,False
47,high_earner,2026-08-21,Starbucks,Dining,21.91,Cash,False
47,high_earner,2026-08-22,Pizza Hut,Dining,15.91,Credit Card,False
47,high_earner,2026-08-22,Local Mart,Groceries,48.2,Credit Card,False
47,high_earner,2026-08-23,Zara,Shopping,18.12,Debit Card,False
47,high_earner,2026-08-24,AirBnB,Travel,321.52,Debit Card,False
47,high_earner,2026-08-25,Landlord Transfer,Rent,625.03,Credit Card,False
47,high_earner,2026-08-25,Hotel Booking,Travel,253.88,Debit Card,False
47,high_earner,2026-08-25,Landlord Transfer,Rent,501.82,Mobile Wallet,False
47,high_earner,2026-08-26,Landlord Transfer,Rent,582.44,Mobile Wallet,False
47,high_earner,2026-08-27,Starbucks,Dining,25.49,Cash,False
47,high_earner,2026-08-29,IKEA,Shopping,59.69,Debit Card,False
47,high_earner,2026-08-29,Pizza Hut,Dining,6.47,Cash,False
47,high_earner,2026-08-29,Daraz,Shopping,78.2,Debit Card,False
47,high_earner,2026-08-30,Landlord Transfer,Rent,531.52,Debit Card,False
47,high_earner,2026-08-31,AirBnB,Travel,370.13,Cash,False
47,high_earner,2026-09-01,Cinema,Entertainment,7.82,Credit Card,False
47,high_earner,2026-09-01,Daraz,Shopping,74.33,Credit Card,False
47,high_earner,2026-09-01,Landlord Transfer,Rent,592.24,Mobile Wallet,False
48,high_earner,2026-03-05,McDonalds,Dining,23.07,Mobile Wallet,False
48,high_earner,2026-03-08,IKEA,Shopping,65.11,Mobile Wallet,False
48,high_earner,2026-03-09,Landlord Transfer,Rent,567.11,Debit Card,False
48,high_earner,2026-03-09,Landlord Transfer,Rent,445.84,Debit Card,False
48,high_earner,2026-03-09,IKEA,Shopping,20.01,Cash,False
48,high_earner,2026-03-10,Airline Co,Travel,304.56,Cash,False
48,high_earner,2026-03-10,Netflix,Entertainment,13.21,Debit Card,False
48,high_earner,2026-03-10,Landlord Transfer,Rent,602.15,Mobile Wallet,False
48,high_earner,2026-03-11,AirBnB,Travel,136.23,Cash,False
48,high_earner,2026-03-12,IKEA,Shopping,37.68,Cash,False
48,high_earner,2026-03-12,Netflix,Entertainment,25.13,Cash,False
48,high_earner,2026-03-12,Hospital,Healthcare,1.0,Debit Card,False
48,high_earner,2026-03-12,Starbucks,Dining,8.93,Cash,False
48,high_earner,2026-03-13,IKEA,Shopping,136.67,Mobile Wallet,False
48,high_earner,2026-03-14,Water Board,Utilities,36.63,Mobile Wallet,False
48,high_earner,2026-03-14,Airline Co,Travel,425.86,Credit Card,False
48,high_earner,2026-03-15,Cinema,Entertainment,27.53,Mobile Wallet,False
48,high_earner,2026-03-16,Local Cafe,Dining,21.77,Debit Card,False
48,high_earner,2026-03-17,Daraz,Shopping,95.21,Cash,False
48,high_earner,2026-03-18,Zara,Shopping,19.75,Debit Card,False
48,high_earner,2026-03-20,Local Mart,Groceries,25.66,Cash,False
48,high_earner,2026-03-22,Amazon,Shopping,10.44,Mobile Wallet,False
48,high_earner,2026-03-22,Clinic,Healthcare,1.0,Debit Card,False
48,high_earner,2026-03-22,Starbucks,Dining,27.87,Debit Card,False
48,high_earner,2026-03-23,Hotel Booking,Travel,4.68,Credit Card,False
48,high_earner,2026-03-23,Netflix,Entertainment,18.62,Debit Card,False
48,high_earner,2026-03-24,Hospital,Healthcare,53.48,Mobile Wallet,False
48,high_earner,2026-03-25,Carrefour,Groceries,50.81,Cash,False
48,high_earner,2026-03-26,Local Cafe,Dining,9.94,Debit Card,False
48,high_earner,2026-03-27,Fresh Foods,Groceries,38.73,Debit Card,False
48,high_earner,2026-03-27,Pizza Hut,Dining,10.72,Debit Card,False
48,high_earner,2026-03-27,AirBnB,Travel,173.8,Credit Card,False
48,high_earner,2026-03-28,McDonalds,Dining,4.57,Debit Card,False
48,high_earner,2026-03-28,Starbucks,Dining,38.66,Debit Card,False
48,high_earner,2026-03-28,Local Mart,Groceries,59.42,Credit Card,False
48,high_earner,2026-03-28,Zara,Shopping,78.7,Debit Card,False
48,high_earner,2026-03-29,AirBnB,Travel,93.07,Credit Card,False
48,high_earner,2026-03-30,Netflix,Entertainment,11.92,Mobile Wallet,False
48,high_earner,2026-03-30,IKEA,Shopping,87.58,Debit Card,False
48,high_earner,2026-03-31,Steam,Entertainment,10.73,Credit Card,False
48,high_earner,2026-04-01,Water Board,Utilities,56.64,Mobile Wallet,False
48,high_earner,2026-04-01,Steam,Entertainment,14.7,Credit Card,False
48,high_earner,2026-04-02,Hotel Booking,Travel,287.85,Cash,False
48,high_earner,2026-04-02,Landlord Transfer,Rent,675.13,Cash,False
48,high_earner,2026-04-04,IKEA,Shopping,52.82,Debit Card,False
48,high_earner,2026-04-04,Daraz,Shopping,10.18,Credit Card,False
48,high_earner,2026-04-04,Landlord Transfer,Rent,548.62,Cash,False
48,high_earner,2026-04-07,McDonalds,Dining,9.9,Credit Card,False
48,high_earner,2026-04-07,Starbucks,Dining,11.4,Credit Card,False
48,high_earner,2026-04-07,Amazon,Shopping,85.07,Credit Card,False
48,high_earner,2026-04-10,Clinic,Healthcare,22.48,Debit Card,False
48,high_earner,2026-04-12,Landlord Transfer,Rent,475.8,Debit Card,False
48,high_earner,2026-04-13,Starbucks,Dining,17.2,Debit Card,False
48,high_earner,2026-04-13,Landlord Transfer,Rent,599.56,Cash,False
48,high_earner,2026-04-13,Landlord Transfer,Rent,447.97,Credit Card,False
48,high_earner,2026-04-13,Walmart,Groceries,54.2,Debit Card,False
48,high_earner,2026-04-13,Local Cafe,Dining,14.46,Credit Card,False
48,high_earner,2026-04-16,Amazon,Shopping,42.08,Mobile Wallet,False
48,high_earner,2026-04-17,Landlord Transfer,Rent,553.52,Debit Card,False
48,high_earner,2026-04-18,IKEA,Shopping,1.0,Mobile Wallet,False
48,high_earner,2026-04-19,AirBnB,Travel,257.86,Credit Card,False
48,high_earner,2026-04-19,Landlord Transfer,Rent,634.04,Mobile Wallet,False
48,high_earner,2026-04-20,Internet ISP,Utilities,58.1,Mobile Wallet,False
48,high_earner,2026-04-20,Netflix,Entertainment,14.51,Mobile Wallet,False
48,high_earner,2026-04-20,McDonalds,Dining,10.98,Mobile Wallet,False
48,high_earner,2026-04-20,IKEA,Shopping,138.95,Debit Card,False
48,high_earner,2026-04-22,IKEA,Shopping,102.0,Cash,False
48,high_earner,2026-04-23,Daraz,Shopping,49.31,Cash,False
48,high_earner,2026-04-24,Landlord Transfer,Rent,520.21,Credit Card,False
48,high_earner,2026-04-25,Landlord Transfer,Rent,591.43,Debit Card,False
48,high_earner,2026-04-25,Steam,Entertainment,23.0,Debit Card,False
48,high_earner,2026-04-25,Landlord Transfer,Rent,572.74,Cash,False
48,high_earner,2026-04-26,Local Cafe,Dining,16.22,Credit Card,False
48,high_earner,2026-04-26,Hotel Booking,Travel,272.24,Mobile Wallet,False
48,high_earner,2026-04-26,Spotify,Entertainment,8.01,Debit Card,False
48,high_earner,2026-04-27,Landlord Transfer,Rent,582.0,Debit Card,False
48,high_earner,2026-04-27,Airline Co,Travel,298.49,Mobile Wallet,False
48,high_earner,2026-04-28,McDonalds,Dining,20.21,Credit Card,False
48,high_earner,2026-04-28,Pizza Hut,Dining,7.27,Cash,False
48,high_earner,2026-04-29,Amazon,Shopping,61.16,Mobile Wallet,False
48,high_earner,2026-04-29,Cinema,Entertainment,2.24,Debit Card,False
48,high_earner,2026-04-30,Daraz,Shopping,4.01,Credit Card,False
48,high_earner,2026-04-30,Hotel Booking,Travel,254.1,Cash,False
48,high_earner,2026-04-30,Zara,Shopping,65.36,Cash,False
48,high_earner,2026-05-02,Airline Co,Travel,91.27,Debit Card,False
48,high_earner,2026-05-02,Hotel Booking,Travel,223.04,Debit Card,False
48,high_earner,2026-05-03,Landlord Transfer,Rent,651.89,Mobile Wallet,False
48,high_earner,2026-05-03,IKEA,Shopping,86.12,Cash,False
48,high_earner,2026-05-04,Steam,Entertainment,7.91,Mobile Wallet,False
48,high_earner,2026-05-06,Landlord Transfer,Rent,514.02,Mobile Wallet,False
48,high_earner,2026-05-06,Landlord Transfer,Rent,316.28,Cash,False
48,high_earner,2026-05-07,Pizza Hut,Dining,7.79,Debit Card,False
48,high_earner,2026-05-08,Netflix,Entertainment,31.68,Cash,False
48,high_earner,2026-05-08,Landlord Transfer,Rent,463.79,Credit Card,False
48,high_earner,2026-05-09,Fresh Foods,Groceries,28.82,Cash,False
48,high_earner,2026-05-09,Hotel Booking,Travel,94.81,Credit Card,False
48,high_earner,2026-05-10,IKEA,Shopping,86.38,Credit Card,False
48,high_earner,2026-05-12,Landlord Transfer,Rent,405.19,Mobile Wallet,False
48,high_earner,2026-05-12,Carrefour,Groceries,65.61,Debit Card,False
48,high_earner,2026-05-14,Hotel Booking,Travel,209.29,Debit Card,False
48,high_earner,2026-05-14,Pharmacy,Healthcare,19.62,Debit Card,False
48,high_earner,2026-05-16,Pizza Hut,Dining,22.15,Debit Card,False
48,high_earner,2026-05-16,Landlord Transfer,Rent,264.74,Cash,False
48,high_earner,2026-05-16,Cinema,Entertainment,1.67,Cash,False
48,high_earner,2026-05-16,Airline Co,Travel,12.57,Mobile Wallet,False
48,high_earner,2026-05-18,Daraz,Shopping,75.37,Debit Card,False
48,high_earner,2026-05-18,Pizza Hut,Dining,4.69,Cash,False
48,high_earner,2026-05-19,Gas Company,Utilities,49.08,Cash,False
48,high_earner,2026-05-19,Daraz,Shopping,71.17,Mobile Wallet,False
48,high_earner,2026-05-22,AirBnB,Travel,102.38,Cash,False
48,high_earner,2026-05-22,Fresh Foods,Groceries,16.31,Credit Card,False
48,high_earner,2026-05-23,Airline Co,Travel,381.23,Cash,False
48,high_earner,2026-05-23,Zara,Shopping,22.89,Cash,False
48,high_earner,2026-05-24,Starbucks,Dining,10.21,Mobile Wallet,False
48,high_earner,2026-05-27,Starbucks,Dining,1.0,Mobile Wallet,False
48,high_earner,2026-05-27,Amazon,Shopping,76.87,Cash,False
48,high_earner,2026-05-28,Landlord Transfer,Rent,544.7,Debit Card,False
48,high_earner,2026-05-28,Daraz,Shopping,56.25,Mobile Wallet,False
48,high_earner,2026-05-28,Pizza Hut,Dining,2.13,Credit Card,False
48,high_earner,2026-05-28,Amazon,Shopping,47.9,Credit Card,False
48,high_earner,2026-05-29,AirBnB,Travel,101.15,Cash,False
48,high_earner,2026-05-30,Water Board,Utilities,47.31,Cash,False
48,high_earner,2026-05-31,AirBnB,Travel,360.93,Cash,False
48,high_earner,2026-06-01,Hotel Booking,Travel,236.75,Cash,False
48,high_earner,2026-06-05,Clinic,Healthcare,17.12,Credit Card,False
48,high_earner,2026-06-08,Local Cafe,Dining,13.97,Cash,False
48,high_earner,2026-06-08,Airline Co,Travel,192.91,Cash,False
48,high_earner,2026-06-08,Amazon,Shopping,130.9,Credit Card,False
48,high_earner,2026-06-09,Carrefour,Groceries,47.92,Mobile Wallet,False
48,high_earner,2026-06-09,McDonalds,Dining,10.61,Cash,False
48,high_earner,2026-06-10,Steam,Entertainment,27.26,Credit Card,False
48,high_earner,2026-06-11,Zara,Shopping,93.47,Mobile Wallet,False
48,high_earner,2026-06-12,IKEA,Shopping,46.13,Credit Card,False
48,high_earner,2026-06-12,Pizza Hut,Dining,17.75,Debit Card,False
48,high_earner,2026-06-12,Steam,Entertainment,15.38,Cash,False
48,high_earner,2026-06-13,Pizza Hut,Dining,15.52,Debit Card,False
48,high_earner,2026-06-15,Steam,Entertainment,12.75,Credit Card,False
48,high_earner,2026-06-16,Gas Company,Utilities,41.93,Mobile Wallet,False
48,high_earner,2026-06-16,McDonalds,Dining,4.23,Mobile Wallet,False
48,high_earner,2026-06-17,Pizza Hut,Dining,8.34,Mobile Wallet,False
48,high_earner,2026-06-18,Internet ISP,Utilities,66.2,Mobile Wallet,False
48,high_earner,2026-06-19,Hotel Booking,Travel,1.0,Debit Card,False
48,high_earner,2026-06-20,AirBnB,Travel,393.84,Mobile Wallet,False
48,high_earner,2026-06-22,Clinic,Healthcare,38.41,Mobile Wallet,False
48,high_earner,2026-06-22,Pharmacy,Healthcare,41.14,Cash,False
48,high_earner,2026-06-22,Local Mart,Groceries,33.89,Credit Card,False
48,high_earner,2026-06-23,AirBnB,Travel,403.54,Cash,False
48,high_earner,2026-06-25,Electric Co,Utilities,86.41,Credit Card,False
48,high_earner,2026-06-25,Starbucks,Dining,44.34,Mobile Wallet,False
48,high_earner,2026-06-25,Steam,Entertainment,16.94,Debit Card,False
48,high_earner,2026-06-29,Landlord Transfer,Rent,345.59,Credit Card,False
48,high_earner,2026-07-02,Zara,Shopping,1.0,Cash,False
48,high_earner,2026-07-02,Netflix,Entertainment,17.43,Mobile Wallet,False
48,high_earner,2026-07-03,AirBnB,Travel,195.82,Mobile Wallet,False
48,high_earner,2026-07-04,Amazon,Shopping,148.01,Cash,False
48,high_earner,2026-07-05,Carrefour,Groceries,39.15,Cash,False
48,high_earner,2026-07-05,IKEA,Shopping,13.15,Mobile Wallet,False
48,high_earner,2026-07-05,Airline Co,Travel,1.0,Cash,False
48,high_earner,2026-07-05,Airline Co,Travel,173.68,Debit Card,False
48,high_earner,2026-07-05,Daraz,Shopping,86.06,Mobile Wallet,False
48,high_earner,2026-07-06,Hotel Booking,Travel,136.59,Mobile Wallet,False
48,high_earner,2026-07-06,AirBnB,Travel,94.62,Debit Card,False
48,high_earner,2026-07-08,Daraz,Shopping,9.79,Credit Card,False
48,high_earner,2026-07-09,IKEA,Shopping,135.1,Mobile Wallet,False
48,high_earner,2026-07-10,IKEA,Shopping,56.51,Debit Card,False
48,high_earner,2026-07-10,Airline Co,Travel,160.62,Mobile Wallet,False
48,high_earner,2026-07-10,Hotel Booking,Travel,353.57,Credit Card,False
48,high_earner,2026-07-12,AirBnB,Travel,205.61,Debit Card,False
48,high_earner,2026-07-12,Daraz,Shopping,73.89,Debit Card,False
48,high_earner,2026-07-12,Landlord Transfer,Rent,582.74,Mobile Wallet,False
48,high_earner,2026-07-12,Fresh Foods,Groceries,48.49,Cash,False
48,high_earner,2026-07-13,Landlord Transfer,Rent,545.29,Credit Card,False
48,high_earner,2026-07-14,Steam,Entertainment,12.08,Mobile Wallet,False
48,high_earner,2026-07-15,Pizza Hut,Dining,21.47,Debit Card,False
48,high_earner,2026-07-15,Landlord Transfer,Rent,403.51,Credit Card,False
48,high_earner,2026-07-15,Landlord Transfer,Rent,421.65,Mobile Wallet,False
48,high_earner,2026-07-15,Landlord Transfer,Rent,580.97,Mobile Wallet,False
48,high_earner,2026-07-16,Carrefour,Groceries,35.32,Cash,False
48,high_earner,2026-07-17,Carrefour,Groceries,27.55,Mobile Wallet,False
48,high_earner,2026-07-17,Hotel Booking,Travel,199.7,Credit Card,False
48,high_earner,2026-07-18,Internet ISP,Utilities,50.87,Cash,False
48,high_earner,2026-07-18,Amazon,Shopping,25.74,Cash,False
48,high_earner,2026-07-19,Landlord Transfer,Rent,511.03,Debit Card,False
48,high_earner,2026-07-19,Amazon,Shopping,25.23,Mobile Wallet,False
48,high_earner,2026-07-20,Airline Co,Travel,116.05,Cash,False
48,high_earner,2026-07-21,Local Cafe,Dining,4.78,Credit Card,False
48,high_earner,2026-07-21,Dental Care,Healthcare,1.0,Mobile Wallet,False
48,high_earner,2026-07-21,Airline Co,Travel,1.0,Mobile Wallet,False
48,high_earner,2026-07-22,Hotel Booking,Travel,1.0,Debit Card,False
48,high_earner,2026-07-23,Starbucks,Dining,29.7,Credit Card,False
48,high_earner,2026-07-23,McDonalds,Dining,14.22,Mobile Wallet,False
48,high_earner,2026-07-23,Carrefour,Groceries,64.87,Credit Card,False
48,high_earner,2026-07-24,Fresh Foods,Groceries,59.14,Debit Card,False
48,high_earner,2026-07-25,Daraz,Shopping,18.01,Credit Card,False
48,high_earner,2026-07-27,AirBnB,Travel,121.36,Debit Card,False
48,high_earner,2026-07-27,Landlord Transfer,Rent,484.56,Credit Card,False
48,high_earner,2026-07-29,Landlord Transfer,Rent,604.26,Mobile Wallet,False
48,high_earner,2026-07-29,AirBnB,Travel,57.54,Cash,False
48,high_earner,2026-07-30,Daraz,Shopping,33.86,Debit Card,False
48,high_earner,2026-07-31,Fresh Foods,Groceries,40.47,Credit Card,False
48,high_earner,2026-07-31,IKEA,Shopping,129.34,Credit Card,False
48,high_earner,2026-08-03,Fresh Foods,Groceries,29.95,Cash,False
48,high_earner,2026-08-03,Zara,Shopping,38.74,Debit Card,False
48,high_earner,2026-08-04,Hotel Booking,Travel,90.96,Cash,False
48,high_earner,2026-08-04,Airline Co,Travel,251.91,Credit Card,False
48,high_earner,2026-08-05,Carrefour,Groceries,15.04,Debit Card,False
48,high_earner,2026-08-07,McDonalds,Dining,23.36,Debit Card,False
48,high_earner,2026-08-07,Zara,Shopping,1.0,Cash,False
48,high_earner,2026-08-08,AirBnB,Travel,87.81,Credit Card,False
48,high_earner,2026-08-09,Airline Co,Travel,120.22,Cash,False
48,high_earner,2026-08-09,Pizza Hut,Dining,17.52,Mobile Wallet,False
48,high_earner,2026-08-09,IKEA,Shopping,112.64,Credit Card,False
48,high_earner,2026-08-10,Steam,Entertainment,9.25,Debit Card,False
48,high_earner,2026-08-10,Amazon,Shopping,22.34,Cash,False
48,high_earner,2026-08-11,Steam,Entertainment,11.17,Debit Card,False
48,high_earner,2026-08-11,Pharmacy,Healthcare,72.36,Cash,False
48,high_earner,2026-08-12,Local Mart,Groceries,53.22,Debit Card,False
48,high_earner,2026-08-13,Internet ISP,Utilities,35.94,Debit Card,False
48,high_earner,2026-08-15,Internet ISP,Utilities,94.9,Debit Card,False
48,high_earner,2026-08-15,Walmart,Groceries,54.7,Debit Card,False
48,high_earner,2026-08-16,Pharmacy,Healthcare,54.67,Mobile Wallet,False
48,high_earner,2026-08-16,AirBnB,Travel,327.7,Credit Card,False
48,high_earner,2026-08-19,Steam,Entertainment,33.43,Mobile Wallet,False
48,high_earner,2026-08-19,Landlord Transfer,Rent,666.66,Mobile Wallet,False
48,high_earner,2026-08-20,Local Cafe,Dining,29.7,Cash,False
48,high_earner,2026-08-20,AirBnB,Travel,1506.63,Credit Card,True
48,high_earner,2026-08-21,Hospital,Healthcare,32.65,Credit Card,False
48,high_earner,2026-08-21,Amazon,Shopping,19.31,Mobile Wallet,False
48,high_earner,2026-08-22,AirBnB,Travel,368.09,Cash,False
48,high_earner,2026-08-23,Daraz,Shopping,1.0,Credit Card,False
48,high_earner,2026-08-23,Hotel Booking,Travel,458.21,Credit Card,False
48,high_earner,2026-08-23,Clinic,Healthcare,14.02,Mobile Wallet,False
48,high_earner,2026-08-24,Airline Co,Travel,185.19,Credit Card,False
48,high_earner,2026-08-25,Landlord Transfer,Rent,449.57,Credit Card,False
48,high_earner,2026-08-26,Water Board,Utilities,45.4,Mobile Wallet,False
48,high_earner,2026-08-26,Pizza Hut,Dining,27.53,Credit Card,False
48,high_earner,2026-08-26,Local Cafe,Dining,31.25,Credit Card,False
48,high_earner,2026-08-26,Water Board,Utilities,83.41,Credit Card,False
48,high_earner,2026-08-27,Amazon,Shopping,99.99,Credit Card,False
48,high_earner,2026-08-27,Hotel Booking,Travel,198.65,Debit Card,False
48,high_earner,2026-08-27,Local Cafe,Dining,17.08,Debit Card,False
48,high_earner,2026-08-28,Daraz,Shopping,44.81,Mobile Wallet,False
48,high_earner,2026-08-28,Spotify,Entertainment,24.84,Cash,False
48,high_earner,2026-08-31,Pizza Hut,Dining,11.53,Cash,False
48,high_earner,2026-08-31,Airline Co,Travel,339.29,Credit Card,False
48,high_earner,2026-09-01,Steam,Entertainment,22.02,Debit Card,False
48,high_earner,2026-09-01,AirBnB,Travel,168.73,Cash,False
49,young_professional,2026-03-06,Gas Company,Utilities,83.57,Cash,False
49,young_professional,2026-03-07,Uber,Transport,6.69,Credit Card,False
49,young_professional,2026-03-07,Steam,Entertainment,10.92,Credit Card,False
49,young_professional,2026-03-08,Fresh Foods,Groceries,48.77,Credit Card,False
49,young_professional,2026-03-08,AirBnB,Travel,394.47,Mobile Wallet,False
49,young_professional,2026-03-10,McDonalds,Dining,14.91,Debit Card,False
49,young_professional,2026-03-16,Local Cafe,Dining,15.36,Mobile Wallet,False
49,young_professional,2026-03-17,Local Cafe,Dining,38.71,Debit Card,False
49,young_professional,2026-03-17,Netflix,Entertainment,27.14,Credit Card,False
49,young_professional,2026-03-17,Careem,Transport,2.34,Credit Card,False
49,young_professional,2026-03-18,Carrefour,Groceries,31.7,Credit Card,False
49,young_professional,2026-03-18,Metro Card,Transport,4.92,Credit Card,False
49,young_professional,2026-03-20,Landlord Transfer,Rent,346.33,Mobile Wallet,False
49,young_professional,2026-03-20,Landlord Transfer,Rent,627.12,Cash,False
49,young_professional,2026-03-21,Pizza Hut,Dining,32.71,Cash,False
49,young_professional,2026-03-22,Careem,Transport,6.69,Cash,False
49,young_professional,2026-03-22,Fresh Foods,Groceries,53.9,Debit Card,False
49,young_professional,2026-03-23,Pizza Hut,Dining,7.93,Cash,False
49,young_professional,2026-03-24,IKEA,Shopping,136.09,Credit Card,False
49,young_professional,2026-03-24,Amazon,Shopping,130.81,Debit Card,False
49,young_professional,2026-03-24,Uber,Transport,17.7,Cash,False
49,young_professional,2026-03-25,Careem,Transport,5.35,Cash,False
49,young_professional,2026-03-26,Landlord Transfer,Rent,503.93,Cash,False
49,young_professional,2026-03-26,Careem,Transport,19.88,Mobile Wallet,False
49,young_professional,2026-03-26,Walmart,Groceries,43.84,Credit Card,False
49,young_professional,2026-03-29,Landlord Transfer,Rent,688.27,Debit Card,False
49,young_professional,2026-03-30,Fresh Foods,Groceries,8.93,Cash,False
49,young_professional,2026-04-01,Starbucks,Dining,1.0,Credit Card,False
49,young_professional,2026-04-01,Starbucks,Dining,11.88,Cash,False
49,young_professional,2026-04-02,Local Cafe,Dining,23.0,Mobile Wallet,False
49,young_professional,2026-04-02,Electric Co,Utilities,40.76,Debit Card,False
49,young_professional,2026-04-03,Local Cafe,Dining,16.96,Mobile Wallet,False
49,young_professional,2026-04-03,McDonalds,Dining,1.0,Debit Card,False
49,young_professional,2026-04-04,Zara,Shopping,11.08,Debit Card,False
49,young_professional,2026-04-05,Metro Card,Transport,7.71,Cash,False
49,young_professional,2026-04-05,Carrefour,Groceries,69.17,Cash,False
49,young_professional,2026-04-05,Netflix,Entertainment,1.0,Cash,False
49,young_professional,2026-04-05,Shell Gas,Transport,1.85,Debit Card,False
49,young_professional,2026-04-06,Steam,Entertainment,11.58,Cash,False
49,young_professional,2026-04-07,Landlord Transfer,Rent,649.46,Mobile Wallet,False
49,young_professional,2026-04-07,Internet ISP,Utilities,52.81,Cash,False
49,young_professional,2026-04-07,Netflix,Entertainment,5.35,Debit Card,False
49,young_professional,2026-04-08,Local Cafe,Dining,29.34,Cash,False
49,young_professional,2026-04-08,Spotify,Entertainment,25.11,Credit Card,False
49,young_professional,2026-04-09,Landlord Transfer,Rent,505.14,Mobile Wallet,False
49,young_professional,2026-04-09,Local Cafe,Dining,6.76,Debit Card,False
49,young_professional,2026-04-09,Pizza Hut,Dining,12.27,Cash,False
49,young_professional,2026-04-10,Fresh Foods,Groceries,24.3,Mobile Wallet,False
49,young_professional,2026-04-10,Daraz,Shopping,42.75,Debit Card,False
49,young_professional,2026-04-12,Carrefour,Groceries,32.53,Debit Card,False
49,young_professional,2026-04-12,Steam,Entertainment,3.61,Credit Card,False
49,young_professional,2026-04-12,Fresh Foods,Groceries,35.27,Mobile Wallet,False
49,young_professional,2026-04-12,IKEA,Shopping,139.86,Mobile Wallet,False
49,young_professional,2026-04-14,Local Mart,Groceries,36.21,Credit Card,False
49,young_professional,2026-04-16,Careem,Transport,11.46,Cash,False
49,young_professional,2026-04-16,Pizza Hut,Dining,1.82,Mobile Wallet,False
49,young_professional,2026-04-17,Careem,Transport,15.25,Debit Card,False
49,young_professional,2026-04-20,Netflix,Entertainment,39.42,Cash,False
49,young_professional,2026-04-21,Water Board,Utilities,64.72,Mobile Wallet,False
49,young_professional,2026-04-21,Landlord Transfer,Rent,683.98,Debit Card,False
49,young_professional,2026-04-21,Landlord Transfer,Rent,451.8,Debit Card,False
49,young_professional,2026-04-23,Walmart,Groceries,41.17,Mobile Wallet,False
49,young_professional,2026-04-24,Local Cafe,Dining,25.65,Mobile Wallet,False
49,young_professional,2026-04-24,McDonalds,Dining,13.85,Mobile Wallet,False
49,young_professional,2026-04-26,IKEA,Shopping,22.0,Debit Card,False
49,young_professional,2026-04-26,Landlord Transfer,Rent,473.1,Cash,False
49,young_professional,2026-04-27,Local Cafe,Dining,23.13,Debit Card,False
49,young_professional,2026-04-29,Landlord Transfer,Rent,529.67,Debit Card,False
49,young_professional,2026-04-29,Local Mart,Groceries,22.64,Mobile Wallet,False
49,young_professional,2026-05-01,Landlord Transfer,Rent,490.26,Mobile Wallet,False
49,young_professional,2026-05-01,IKEA,Shopping,32.71,Mobile Wallet,False
49,young_professional,2026-05-01,AirBnB,Travel,172.46,Debit Card,False
49,young_professional,2026-05-02,Local Mart,Groceries,35.06,Mobile Wallet,False
49,young_professional,2026-05-05,McDonalds,Dining,9.88,Cash,False
49,young_professional,2026-05-05,Uber,Transport,13.08,Debit Card,False
49,young_professional,2026-05-05,Local Mart,Groceries,34.49,Debit Card,False
49,young_professional,2026-05-06,McDonalds,Dining,9.11,Cash,False
49,young_professional,2026-05-06,Daraz,Shopping,123.61,Credit Card,False
49,young_professional,2026-05-07,Shell Gas,Transport,9.1,Debit Card,False
49,young_professional,2026-05-07,Starbucks,Dining,17.02,Credit Card,False
49,young_professional,2026-05-09,Water Board,Utilities,51.48,Debit Card,False
49,young_professional,2026-05-09,Local Cafe,Dining,27.02,Credit Card,False
49,young_professional,2026-05-12,Electric Co,Utilities,84.55,Credit Card,False
49,young_professional,2026-05-12,Uber,Transport,12.29,Cash,False
49,young_professional,2026-05-12,Local Mart,Groceries,28.76,Credit Card,False
49,young_professional,2026-05-12,Fresh Foods,Groceries,1.22,Mobile Wallet,False
49,young_professional,2026-05-13,Carrefour,Groceries,66.26,Credit Card,False
49,young_professional,2026-05-14,Zara,Shopping,16.84,Debit Card,False
49,young_professional,2026-05-14,McDonalds,Dining,1.24,Cash,False
49,young_professional,2026-05-15,McDonalds,Dining,17.41,Debit Card,False
49,young_professional,2026-05-15,Zara,Shopping,61.23,Credit Card,False
49,young_professional,2026-05-17,McDonalds,Dining,1.0,Debit Card,False
49,young_professional,2026-05-17,Gas Company,Utilities,82.57,Cash,False
49,young_professional,2026-05-20,Daraz,Shopping,64.07,Mobile Wallet,False
49,young_professional,2026-05-20,Starbucks,Dining,32.45,Credit Card,False
49,young_professional,2026-05-22,Metro Card,Transport,20.26,Cash,False
49,young_professional,2026-05-23,Local Cafe,Dining,23.94,Cash,False
49,young_professional,2026-05-23,Carrefour,Groceries,32.74,Debit Card,False
49,young_professional,2026-05-23,Local Mart,Groceries,40.87,Credit Card,False
49,young_professional,2026-05-23,Zara,Shopping,91.05,Debit Card,False
49,young_professional,2026-05-25,Amazon,Shopping,72.3,Debit Card,False
49,young_professional,2026-05-25,Careem,Transport,10.95,Cash,False
49,young_professional,2026-05-26,Starbucks,Dining,22.16,Credit Card,False
49,young_professional,2026-05-26,Local Cafe,Dining,3.24,Mobile Wallet,False
49,young_professional,2026-05-27,Hotel Booking,Travel,228.85,Credit Card,False
49,young_professional,2026-05-27,Landlord Transfer,Rent,339.96,Mobile Wallet,False
49,young_professional,2026-05-27,Water Board,Utilities,29.76,Credit Card,False
49,young_professional,2026-05-29,Internet ISP,Utilities,84.05,Mobile Wallet,False
49,young_professional,2026-05-29,Careem,Transport,3.08,Credit Card,False
49,young_professional,2026-05-29,Airline Co,Travel,372.07,Mobile Wallet,False
49,young_professional,2026-05-30,Internet ISP,Utilities,43.7,Debit Card,False
49,young_professional,2026-05-30,McDonalds,Dining,31.37,Mobile Wallet,False
49,young_professional,2026-06-02,Local Cafe,Dining,31.24,Mobile Wallet,False
49,young_professional,2026-06-04,McDonalds,Dining,23.89,Mobile Wallet,False
49,young_professional,2026-06-04,Pizza Hut,Dining,24.61,Mobile Wallet,False
49,young_professional,2026-06-05,Careem,Transport,4.14,Cash,False
49,young_professional,2026-06-06,Landlord Transfer,Rent,548.82,Cash,False
49,young_professional,2026-06-07,Careem,Transport,12.96,Cash,False
49,young_professional,2026-06-07,IKEA,Shopping,1.0,Cash,False
49,young_professional,2026-06-08,Amazon,Shopping,23.17,Debit Card,False
49,young_professional,2026-06-13,Local Mart,Groceries,32.62,Debit Card,False
49,young_professional,2026-06-15,McDonalds,Dining,10.49,Debit Card,False
49,young_professional,2026-06-16,Local Cafe,Dining,20.68,Cash,False
49,young_professional,2026-06-18,Local Cafe,Dining,8.13,Credit Card,False
49,young_professional,2026-06-20,Amazon,Shopping,19.13,Credit Card,False
49,young_professional,2026-06-20,Gas Company,Utilities,32.49,Mobile Wallet,False
49,young_professional,2026-06-20,Landlord Transfer,Rent,494.88,Debit Card,False
49,young_professional,2026-06-21,Starbucks,Dining,21.05,Credit Card,False
49,young_professional,2026-06-21,Steam,Entertainment,1.0,Cash,False
49,young_professional,2026-06-22,Landlord Transfer,Rent,510.48,Debit Card,False
49,young_professional,2026-06-24,Metro Card,Transport,18.73,Credit Card,False
49,young_professional,2026-06-25,Landlord Transfer,Rent,465.92,Credit Card,False
49,young_professional,2026-06-26,Spotify,Entertainment,13.73,Cash,False
49,young_professional,2026-06-26,McDonalds,Dining,32.73,Debit Card,False
49,young_professional,2026-06-26,Metro Card,Transport,17.47,Debit Card,False
49,young_professional,2026-06-26,Daraz,Shopping,27.88,Mobile Wallet,False
49,young_professional,2026-06-27,McDonalds,Dining,1.2,Debit Card,False
49,young_professional,2026-06-27,Pizza Hut,Dining,28.79,Debit Card,False
49,young_professional,2026-06-28,Internet ISP,Utilities,98.87,Cash,False
49,young_professional,2026-06-28,Pizza Hut,Dining,30.39,Mobile Wallet,False
49,young_professional,2026-06-28,Local Mart,Groceries,37.43,Credit Card,False
49,young_professional,2026-06-29,Pizza Hut,Dining,9.78,Mobile Wallet,False
49,young_professional,2026-06-30,IKEA,Shopping,27.15,Credit Card,False
49,young_professional,2026-07-01,Landlord Transfer,Rent,540.22,Mobile Wallet,False
49,young_professional,2026-07-01,Carrefour,Groceries,56.53,Debit Card,False
49,young_professional,2026-07-05,Cinema,Entertainment,8.34,Credit Card,False
49,young_professional,2026-07-07,Walmart,Groceries,47.48,Mobile Wallet,False
49,young_professional,2026-07-08,Metro Card,Transport,9.56,Cash,False
49,young_professional,2026-07-09,Walmart,Groceries,20.16,Credit Card,False
49,young_professional,2026-07-14,Landlord Transfer,Rent,456.63,Credit Card,False
49,young_professional,2026-07-15,Local Mart,Groceries,51.67,Credit Card,False
49,young_professional,2026-07-15,IKEA,Shopping,1.0,Debit Card,False
49,young_professional,2026-07-15,Spotify,Entertainment,17.81,Cash,False
49,young_professional,2026-07-15,Amazon,Shopping,32.65,Cash,False
49,young_professional,2026-07-15,Landlord Transfer,Rent,670.6,Mobile Wallet,False
49,young_professional,2026-07-16,Careem,Transport,8.08,Cash,False
49,young_professional,2026-07-16,Walmart,Groceries,50.63,Credit Card,False
49,young_professional,2026-07-16,AirBnB,Travel,107.87,Cash,False
49,young_professional,2026-07-17,Amazon,Shopping,122.35,Cash,False
49,young_professional,2026-07-17,Pizza Hut,Dining,142.23,Credit Card,True
49,young_professional,2026-07-18,Electric Co,Utilities,82.13,Cash,False
49,young_professional,2026-07-18,Hotel Booking,Travel,358.1,Cash,False
49,young_professional,2026-07-18,Zara,Shopping,1.0,Mobile Wallet,False
49,young_professional,2026-07-19,Pizza Hut,Dining,19.65,Debit Card,False
49,young_professional,2026-07-20,McDonalds,Dining,11.52,Mobile Wallet,False
49,young_professional,2026-07-21,Landlord Transfer,Rent,547.36,Mobile Wallet,False
49,young_professional,2026-07-23,Landlord Transfer,Rent,657.57,Credit Card,False
49,young_professional,2026-07-23,McDonalds,Dining,35.74,Cash,False
49,young_professional,2026-07-25,Uber,Transport,6.36,Debit Card,False
49,young_professional,2026-07-25,Landlord Transfer,Rent,618.8,Cash,False
49,young_professional,2026-07-26,Shell Gas,Transport,14.83,Cash,False
49,young_professional,2026-07-27,Uber,Transport,6.25,Cash,False
49,young_professional,2026-07-27,Walmart,Groceries,44.93,Debit Card,False
49,young_professional,2026-07-27,AirBnB,Travel,261.42,Debit Card,False
49,young_professional,2026-07-28,Starbucks,Dining,9.23,Credit Card,False
49,young_professional,2026-07-28,Landlord Transfer,Rent,543.68,Debit Card,False
49,young_professional,2026-07-29,Local Cafe,Dining,18.2,Mobile Wallet,False
49,young_professional,2026-07-29,Water Board,Utilities,53.21,Credit Card,False
49,young_professional,2026-07-29,Daraz,Shopping,1.0,Cash,False
49,young_professional,2026-07-30,Local Cafe,Dining,4.89,Cash,False
49,young_professional,2026-07-31,Amazon,Shopping,11.15,Mobile Wallet,False
49,young_professional,2026-08-01,Landlord Transfer,Rent,510.09,Debit Card,False
49,young_professional,2026-08-02,Metro Card,Transport,8.45,Cash,False
49,young_professional,2026-08-02,Landlord Transfer,Rent,556.72,Cash,False
49,young_professional,2026-08-02,Landlord Transfer,Rent,343.56,Mobile Wallet,False
49,young_professional,2026-08-04,Landlord Transfer,Rent,489.17,Mobile Wallet,False
49,young_professional,2026-08-04,Water Board,Utilities,36.56,Debit Card,False
49,young_professional,2026-08-05,Water Board,Utilities,75.58,Cash,False
49,young_professional,2026-08-09,Fresh Foods,Groceries,25.97,Debit Card,False
49,young_professional,2026-08-09,Spotify,Entertainment,11.23,Credit Card,False
49,young_professional,2026-08-09,Careem,Transport,8.69,Mobile Wallet,False
49,young_professional,2026-08-10,Shell Gas,Transport,11.7,Cash,False
49,young_professional,2026-08-10,Walmart,Groceries,28.64,Credit Card,False
49,young_professional,2026-08-11,Gas Company,Utilities,80.58,Mobile Wallet,False
49,young_professional,2026-08-11,Pharmacy,Healthcare,53.39,Mobile Wallet,False
49,young_professional,2026-08-12,Uber,Transport,14.22,Debit Card,False
49,young_professional,2026-08-12,McDonalds,Dining,27.24,Credit Card,False
49,young_professional,2026-08-14,Amazon,Shopping,47.69,Cash,False
49,young_professional,2026-08-14,Carrefour,Groceries,34.48,Credit Card,False
49,young_professional,2026-08-15,Uber,Transport,28.31,Debit Card,False
49,young_professional,2026-08-17,Careem,Transport,1.0,Mobile Wallet,False
49,young_professional,2026-08-17,Local Cafe,Dining,1.0,Credit Card,False
49,young_professional,2026-08-20,Landlord Transfer,Rent,524.55,Cash,False
49,young_professional,2026-08-21,Pizza Hut,Dining,19.58,Cash,False
49,young_professional,2026-08-21,AirBnB,Travel,55.71,Credit Card,False
49,young_professional,2026-08-21,Landlord Transfer,Rent,564.86,Debit Card,False
49,young_professional,2026-08-21,Metro Card,Transport,4.11,Debit Card,False
49,young_professional,2026-08-21,Careem,Transport,1.0,Credit Card,False
49,young_professional,2026-08-22,Netflix,Entertainment,12.17,Mobile Wallet,False
49,young_professional,2026-08-22,McDonalds,Dining,25.62,Cash,False
49,young_professional,2026-08-23,Landlord Transfer,Rent,626.07,Debit Card,False
49,young_professional,2026-08-25,Spotify,Entertainment,75.82,Debit Card,True
49,young_professional,2026-08-26,Fresh Foods,Groceries,66.34,Credit Card,False
49,young_professional,2026-08-26,IKEA,Shopping,104.1,Mobile Wallet,False
49,young_professional,2026-08-26,Zara,Shopping,10.23,Cash,False
49,young_professional,2026-08-28,Landlord Transfer,Rent,464.99,Cash,False
49,young_professional,2026-08-28,Hotel Booking,Travel,21.99,Credit Card,False
49,young_professional,2026-08-29,Careem,Transport,14.79,Debit Card,False
49,young_professional,2026-08-29,McDonalds,Dining,21.05,Mobile Wallet,False
49,young_professional,2026-08-30,Electric Co,Utilities,73.47,Cash,False
49,young_professional,2026-08-30,Landlord Transfer,Rent,732.63,Credit Card,False
49,young_professional,2026-08-30,Pizza Hut,Dining,25.73,Debit Card,False
49,young_professional,2026-08-30,Pizza Hut,Dining,16.85,Mobile Wallet,False
49,young_professional,2026-09-01,Metro Card,Transport,12.86,Mobile Wallet,False
50,high_earner,2026-03-08,Daraz,Shopping,103.01,Mobile Wallet,False
50,high_earner,2026-03-08,Airline Co,Travel,629.56,Debit Card,False
50,high_earner,2026-03-09,Local Mart,Groceries,66.19,Mobile Wallet,False
50,high_earner,2026-03-10,Netflix,Entertainment,6.25,Cash,False
50,high_earner,2026-03-10,Daraz,Shopping,113.11,Credit Card,False
50,high_earner,2026-03-10,Airline Co,Travel,299.5,Mobile Wallet,False
50,high_earner,2026-03-12,Netflix,Entertainment,12.22,Cash,False
50,high_earner,2026-03-19,Amazon,Shopping,37.64,Debit Card,False
50,high_earner,2026-03-20,Zara,Shopping,61.68,Mobile Wallet,False
50,high_earner,2026-03-20,AirBnB,Travel,219.83,Mobile Wallet,False
50,high_earner,2026-03-21,Amazon,Shopping,52.01,Debit Card,False
50,high_earner,2026-03-22,Hotel Booking,Travel,36.41,Mobile Wallet,False
50,high_earner,2026-03-23,McDonalds,Dining,31.14,Cash,False
50,high_earner,2026-03-25,Electric Co,Utilities,62.3,Mobile Wallet,False
50,high_earner,2026-03-25,Clinic,Healthcare,1.0,Credit Card,False
50,high_earner,2026-03-26,IKEA,Shopping,58.08,Mobile Wallet,False
50,high_earner,2026-03-27,Landlord Transfer,Rent,473.82,Mobile Wallet,False
50,high_earner,2026-03-28,McDonalds,Dining,17.73,Cash,False
50,high_earner,2026-03-29,Netflix,Entertainment,27.5,Debit Card,False
50,high_earner,2026-03-29,AirBnB,Travel,196.1,Credit Card,False
50,high_earner,2026-03-30,AirBnB,Travel,372.52,Mobile Wallet,False
50,high_earner,2026-03-30,Pizza Hut,Dining,6.95,Credit Card,False
50,high_earner,2026-03-30,Netflix,Entertainment,2.51,Credit Card,False
50,high_earner,2026-03-31,Airline Co,Travel,1.0,Credit Card,False
50,high_earner,2026-03-31,Amazon,Shopping,54.53,Debit Card,False
50,high_earner,2026-03-31,Airline Co,Travel,204.7,Debit Card,False
50,high_earner,2026-04-01,AirBnB,Travel,411.48,Credit Card,False
50,high_earner,2026-04-02,Airline Co,Travel,245.88,Cash,False
50,high_earner,2026-04-03,Airline Co,Travel,1.0,Credit Card,False
50,high_earner,2026-04-05,AirBnB,Travel,206.74,Cash,False
50,high_earner,2026-04-05,Landlord Transfer,Rent,436.16,Debit Card,False
50,high_earner,2026-04-05,Starbucks,Dining,15.61,Mobile Wallet,False
50,high_earner,2026-04-06,Pizza Hut,Dining,13.53,Mobile Wallet,False
50,high_earner,2026-04-06,Cinema,Entertainment,22.73,Debit Card,False
50,high_earner,2026-04-08,Netflix,Entertainment,21.71,Debit Card,False
50,high_earner,2026-04-08,Steam,Entertainment,24.66,Credit Card,False
50,high_earner,2026-04-08,Amazon,Shopping,9.05,Mobile Wallet,False
50,high_earner,2026-04-09,Airline Co,Travel,9.03,Debit Card,False
50,high_earner,2026-04-09,IKEA,Shopping,87.76,Cash,False
50,high_earner,2026-04-10,Gas Company,Utilities,32.9,Cash,False
50,high_earner,2026-04-10,Local Mart,Groceries,47.87,Cash,False
50,high_earner,2026-04-12,Zara,Shopping,41.29,Debit Card,False
50,high_earner,2026-04-13,Amazon,Shopping,68.9,Cash,False
50,high_earner,2026-04-14,Cinema,Entertainment,17.56,Cash,False
50,high_earner,2026-04-15,AirBnB,Travel,239.43,Cash,False
50,high_earner,2026-04-15,Hotel Booking,Travel,241.54,Debit Card,False
50,high_earner,2026-04-16,AirBnB,Travel,233.41,Credit Card,False
50,high_earner,2026-04-16,Amazon,Shopping,72.61,Credit Card,False
50,high_earner,2026-04-18,McDonalds,Dining,12.67,Mobile Wallet,False
50,high_earner,2026-04-18,Landlord Transfer,Rent,589.59,Cash,False
50,high_earner,2026-04-19,Starbucks,Dining,15.86,Cash,False
50,high_earner,2026-04-19,Hotel Booking,Travel,425.58,Cash,False
50,high_earner,2026-04-19,Steam,Entertainment,5.25,Mobile Wallet,False
50,high_earner,2026-04-22,Airline Co,Travel,193.42,Debit Card,False
50,high_earner,2026-04-22,Zara,Shopping,134.29,Debit Card,False
50,high_earner,2026-04-23,Amazon,Shopping,72.5,Mobile Wallet,False
50,high_earner,2026-04-24,AirBnB,Travel,128.62,Mobile Wallet,False
50,high_earner,2026-04-24,Airline Co,Travel,315.52,Cash,False
50,high_earner,2026-04-25,Local Cafe,Dining,23.59,Mobile Wallet,False
50,high_earner,2026-04-27,Landlord Transfer,Rent,587.58,Debit Card,False
50,high_earner,2026-04-27,Hotel Booking,Travel,355.05,Credit Card,False
50,high_earner,2026-04-28,Landlord Transfer,Rent,526.01,Debit Card,False
50,high_earner,2026-04-29,Pizza Hut,Dining,26.6,Mobile Wallet,False
50,high_earner,2026-04-30,Airline Co,Travel,305.56,Mobile Wallet,False
50,high_earner,2026-05-01,Landlord Transfer,Rent,462.18,Cash,False
50,high_earner,2026-05-02,Local Cafe,Dining,5.09,Debit Card,False
50,high_earner,2026-05-02,Steam,Entertainment,12.49,Mobile Wallet,False
50,high_earner,2026-05-02,Landlord Transfer,Rent,524.47,Debit Card,False
50,high_earner,2026-05-03,Airline Co,Travel,1.0,Cash,False
50,high_earner,2026-05-03,McDonalds,Dining,15.28,Cash,False
50,high_earner,2026-05-03,Zara,Shopping,90.38,Credit Card,False
50,high_earner,2026-05-04,Airline Co,Travel,63.02,Cash,False
50,high_earner,2026-05-05,Daraz,Shopping,99.09,Credit Card,False
50,high_earner,2026-05-05,Landlord Transfer,Rent,307.51,Mobile Wallet,False
50,high_earner,2026-05-05,Starbucks,Dining,7.28,Credit Card,False
50,high_earner,2026-05-05,Landlord Transfer,Rent,423.39,Mobile Wallet,False
50,high_earner,2026-05-07,Amazon,Shopping,109.65,Cash,False
50,high_earner,2026-05-07,Fresh Foods,Groceries,24.45,Credit Card,False
50,high_earner,2026-05-08,Internet ISP,Utilities,92.59,Mobile Wallet,False
50,high_earner,2026-05-08,Landlord Transfer,Rent,569.29,Cash,False
50,high_earner,2026-05-09,Airline Co,Travel,87.91,Debit Card,False
50,high_earner,2026-05-09,Zara,Shopping,12.04,Cash,False
50,high_earner,2026-05-10,Walmart,Groceries,25.16,Debit Card,False
50,high_earner,2026-05-12,Spotify,Entertainment,19.72,Cash,False
50,high_earner,2026-05-14,Pizza Hut,Dining,5.54,Mobile Wallet,False
50,high_earner,2026-05-14,AirBnB,Travel,52.6,Cash,False
50,high_earner,2026-05-16,Walmart,Groceries,24.55,Mobile Wallet,False
50,high_earner,2026-05-16,Internet ISP,Utilities,55.81,Cash,False
50,high_earner,2026-05-17,Clinic,Healthcare,57.97,Credit Card,False
50,high_earner,2026-05-17,Zara,Shopping,1.0,Mobile Wallet,False
50,high_earner,2026-05-18,Walmart,Groceries,50.5,Cash,False
50,high_earner,2026-05-19,Local Cafe,Dining,17.64,Credit Card,False
50,high_earner,2026-05-19,Walmart,Groceries,29.46,Mobile Wallet,False
50,high_earner,2026-05-19,Hotel Booking,Travel,328.19,Cash,False
50,high_earner,2026-05-20,Landlord Transfer,Rent,528.15,Debit Card,False
50,high_earner,2026-05-20,Steam,Entertainment,14.39,Cash,False
50,high_earner,2026-05-21,Hotel Booking,Travel,207.54,Credit Card,False
50,high_earner,2026-05-21,AirBnB,Travel,1094.42,Cash,True
50,high_earner,2026-05-22,AirBnB,Travel,126.91,Mobile Wallet,False
50,high_earner,2026-05-25,Pizza Hut,Dining,22.05,Mobile Wallet,False
50,high_earner,2026-05-25,Hotel Booking,Travel,250.61,Credit Card,False
50,high_earner,2026-05-27,Cinema,Entertainment,15.38,Mobile Wallet,False
50,high_earner,2026-05-28,Landlord Transfer,Rent,507.62,Debit Card,False
50,high_earner,2026-06-01,Daraz,Shopping,89.65,Mobile Wallet,False
50,high_earner,2026-06-01,Landlord Transfer,Rent,514.43,Credit Card,False
50,high_earner,2026-06-01,AirBnB,Travel,218.73,Cash,False
50,high_earner,2026-06-01,Daraz,Shopping,64.84,Credit Card,False
50,high_earner,2026-06-02,AirBnB,Travel,399.08,Credit Card,False
50,high_earner,2026-06-04,Clinic,Healthcare,57.39,Debit Card,False
50,high_earner,2026-06-04,Netflix,Entertainment,6.84,Cash,False
50,high_earner,2026-06-05,Hotel Booking,Travel,271.71,Mobile Wallet,False
50,high_earner,2026-06-05,Daraz,Shopping,1.0,Debit Card,False
50,high_earner,2026-06-05,Landlord Transfer,Rent,328.67,Debit Card,False
50,high_earner,2026-06-05,Steam,Entertainment,14.11,Debit Card,False
50,high_earner,2026-06-06,Carrefour,Groceries,21.76,Debit Card,False
50,high_earner,2026-06-07,Steam,Entertainment,21.58,Cash,False
50,high_earner,2026-06-11,Local Mart,Groceries,65.14,Credit Card,False
50,high_earner,2026-06-13,Water Board,Utilities,58.83,Debit Card,False
50,high_earner,2026-06-13,Internet ISP,Utilities,60.82,Debit Card,False
50,high_earner,2026-06-13,Daraz,Shopping,60.69,Mobile Wallet,False
50,high_earner,2026-06-14,Hotel Booking,Travel,125.1,Mobile Wallet,False
50,high_earner,2026-06-14,Landlord Transfer,Rent,281.5,Cash,False
50,high_earner,2026-06-14,Carrefour,Groceries,61.76,Mobile Wallet,False
50,high_earner,2026-06-16,Hotel Booking,Travel,268.2,Debit Card,False
50,high_earner,2026-06-17,Water Board,Utilities,67.7,Debit Card,False
50,high_earner,2026-06-20,Zara,Shopping,69.25,Debit Card,False
50,high_earner,2026-06-20,Netflix,Entertainment,4.24,Debit Card,False
50,high_earner,2026-06-21,Starbucks,Dining,26.03,Debit Card,False
50,high_earner,2026-06-21,Landlord Transfer,Rent,554.06,Credit Card,False
50,high_earner,2026-06-23,Hotel Booking,Travel,152.34,Credit Card,False
50,high_earner,2026-06-26,Airline Co,Travel,146.58,Mobile Wallet,False
50,high_earner,2026-06-26,AirBnB,Travel,279.17,Debit Card,False
50,high_earner,2026-06-26,Daraz,Shopping,69.46,Debit Card,False
50,high_earner,2026-06-27,Landlord Transfer,Rent,555.96,Cash,False
50,high_earner,2026-06-28,Landlord Transfer,Rent,598.83,Debit Card,False
50,high_earner,2026-06-29,Local Mart,Groceries,19.71,Mobile Wallet,False
50,high_earner,2026-06-29,AirBnB,Travel,276.89,Credit Card,False
50,high_earner,2026-06-30,AirBnB,Travel,166.33,Debit Card,False
50,high_earner,2026-06-30,AirBnB,Travel,1.0,Credit Card,False
50,high_earner,2026-07-01,IKEA,Shopping,104.88,Cash,False
50,high_earner,2026-07-01,Hotel Booking,Travel,67.73,Credit Card,False
50,high_earner,2026-07-02,Local Mart,Groceries,44.4,Cash,False
50,high_earner,2026-07-02,AirBnB,Travel,508.71,Cash,False
50,high_earner,2026-07-02,Starbucks,Dining,1.0,Mobile Wallet,False
50,high_earner,2026-07-02,Amazon,Shopping,8.52,Mobile Wallet,False
50,high_earner,2026-07-03,Hotel Booking,Travel,310.72,Mobile Wallet,False
50,high_earner,2026-07-03,Walmart,Groceries,59.06,Debit Card,False
50,high_earner,2026-07-04,AirBnB,Travel,362.88,Debit Card,False
50,high_earner,2026-07-05,Electric Co,Utilities,54.61,Credit Card,False
50,high_earner,2026-07-06,Electric Co,Utilities,63.78,Mobile Wallet,False
50,high_earner,2026-07-06,Landlord Transfer,Rent,732.92,Debit Card,False
50,high_earner,2026-07-07,Spotify,Entertainment,1.9,Debit Card,False
50,high_earner,2026-07-07,Landlord Transfer,Rent,457.09,Mobile Wallet,False
50,high_earner,2026-07-09,Starbucks,Dining,21.57,Debit Card,False
50,high_earner,2026-07-12,Local Cafe,Dining,24.58,Mobile Wallet,False
50,high_earner,2026-07-13,Landlord Transfer,Rent,449.36,Mobile Wallet,False
50,high_earner,2026-07-13,Starbucks,Dining,50.23,Debit Card,False
50,high_earner,2026-07-13,Landlord Transfer,Rent,481.82,Mobile Wallet,False
50,high_earner,2026-07-15,AirBnB,Travel,116.7,Credit Card,False
50,high_earner,2026-07-15,IKEA,Shopping,59.5,Mobile Wallet,False
50,high_earner,2026-07-16,Zara,Shopping,60.38,Mobile Wallet,False
50,high_earner,2026-07-18,Landlord Transfer,Rent,650.23,Mobile Wallet,False
50,high_earner,2026-07-19,Netflix,Entertainment,12.52,Debit Card,False
50,high_earner,2026-07-20,Zara,Shopping,35.27,Credit Card,False
50,high_earner,2026-07-21,Starbucks,Dining,18.51,Mobile Wallet,False
50,high_earner,2026-07-23,Walmart,Groceries,65.69,Cash,False
50,high_earner,2026-07-26,Pizza Hut,Dining,8.09,Debit Card,False
50,high_earner,2026-07-27,Zara,Shopping,24.4,Debit Card,False
50,high_earner,2026-07-27,Internet ISP,Utilities,93.66,Credit Card,False
50,high_earner,2026-07-27,AirBnB,Travel,309.17,Credit Card,False
50,high_earner,2026-07-29,Dental Care,Healthcare,58.46,Cash,False
50,high_earner,2026-07-29,Amazon,Shopping,99.24,Debit Card,False
50,high_earner,2026-07-31,Gas Company,Utilities,40.81,Cash,False
50,high_earner,2026-07-31,Landlord Transfer,Rent,559.0,Mobile Wallet,False
50,high_earner,2026-07-31,Local Cafe,Dining,21.2,Cash,False
50,high_earner,2026-07-31,Starbucks,Dining,31.22,Mobile Wallet,False
50,high_earner,2026-08-01,Local Cafe,Dining,17.1,Mobile Wallet,False
50,high_earner,2026-08-02,Landlord Transfer,Rent,533.18,Cash,False
50,high_earner,2026-08-02,AirBnB,Travel,226.66,Credit Card,False
50,high_earner,2026-08-02,IKEA,Shopping,14.84,Debit Card,False
50,high_earner,2026-08-03,Amazon,Shopping,73.21,Credit Card,False
50,high_earner,2026-08-04,Starbucks,Dining,17.83,Mobile Wallet,False
50,high_earner,2026-08-04,Starbucks,Dining,5.87,Cash,False
50,high_earner,2026-08-04,Landlord Transfer,Rent,522.33,Cash,False
50,high_earner,2026-08-05,IKEA,Shopping,54.36,Credit Card,False
50,high_earner,2026-08-05,Local Mart,Groceries,76.96,Mobile Wallet,False
50,high_earner,2026-08-05,Hotel Booking,Travel,283.36,Cash,False
50,high_earner,2026-08-06,Steam,Entertainment,16.38,Debit Card,False
50,high_earner,2026-08-06,Walmart,Groceries,33.2,Debit Card,False
50,high_earner,2026-08-08,IKEA,Shopping,54.38,Cash,False
50,high_earner,2026-08-09,McDonalds,Dining,23.22,Cash,False
50,high_earner,2026-08-09,Fresh Foods,Groceries,46.35,Credit Card,False
50,high_earner,2026-08-10,Pizza Hut,Dining,19.21,Cash,False
50,high_earner,2026-08-12,McDonalds,Dining,31.74,Cash,False
50,high_earner,2026-08-12,Landlord Transfer,Rent,512.76,Debit Card,False
50,high_earner,2026-08-13,Steam,Entertainment,15.84,Mobile Wallet,False
50,high_earner,2026-08-14,Zara,Shopping,151.8,Debit Card,False
50,high_earner,2026-08-18,Airline Co,Travel,390.41,Debit Card,False
50,high_earner,2026-08-19,AirBnB,Travel,204.51,Debit Card,False
50,high_earner,2026-08-19,AirBnB,Travel,467.42,Cash,False
50,high_earner,2026-08-20,Dental Care,Healthcare,9.87,Credit Card,False
50,high_earner,2026-08-20,Airline Co,Travel,227.98,Credit Card,False
50,high_earner,2026-08-21,Airline Co,Travel,366.38,Credit Card,False
50,high_earner,2026-08-22,Walmart,Groceries,29.16,Cash,False
50,high_earner,2026-08-24,Local Mart,Groceries,35.86,Cash,False
50,high_earner,2026-08-25,Airline Co,Travel,374.43,Cash,False
50,high_earner,2026-08-26,Amazon,Shopping,113.63,Credit Card,False
50,high_earner,2026-08-27,AirBnB,Travel,387.17,Credit Card,False
50,high_earner,2026-08-28,Landlord Transfer,Rent,324.65,Mobile Wallet,False
50,high_earner,2026-08-29,Local Cafe,Dining,9.62,Debit Card,False
50,high_earner,2026-08-30,Daraz,Shopping,121.28,Debit Card,False
50,high_earner,2026-08-30,Zara,Shopping,34.87,Mobile Wallet,False
50,high_earner,2026-08-31,Pizza Hut,Dining,18.1,Debit Card,False
50,high_earner,2026-09-01,Daraz,Shopping,120.57,Cash,False
50,high_earner,2026-09-01,Landlord Transfer,Rent,441.64,Mobile Wallet,False
